[0m17:41:17.416650 [debug] [MainThread]: Sending event: {'category': 'dbt', 'action': 'invocation', 'label': 'start', 'context': [<snowplow_tracker.self_describing_json.SelfDescribingJson object at 0x000001C79F8FFA10>, <snowplow_tracker.self_describing_json.SelfDescribingJson object at 0x000001C79D23D090>, <snowplow_tracker.self_describing_json.SelfDescribingJson object at 0x000001C7A22339D0>]}


============================== 17:41:17.441712 | a692a44c-f33f-4cbd-a370-f284571417f7 ==============================
[0m17:41:17.441712 [info ] [MainThread]: Running with dbt=1.12.0-b3
[0m17:41:17.442668 [debug] [MainThread]: running dbt with arguments {'static_parser': 'True', 'no_print': 'None', 'version_check': 'True', 'target_path': 'None', 'warn_error_options': 'WarnErrorOptionsV2(error=[], warn=[], silence=[])', 'maximum_seed_size_mib': '1', 'printer_width': '80', 'write_json': 'True', 'empty': 'False', 'log_cache_events': 'False', 'introspect': 'True', 'cache_selected_only': 'False', 'log_format': 'default', 'debug': 'False', 'fail_fast': 'False', 'profiles_dir': 'C:\\Users\\User\\.dbt', 'send_anonymous_usage_stats': 'True', 'quiet': 'False', 'warn_error': 'None', 'partial_parse': 'True', 'use_colors': 'True', 'indirect_selection': 'eager', 'invocation_command': 'dbt run', 'use_experimental_parser': 'False', 'log_path': 'C:\\Users\\User\\Downloads\\dbt_insurance_demo\\logs'}
[0m17:41:23.580196 [debug] [MainThread]: Sending event: {'category': 'dbt', 'action': 'project_id', 'label': 'a692a44c-f33f-4cbd-a370-f284571417f7', 'context': [<snowplow_tracker.self_describing_json.SelfDescribingJson object at 0x000001C7A21CE2C0>]}
[0m17:41:23.628585 [debug] [MainThread]: Sending event: {'category': 'dbt', 'action': 'adapter_info', 'label': 'a692a44c-f33f-4cbd-a370-f284571417f7', 'context': [<snowplow_tracker.self_describing_json.SelfDescribingJson object at 0x000001C7A1FEBBD0>]}
[0m17:41:23.629646 [info ] [MainThread]: Registered adapter: postgres=1.10.2
[0m17:41:23.806065 [debug] [MainThread]: checksum: f835d38e27f2c851a434d54286ec57eea49b211f2d0074fee97ef59e7c153b04, vars: {}, profile: insurance_profile, target: dev, version: 1.12.0b3
[0m17:41:23.807059 [info ] [MainThread]: Unable to do partial parsing because saved manifest not found. Starting full parse.
[0m17:41:23.807579 [debug] [MainThread]: Sending event: {'category': 'dbt', 'action': 'partial_parser', 'label': 'a692a44c-f33f-4cbd-a370-f284571417f7', 'context': [<snowplow_tracker.self_describing_json.SelfDescribingJson object at 0x000001C7A2429150>]}
[0m17:41:24.694605 [warn ] [MainThread]: [[33mWARNING[0m][MissingArgumentsPropertyInGenericTestDeprecation]: Deprecated
functionality
Found top-level arguments to test `relationships` defined on 'stg_policies' in
package 'insurance_demo' (models\marts\schema.yml). Arguments to generic tests
should be nested under the `arguments` property.
[0m17:41:24.695271 [debug] [MainThread]: Sending event: {'category': 'dbt', 'action': 'deprecation', 'label': 'a692a44c-f33f-4cbd-a370-f284571417f7', 'property_': 'warn', 'context': [<snowplow_tracker.self_describing_json.SelfDescribingJson object at 0x000001C7A45C25D0>]}
[0m17:41:24.874260 [debug] [MainThread]: Sending event: {'category': 'dbt', 'action': 'load_project', 'label': 'a692a44c-f33f-4cbd-a370-f284571417f7', 'context': [<snowplow_tracker.self_describing_json.SelfDescribingJson object at 0x000001C7A46FB690>]}
[0m17:41:24.940713 [debug] [MainThread]: Wrote artifact WritableManifest to C:\Users\User\Downloads\dbt_insurance_demo\target\manifest.json
[0m17:41:24.944286 [debug] [MainThread]: Wrote artifact SemanticManifest to C:\Users\User\Downloads\dbt_insurance_demo\target\semantic_manifest.json
[0m17:41:24.965091 [debug] [MainThread]: Wrote artifact OsiDocument to C:\Users\User\Downloads\dbt_insurance_demo\target\osi_document.json
[0m17:41:24.979582 [debug] [MainThread]: Sending event: {'category': 'dbt', 'action': 'resource_counts', 'label': 'a692a44c-f33f-4cbd-a370-f284571417f7', 'context': [<snowplow_tracker.self_describing_json.SelfDescribingJson object at 0x000001C7A4B3D090>]}
[0m17:41:24.980060 [info ] [MainThread]: Found 9 models, 10 data tests, 6 sources, 475 macros
[0m17:41:24.980563 [debug] [MainThread]: Sending event: {'category': 'dbt', 'action': 'runnable_timing', 'label': 'a692a44c-f33f-4cbd-a370-f284571417f7', 'context': [<snowplow_tracker.self_describing_json.SelfDescribingJson object at 0x000001C7A4AEFD10>]}
[0m17:41:24.982438 [info ] [MainThread]: 
[0m17:41:24.982787 [info ] [MainThread]: Concurrency: 4 threads (target='dev')
[0m17:41:24.983042 [info ] [MainThread]: 
[0m17:41:24.983408 [debug] [MainThread]: Acquiring new postgres connection 'master'
[0m17:41:24.986763 [debug] [ThreadPool]: Acquiring new postgres connection 'list_postgres'
[0m17:41:25.091996 [debug] [ThreadPool]: Using postgres connection "list_postgres"
[0m17:41:25.092308 [debug] [ThreadPool]: On list_postgres: /* {"app": "dbt", "dbt_version": "1.12.0b3", "profile_name": "insurance_profile", "target_name": "dev", "connection_name": "list_postgres"} */

    select distinct nspname from pg_namespace
  
[0m17:41:25.092519 [debug] [ThreadPool]: Opening a new connection, currently in state init
[0m17:41:25.289519 [debug] [ThreadPool]: Postgres adapter: Got a retryable error when attempting to open a postgres connection.
1 attempts remaining. Retrying in 0 seconds.
Error:
connection to server at "localhost" (::1), port 5432 failed: FATAL:  password authentication failed for user "your_postgres_username"

[0m17:41:25.362977 [debug] [ThreadPool]: Postgres adapter: Error running SQL: /* {"app": "dbt", "dbt_version": "1.12.0b3", "profile_name": "insurance_profile", "target_name": "dev", "connection_name": "list_postgres"} */

    select distinct nspname from pg_namespace
  
[0m17:41:25.363307 [debug] [ThreadPool]: Postgres adapter: Rolling back transaction.
[0m17:41:25.363577 [debug] [ThreadPool]: Postgres adapter: Error running SQL: macro list_schemas
[0m17:41:25.363765 [debug] [ThreadPool]: Postgres adapter: Rolling back transaction.
[0m17:41:25.363983 [debug] [ThreadPool]: On list_postgres: No close available on handle
[0m17:41:25.364753 [debug] [MainThread]: Connection 'master' was properly closed.
[0m17:41:25.365049 [debug] [MainThread]: Connection 'list_postgres' was properly closed.
[0m17:41:25.365298 [info ] [MainThread]: 
[0m17:41:25.365772 [info ] [MainThread]: Finished running  in 0 hours 0 minutes and 0.38 seconds (0.38s).
[0m17:41:25.366393 [error] [MainThread]: [[31mERROR[0m]: Encountered an error:
Database Error
  connection to server at "localhost" (::1), port 5432 failed: FATAL:  password authentication failed for user "your_postgres_username"
  
[0m17:41:25.366887 [warn ] [MainThread]: [[33mWARNING[0m][DeprecationsSummary]: Deprecated functionality
Summary of encountered deprecations:
- MissingArgumentsPropertyInGenericTestDeprecation: 3 occurrences
To see all deprecation instances instead of just the first occurrence of each,
run command again with the `--show-all-deprecations` flag. You may also need to
run with `--no-partial-parse` as some deprecations are only encountered during
parsing.
[0m17:41:25.367683 [debug] [MainThread]: Command `dbt run` failed at 17:41:25.367564 after 8.45 seconds
[0m17:41:25.368045 [debug] [MainThread]: Sending event: {'category': 'dbt', 'action': 'invocation', 'label': 'end', 'context': [<snowplow_tracker.self_describing_json.SelfDescribingJson object at 0x000001C7A4EF8C00>, <snowplow_tracker.self_describing_json.SelfDescribingJson object at 0x000001C7A4B7FB10>, <snowplow_tracker.self_describing_json.SelfDescribingJson object at 0x000001C7A4F262B0>]}
[0m17:41:25.368510 [debug] [MainThread]: Flushing usage events
[0m17:41:27.059853 [debug] [MainThread]: An error was encountered while trying to flush usage events
[0m17:46:51.267045 [debug] [MainThread]: Sending event: {'category': 'dbt', 'action': 'invocation', 'label': 'start', 'context': [<snowplow_tracker.self_describing_json.SelfDescribingJson object at 0x000001B67488FA10>, <snowplow_tracker.self_describing_json.SelfDescribingJson object at 0x000001B6721BCF50>, <snowplow_tracker.self_describing_json.SelfDescribingJson object at 0x000001B6771BB9D0>]}


============================== 17:46:51.273930 | fb323033-1f00-4d27-a2d4-45c719d20684 ==============================
[0m17:46:51.273930 [info ] [MainThread]: Running with dbt=1.12.0-b3
[0m17:46:51.274812 [debug] [MainThread]: running dbt with arguments {'version_check': 'True', 'no_print': 'None', 'static_parser': 'True', 'target_path': 'None', 'maximum_seed_size_mib': '1', 'warn_error_options': 'WarnErrorOptionsV2(error=[], warn=[], silence=[])', 'printer_width': '80', 'write_json': 'True', 'empty': 'False', 'log_cache_events': 'False', 'introspect': 'True', 'cache_selected_only': 'False', 'fail_fast': 'False', 'debug': 'False', 'log_format': 'default', 'profiles_dir': 'C:\\Users\\User\\.dbt', 'send_anonymous_usage_stats': 'True', 'quiet': 'False', 'warn_error': 'None', 'partial_parse': 'True', 'invocation_command': 'dbt run', 'use_colors': 'True', 'indirect_selection': 'eager', 'use_experimental_parser': 'False', 'log_path': 'C:\\Users\\User\\Downloads\\dbt_insurance_demo\\logs'}
[0m17:46:51.429988 [debug] [MainThread]: Sending event: {'category': 'dbt', 'action': 'project_id', 'label': 'fb323033-1f00-4d27-a2d4-45c719d20684', 'context': [<snowplow_tracker.self_describing_json.SelfDescribingJson object at 0x000001B67715DCD0>]}
[0m17:46:51.479449 [debug] [MainThread]: Sending event: {'category': 'dbt', 'action': 'adapter_info', 'label': 'fb323033-1f00-4d27-a2d4-45c719d20684', 'context': [<snowplow_tracker.self_describing_json.SelfDescribingJson object at 0x000001B676F7BBD0>]}
[0m17:46:51.480545 [info ] [MainThread]: Registered adapter: postgres=1.10.2
[0m17:46:51.689157 [debug] [MainThread]: checksum: f835d38e27f2c851a434d54286ec57eea49b211f2d0074fee97ef59e7c153b04, vars: {}, profile: insurance_profile, target: dev, version: 1.12.0b3
[0m17:46:51.832552 [debug] [MainThread]: Partial parsing enabled: 0 files deleted, 0 files added, 1 files changed.
[0m17:46:51.833252 [debug] [MainThread]: Partial parsing: updated file: insurance_demo://models\staging\stg_claims.sql
[0m17:46:51.833611 [debug] [MainThread]: Partial parsing: updated file: insurance_demo://models\marts\schema.yml
[0m17:46:52.301642 [debug] [MainThread]: Sending event: {'category': 'dbt', 'action': 'load_project', 'label': 'fb323033-1f00-4d27-a2d4-45c719d20684', 'context': [<snowplow_tracker.self_describing_json.SelfDescribingJson object at 0x000001B677BE9550>]}
[0m17:46:52.366100 [debug] [MainThread]: Wrote artifact WritableManifest to C:\Users\User\Downloads\dbt_insurance_demo\target\manifest.json
[0m17:46:52.369567 [debug] [MainThread]: Wrote artifact SemanticManifest to C:\Users\User\Downloads\dbt_insurance_demo\target\semantic_manifest.json
[0m17:46:52.389547 [debug] [MainThread]: Wrote artifact OsiDocument to C:\Users\User\Downloads\dbt_insurance_demo\target\osi_document.json
[0m17:46:52.401062 [debug] [MainThread]: Sending event: {'category': 'dbt', 'action': 'resource_counts', 'label': 'fb323033-1f00-4d27-a2d4-45c719d20684', 'context': [<snowplow_tracker.self_describing_json.SelfDescribingJson object at 0x000001B67823B6B0>]}
[0m17:46:52.401489 [info ] [MainThread]: Found 9 models, 10 data tests, 6 sources, 475 macros
[0m17:46:52.401857 [debug] [MainThread]: Sending event: {'category': 'dbt', 'action': 'runnable_timing', 'label': 'fb323033-1f00-4d27-a2d4-45c719d20684', 'context': [<snowplow_tracker.self_describing_json.SelfDescribingJson object at 0x000001B678351C50>]}
[0m17:46:52.403785 [info ] [MainThread]: 
[0m17:46:52.404329 [info ] [MainThread]: Concurrency: 4 threads (target='dev')
[0m17:46:52.404730 [info ] [MainThread]: 
[0m17:46:52.405224 [debug] [MainThread]: Acquiring new postgres connection 'master'
[0m17:46:52.408661 [debug] [ThreadPool]: Acquiring new postgres connection 'list_postgres'
[0m17:46:52.503787 [debug] [ThreadPool]: Using postgres connection "list_postgres"
[0m17:46:52.504106 [debug] [ThreadPool]: On list_postgres: /* {"app": "dbt", "dbt_version": "1.12.0b3", "profile_name": "insurance_profile", "target_name": "dev", "connection_name": "list_postgres"} */

    select distinct nspname from pg_namespace
  
[0m17:46:52.504412 [debug] [ThreadPool]: Opening a new connection, currently in state init
[0m17:46:52.583056 [debug] [ThreadPool]: Postgres adapter: Got a retryable error when attempting to open a postgres connection.
1 attempts remaining. Retrying in 0 seconds.
Error:
connection to server at "localhost" (::1), port 5432 failed: FATAL:  password authentication failed for user "your_postgres_username"

[0m17:46:52.651260 [debug] [ThreadPool]: Postgres adapter: Error running SQL: /* {"app": "dbt", "dbt_version": "1.12.0b3", "profile_name": "insurance_profile", "target_name": "dev", "connection_name": "list_postgres"} */

    select distinct nspname from pg_namespace
  
[0m17:46:52.651632 [debug] [ThreadPool]: Postgres adapter: Rolling back transaction.
[0m17:46:52.651901 [debug] [ThreadPool]: Postgres adapter: Error running SQL: macro list_schemas
[0m17:46:52.652093 [debug] [ThreadPool]: Postgres adapter: Rolling back transaction.
[0m17:46:52.652282 [debug] [ThreadPool]: On list_postgres: No close available on handle
[0m17:46:52.653140 [debug] [MainThread]: Connection 'master' was properly closed.
[0m17:46:52.653500 [debug] [MainThread]: Connection 'list_postgres' was properly closed.
[0m17:46:52.653845 [info ] [MainThread]: 
[0m17:46:52.654265 [info ] [MainThread]: Finished running  in 0 hours 0 minutes and 0.25 seconds (0.25s).
[0m17:46:52.654947 [error] [MainThread]: [[31mERROR[0m]: Encountered an error:
Database Error
  connection to server at "localhost" (::1), port 5432 failed: FATAL:  password authentication failed for user "your_postgres_username"
  
[0m17:46:52.655565 [debug] [MainThread]: Command `dbt run` failed at 17:46:52.655473 after 1.92 seconds
[0m17:46:52.655864 [debug] [MainThread]: Sending event: {'category': 'dbt', 'action': 'invocation', 'label': 'end', 'context': [<snowplow_tracker.self_describing_json.SelfDescribingJson object at 0x000001B676E3D3D0>, <snowplow_tracker.self_describing_json.SelfDescribingJson object at 0x000001B678217410>, <snowplow_tracker.self_describing_json.SelfDescribingJson object at 0x000001B67951CA10>]}
[0m17:46:52.656128 [debug] [MainThread]: Flushing usage events
[0m17:46:54.294477 [debug] [MainThread]: An error was encountered while trying to flush usage events
[0m17:54:21.132847 [debug] [MainThread]: Sending event: {'category': 'dbt', 'action': 'invocation', 'label': 'start', 'context': [<snowplow_tracker.self_describing_json.SelfDescribingJson object at 0x00000137B0E77A10>, <snowplow_tracker.self_describing_json.SelfDescribingJson object at 0x00000137AE7DD090>, <snowplow_tracker.self_describing_json.SelfDescribingJson object at 0x00000137B37979D0>]}


============================== 17:54:21.140328 | 1f7778bb-d95e-4d7f-b0e2-ac1ab91d1117 ==============================
[0m17:54:21.140328 [info ] [MainThread]: Running with dbt=1.12.0-b3
[0m17:54:21.141481 [debug] [MainThread]: running dbt with arguments {'maximum_seed_size_mib': '1', 'no_print': 'None', 'static_parser': 'True', 'warn_error_options': 'WarnErrorOptionsV2(error=[], warn=[], silence=[])', 'target_path': 'None', 'version_check': 'True', 'printer_width': '80', 'write_json': 'True', 'empty': 'False', 'log_cache_events': 'False', 'introspect': 'True', 'cache_selected_only': 'False', 'fail_fast': 'False', 'debug': 'False', 'log_format': 'default', 'profiles_dir': 'C:\\Users\\User\\.dbt', 'send_anonymous_usage_stats': 'True', 'quiet': 'False', 'warn_error': 'None', 'partial_parse': 'True', 'indirect_selection': 'eager', 'invocation_command': 'dbt run', 'use_colors': 'True', 'use_experimental_parser': 'False', 'log_path': 'C:\\Users\\User\\Downloads\\dbt_insurance_demo\\logs'}
[0m17:54:21.191604 [error] [MainThread]: [[31mERROR[0m]: Encountered an error:
Runtime Error
  Credentials in profile "insurance_profile", target "dev" invalid: 1234 is not of type 'string'
[0m17:54:21.192520 [debug] [MainThread]: Command `dbt run` failed at 17:54:21.192406 after 0.44 seconds
[0m17:54:21.192899 [debug] [MainThread]: Sending event: {'category': 'dbt', 'action': 'invocation', 'label': 'end', 'context': [<snowplow_tracker.self_describing_json.SelfDescribingJson object at 0x00000137B373E650>, <snowplow_tracker.self_describing_json.SelfDescribingJson object at 0x00000137B3837410>, <snowplow_tracker.self_describing_json.SelfDescribingJson object at 0x00000137B383ACF0>]}
[0m17:54:21.193221 [debug] [MainThread]: Flushing usage events
[0m17:54:22.700433 [debug] [MainThread]: An error was encountered while trying to flush usage events
[0m18:07:17.930469 [debug] [MainThread]: Sending event: {'category': 'dbt', 'action': 'invocation', 'label': 'start', 'context': [<snowplow_tracker.self_describing_json.SelfDescribingJson object at 0x000002CD41CEBA10>, <snowplow_tracker.self_describing_json.SelfDescribingJson object at 0x000002CD3F63CF50>, <snowplow_tracker.self_describing_json.SelfDescribingJson object at 0x000002CD446179D0>]}


============================== 18:07:17.935753 | 7f4870c3-539a-4d8e-a360-d758fa2c1f6e ==============================
[0m18:07:17.935753 [info ] [MainThread]: Running with dbt=1.12.0-b3
[0m18:07:17.936702 [debug] [MainThread]: running dbt with arguments {'version_check': 'True', 'no_print': 'None', 'static_parser': 'True', 'target_path': 'None', 'maximum_seed_size_mib': '1', 'warn_error_options': 'WarnErrorOptionsV2(error=[], warn=[], silence=[])', 'printer_width': '80', 'write_json': 'True', 'empty': 'False', 'log_cache_events': 'False', 'introspect': 'True', 'cache_selected_only': 'False', 'log_format': 'default', 'debug': 'False', 'fail_fast': 'False', 'profiles_dir': 'C:\\Users\\User\\.dbt', 'send_anonymous_usage_stats': 'True', 'quiet': 'False', 'warn_error': 'None', 'partial_parse': 'True', 'indirect_selection': 'eager', 'use_colors': 'True', 'invocation_command': 'dbt run', 'use_experimental_parser': 'False', 'log_path': 'C:\\Users\\User\\Downloads\\dbt_insurance_demo\\logs'}
[0m18:07:18.082361 [debug] [MainThread]: Sending event: {'category': 'dbt', 'action': 'project_id', 'label': '7f4870c3-539a-4d8e-a360-d758fa2c1f6e', 'context': [<snowplow_tracker.self_describing_json.SelfDescribingJson object at 0x000002CD445BDCD0>]}
[0m18:07:18.129464 [debug] [MainThread]: Sending event: {'category': 'dbt', 'action': 'adapter_info', 'label': '7f4870c3-539a-4d8e-a360-d758fa2c1f6e', 'context': [<snowplow_tracker.self_describing_json.SelfDescribingJson object at 0x000002CD443DBBD0>]}
[0m18:07:18.130540 [info ] [MainThread]: Registered adapter: postgres=1.10.2
[0m18:07:18.292196 [debug] [MainThread]: checksum: f835d38e27f2c851a434d54286ec57eea49b211f2d0074fee97ef59e7c153b04, vars: {}, profile: insurance_profile, target: dev, version: 1.12.0b3
[0m18:07:18.391045 [info ] [MainThread]: Unable to do partial parsing because profile has changed
[0m18:07:18.391623 [debug] [MainThread]: Sending event: {'category': 'dbt', 'action': 'partial_parser', 'label': '7f4870c3-539a-4d8e-a360-d758fa2c1f6e', 'context': [<snowplow_tracker.self_describing_json.SelfDescribingJson object at 0x000002CD451C1650>]}
[0m18:07:19.389822 [debug] [MainThread]: Sending event: {'category': 'dbt', 'action': 'load_project', 'label': '7f4870c3-539a-4d8e-a360-d758fa2c1f6e', 'context': [<snowplow_tracker.self_describing_json.SelfDescribingJson object at 0x000002CD46C4E300>]}
[0m18:07:19.451548 [debug] [MainThread]: Wrote artifact WritableManifest to C:\Users\User\Downloads\dbt_insurance_demo\target\manifest.json
[0m18:07:19.454968 [debug] [MainThread]: Wrote artifact SemanticManifest to C:\Users\User\Downloads\dbt_insurance_demo\target\semantic_manifest.json
[0m18:07:19.473779 [debug] [MainThread]: Wrote artifact OsiDocument to C:\Users\User\Downloads\dbt_insurance_demo\target\osi_document.json
[0m18:07:19.484789 [debug] [MainThread]: Sending event: {'category': 'dbt', 'action': 'resource_counts', 'label': '7f4870c3-539a-4d8e-a360-d758fa2c1f6e', 'context': [<snowplow_tracker.self_describing_json.SelfDescribingJson object at 0x000002CD47194210>]}
[0m18:07:19.485178 [info ] [MainThread]: Found 9 models, 10 data tests, 6 sources, 475 macros
[0m18:07:19.485545 [debug] [MainThread]: Sending event: {'category': 'dbt', 'action': 'runnable_timing', 'label': '7f4870c3-539a-4d8e-a360-d758fa2c1f6e', 'context': [<snowplow_tracker.self_describing_json.SelfDescribingJson object at 0x000002CD470F21A0>]}
[0m18:07:19.487184 [info ] [MainThread]: 
[0m18:07:19.487700 [info ] [MainThread]: Concurrency: 4 threads (target='dev')
[0m18:07:19.488087 [info ] [MainThread]: 
[0m18:07:19.488501 [debug] [MainThread]: Acquiring new postgres connection 'master'
[0m18:07:19.491797 [debug] [ThreadPool]: Acquiring new postgres connection 'list_postgres'
[0m18:07:19.582053 [debug] [ThreadPool]: Using postgres connection "list_postgres"
[0m18:07:19.582361 [debug] [ThreadPool]: On list_postgres: /* {"app": "dbt", "dbt_version": "1.12.0b3", "profile_name": "insurance_profile", "target_name": "dev", "connection_name": "list_postgres"} */

    select distinct nspname from pg_namespace
  
[0m18:07:19.582575 [debug] [ThreadPool]: Opening a new connection, currently in state init
[0m18:07:19.789689 [debug] [ThreadPool]: SQL status: SELECT 4 in 0.207 seconds
[0m18:07:19.790834 [debug] [ThreadPool]: On list_postgres: Close
[0m18:07:19.792753 [debug] [ThreadPool]: Acquiring new postgres connection 'list_postgres_public'
[0m18:07:19.800527 [debug] [ThreadPool]: Using postgres connection "list_postgres_public"
[0m18:07:19.800970 [debug] [ThreadPool]: On list_postgres_public: /* {"app": "dbt", "dbt_version": "1.12.0b3", "profile_name": "insurance_profile", "target_name": "dev", "connection_name": "list_postgres_public"} */
select
      'postgres' as database,
      tablename as name,
      schemaname as schema,
      'table' as type
    from pg_tables
    where schemaname ilike 'public'
    union all
    select
      'postgres' as database,
      viewname as name,
      schemaname as schema,
      'view' as type
    from pg_views
    where schemaname ilike 'public'
    union all
    select
      'postgres' as database,
      matviewname as name,
      schemaname as schema,
      'materialized_view' as type
    from pg_matviews
    where schemaname ilike 'public'
  
[0m18:07:19.801275 [debug] [ThreadPool]: Opening a new connection, currently in state init
[0m18:07:19.909671 [debug] [ThreadPool]: SQL status: SELECT 0 in 0.108 seconds
[0m18:07:19.910526 [debug] [ThreadPool]: On list_postgres_public: ROLLBACK
[0m18:07:19.910900 [debug] [ThreadPool]: On list_postgres_public: Close
[0m18:07:19.915389 [debug] [MainThread]: Using postgres connection "master"
[0m18:07:19.916178 [debug] [MainThread]: On master: /* {"app": "dbt", "dbt_version": "1.12.0b3", "profile_name": "insurance_profile", "target_name": "dev", "connection_name": "master"} */
select distinct
        dependent_namespace.nspname as dependent_schema,
        dependent_class.relname as dependent_name,
        referenced_namespace.nspname as referenced_schema,
        referenced_class.relname as referenced_name

    -- Query for views: views are entries in pg_class with an entry in pg_rewrite, but we avoid
    -- a seq scan on pg_rewrite by leveraging the fact there is an "internal" row in pg_depend for
    -- the view...
    from pg_class as dependent_class
    join pg_namespace as dependent_namespace on dependent_namespace.oid = dependent_class.relnamespace
    join pg_depend as dependent_depend on dependent_depend.refobjid = dependent_class.oid
        and dependent_depend.classid = 'pg_rewrite'::regclass
        and dependent_depend.refclassid = 'pg_class'::regclass
        and dependent_depend.deptype = 'i'

    -- ... and via pg_depend (that has a row per column, hence the need for "distinct" above, and
    -- making sure to exclude the internal row to avoid a view appearing to depend on itself)...
    join pg_depend as joining_depend on joining_depend.objid = dependent_depend.objid
        and joining_depend.classid = 'pg_rewrite'::regclass
        and joining_depend.refclassid = 'pg_class'::regclass
        and joining_depend.refobjid != dependent_depend.refobjid

    -- ... we can find the tables they query from in pg_class, but excluding system tables. Note we
    -- don't need need to exclude _dependent_ system tables, because they only query from other
    -- system tables, and so are automatically excluded by excluding _referenced_ system tables
    join pg_class as referenced_class on referenced_class.oid = joining_depend.refobjid
    join pg_namespace as referenced_namespace on referenced_namespace.oid = referenced_class.relnamespace
        and referenced_namespace.nspname != 'information_schema'
        and referenced_namespace.nspname not like 'pg\_%'

    order by
        dependent_schema, dependent_name, referenced_schema, referenced_name;
[0m18:07:19.916527 [debug] [MainThread]: Opening a new connection, currently in state init
[0m18:07:20.014804 [debug] [MainThread]: SQL status: SELECT 0 in 0.098 seconds
[0m18:07:20.015649 [debug] [MainThread]: Sending event: {'category': 'dbt', 'action': 'runnable_timing', 'label': '7f4870c3-539a-4d8e-a360-d758fa2c1f6e', 'context': [<snowplow_tracker.self_describing_json.SelfDescribingJson object at 0x000002CD47066090>]}
[0m18:07:20.016001 [debug] [MainThread]: On master: ROLLBACK
[0m18:07:20.016506 [debug] [MainThread]: On master: COMMIT
[0m18:07:20.016744 [debug] [MainThread]: Using postgres connection "master"
[0m18:07:20.016931 [debug] [MainThread]: On master: COMMIT
[0m18:07:20.017251 [debug] [MainThread]: SQL status: COMMIT in 0.000 seconds
[0m18:07:20.017459 [debug] [MainThread]: On master: Close
[0m18:07:20.033915 [debug] [Thread-3 (]: Began running node model.insurance_demo.stg_claims
[0m18:07:20.034335 [debug] [Thread-1 (]: Began running node model.insurance_demo.stg_agents
[0m18:07:20.034973 [info ] [Thread-3 (]: 3 of 9 START sql view model public.stg_claims .................................. [RUN]
[0m18:07:20.036061 [debug] [Thread-3 (]: Acquiring new postgres connection 'model.insurance_demo.stg_claims'
[0m18:07:20.034633 [debug] [Thread-4 (]: Began running node model.insurance_demo.stg_customers
[0m18:07:20.035587 [info ] [Thread-1 (]: 1 of 9 START sql view model public.stg_agents .................................. [RUN]
[0m18:07:20.037146 [debug] [Thread-1 (]: Acquiring new postgres connection 'model.insurance_demo.stg_agents'
[0m18:07:20.035259 [debug] [Thread-2 (]: Began running node model.insurance_demo.stg_claim_payments
[0m18:07:20.036599 [info ] [Thread-4 (]: 4 of 9 START sql view model public.stg_customers ............................... [RUN]
[0m18:07:20.037532 [debug] [Thread-1 (]: Began compiling node model.insurance_demo.stg_agents
[0m18:07:20.036304 [debug] [Thread-3 (]: Began compiling node model.insurance_demo.stg_claims
[0m18:07:20.038381 [info ] [Thread-2 (]: 2 of 9 START sql view model public.stg_claim_payments .......................... [RUN]
[0m18:07:20.039391 [debug] [Thread-4 (]: Acquiring new postgres connection 'model.insurance_demo.stg_customers'
[0m18:07:20.044395 [debug] [Thread-1 (]: Writing injected SQL for node "model.insurance_demo.stg_agents"
[0m18:07:20.087349 [debug] [Thread-3 (]: Writing injected SQL for node "model.insurance_demo.stg_claims"
[0m18:07:20.088082 [debug] [Thread-2 (]: Acquiring new postgres connection 'model.insurance_demo.stg_claim_payments'
[0m18:07:20.089485 [debug] [Thread-2 (]: Began compiling node model.insurance_demo.stg_claim_payments
[0m18:07:20.088610 [debug] [Thread-4 (]: Began compiling node model.insurance_demo.stg_customers
[0m18:07:20.094413 [debug] [Thread-4 (]: Writing injected SQL for node "model.insurance_demo.stg_customers"
[0m18:07:20.092321 [debug] [Thread-2 (]: Writing injected SQL for node "model.insurance_demo.stg_claim_payments"
[0m18:07:20.097354 [debug] [Thread-2 (]: Began executing node model.insurance_demo.stg_claim_payments
[0m18:07:20.097754 [debug] [Thread-4 (]: Began executing node model.insurance_demo.stg_customers
[0m18:07:20.124922 [debug] [Thread-4 (]: Writing runtime sql for node "model.insurance_demo.stg_customers"
[0m18:07:20.125327 [debug] [Thread-3 (]: Began executing node model.insurance_demo.stg_claims
[0m18:07:20.125627 [debug] [Thread-1 (]: Began executing node model.insurance_demo.stg_agents
[0m18:07:20.128287 [debug] [Thread-2 (]: Writing runtime sql for node "model.insurance_demo.stg_claim_payments"
[0m18:07:20.130533 [debug] [Thread-3 (]: Writing runtime sql for node "model.insurance_demo.stg_claims"
[0m18:07:20.132660 [debug] [Thread-1 (]: Writing runtime sql for node "model.insurance_demo.stg_agents"
[0m18:07:20.136554 [debug] [Thread-2 (]: Using postgres connection "model.insurance_demo.stg_claim_payments"
[0m18:07:20.136898 [debug] [Thread-2 (]: On model.insurance_demo.stg_claim_payments: /* {"app": "dbt", "dbt_version": "1.12.0b3", "profile_name": "insurance_profile", "target_name": "dev", "node_id": "model.insurance_demo.stg_claim_payments"} */

  create view "postgres"."public"."stg_claim_payments__dbt_tmp"
    
    
  as (
    select
    payment_id,
    claim_id,
    payment_date,
    payment_amount
from "postgres"."public"."claim_payments"
  );
[0m18:07:20.137962 [debug] [Thread-2 (]: Opening a new connection, currently in state init
[0m18:07:20.137317 [debug] [Thread-4 (]: Using postgres connection "model.insurance_demo.stg_customers"
[0m18:07:20.138416 [debug] [Thread-4 (]: On model.insurance_demo.stg_customers: /* {"app": "dbt", "dbt_version": "1.12.0b3", "profile_name": "insurance_profile", "target_name": "dev", "node_id": "model.insurance_demo.stg_customers"} */

  create view "postgres"."public"."stg_customers__dbt_tmp"
    
    
  as (
    select
    customer_id,
    customer_name,
    city
from "postgres"."public"."customers"
  );
[0m18:07:20.138682 [debug] [Thread-4 (]: Opening a new connection, currently in state init
[0m18:07:20.139417 [debug] [Thread-3 (]: Using postgres connection "model.insurance_demo.stg_claims"
[0m18:07:20.139692 [debug] [Thread-3 (]: On model.insurance_demo.stg_claims: /* {"app": "dbt", "dbt_version": "1.12.0b3", "profile_name": "insurance_profile", "target_name": "dev", "node_id": "model.insurance_demo.stg_claims"} */

  create view "postgres"."public"."stg_claims__dbt_tmp"
    
    
  as (
    select
    claim_id,
    policy_id,
    claim_date,
    claim_amount
from "postgres"."public"."claims"
  );
[0m18:07:20.139926 [debug] [Thread-3 (]: Opening a new connection, currently in state init
[0m18:07:20.138963 [debug] [Thread-1 (]: Using postgres connection "model.insurance_demo.stg_agents"
[0m18:07:20.140603 [debug] [Thread-1 (]: On model.insurance_demo.stg_agents: /* {"app": "dbt", "dbt_version": "1.12.0b3", "profile_name": "insurance_profile", "target_name": "dev", "node_id": "model.insurance_demo.stg_agents"} */

  create view "postgres"."public"."stg_agents__dbt_tmp"
    
    
  as (
    select
    agent_id,
    agent_name
from "postgres"."public"."agents"
  );
[0m18:07:20.141272 [debug] [Thread-1 (]: Opening a new connection, currently in state init
[0m18:07:20.230146 [debug] [Thread-2 (]: Postgres adapter: Postgres error: relation "public.claim_payments" does not exist
LINE 12: from "postgres"."public"."claim_payments"
              ^

[0m18:07:20.230511 [debug] [Thread-2 (]: On model.insurance_demo.stg_claim_payments: ROLLBACK
[0m18:07:20.231014 [debug] [Thread-2 (]: On model.insurance_demo.stg_claim_payments: Close
[0m18:07:20.235469 [debug] [Thread-4 (]: Postgres adapter: Postgres error: relation "public.customers" does not exist
LINE 11: from "postgres"."public"."customers"
              ^

[0m18:07:20.235830 [debug] [Thread-4 (]: On model.insurance_demo.stg_customers: ROLLBACK
[0m18:07:20.236298 [debug] [Thread-4 (]: On model.insurance_demo.stg_customers: Close
[0m18:07:20.240735 [debug] [Thread-2 (]: Database Error in model stg_claim_payments (models\staging\stg_claim_payments.sql)
  relation "public.claim_payments" does not exist
  LINE 12: from "postgres"."public"."claim_payments"
                ^
  compiled code at target\run\insurance_demo\models\staging\stg_claim_payments.sql
[0m18:07:20.242409 [debug] [Thread-3 (]: Postgres adapter: Postgres error: relation "public.claims" does not exist
LINE 12: from "postgres"."public"."claims"
              ^

[0m18:07:20.244269 [debug] [Thread-3 (]: On model.insurance_demo.stg_claims: ROLLBACK
[0m18:07:20.243009 [debug] [Thread-4 (]: Database Error in model stg_customers (models\staging\stg_customers.sql)
  relation "public.customers" does not exist
  LINE 11: from "postgres"."public"."customers"
                ^
  compiled code at target\run\insurance_demo\models\staging\stg_customers.sql
[0m18:07:20.244823 [debug] [Thread-2 (]: Sending event: {'category': 'dbt', 'action': 'run_model', 'label': '7f4870c3-539a-4d8e-a360-d758fa2c1f6e', 'context': [<snowplow_tracker.self_describing_json.SelfDescribingJson object at 0x000002CD46C62C50>]}
[0m18:07:20.245785 [debug] [Thread-3 (]: On model.insurance_demo.stg_claims: Close
[0m18:07:20.245082 [debug] [Thread-4 (]: Sending event: {'category': 'dbt', 'action': 'run_model', 'label': '7f4870c3-539a-4d8e-a360-d758fa2c1f6e', 'context': [<snowplow_tracker.self_describing_json.SelfDescribingJson object at 0x000002CD46FBCFF0>]}
[0m18:07:20.245507 [error] [Thread-2 (]: 2 of 9 ERROR creating sql view model public.stg_claim_payments ................. [[31mERROR[0m in 0.16s]
[0m18:07:20.247827 [debug] [Thread-2 (]: Finished running node model.insurance_demo.stg_claim_payments
[0m18:07:20.248437 [debug] [Thread-2 (]: Began running node model.insurance_demo.stg_policies
[0m18:07:20.246969 [error] [Thread-4 (]: 4 of 9 ERROR creating sql view model public.stg_customers ...................... [[31mERROR[0m in 0.21s]
[0m18:07:20.250771 [debug] [Thread-4 (]: Finished running node model.insurance_demo.stg_customers
[0m18:07:20.251174 [debug] [Thread-4 (]: Began running node model.insurance_demo.stg_policy_types
[0m18:07:20.248982 [info ] [Thread-2 (]: 5 of 9 START sql view model public.stg_policies ................................ [RUN]
[0m18:07:20.249679 [debug] [Thread-7 (]: Marking all children of 'model.insurance_demo.stg_claim_payments' to be skipped because of status 'error'.  Reason: Database Error in model stg_claim_payments (models\staging\stg_claim_payments.sql)
  relation "public.claim_payments" does not exist
  LINE 12: from "postgres"."public"."claim_payments"
                ^
  compiled code at target\run\insurance_demo\models\staging\stg_claim_payments.sql.
[0m18:07:20.250323 [debug] [Thread-1 (]: Postgres adapter: Postgres error: relation "public.agents" does not exist
LINE 10: from "postgres"."public"."agents"
              ^

[0m18:07:20.253277 [debug] [Thread-3 (]: Database Error in model stg_claims (models\staging\stg_claims.sql)
  relation "public.claims" does not exist
  LINE 12: from "postgres"."public"."claims"
                ^
  compiled code at target\run\insurance_demo\models\staging\stg_claims.sql
[0m18:07:20.252834 [info ] [Thread-4 (]: 6 of 9 START sql view model public.stg_policy_types ............................ [RUN]
[0m18:07:20.253908 [debug] [Thread-2 (]: Re-using an available connection from the pool (formerly model.insurance_demo.stg_claim_payments, now model.insurance_demo.stg_policies)
[0m18:07:20.255046 [debug] [Thread-7 (]: Marking all children of 'model.insurance_demo.stg_customers' to be skipped because of status 'error'.  Reason: Database Error in model stg_customers (models\staging\stg_customers.sql)
  relation "public.customers" does not exist
  LINE 11: from "postgres"."public"."customers"
                ^
  compiled code at target\run\insurance_demo\models\staging\stg_customers.sql.
[0m18:07:20.255426 [debug] [Thread-1 (]: On model.insurance_demo.stg_agents: ROLLBACK
[0m18:07:20.255784 [debug] [Thread-3 (]: Sending event: {'category': 'dbt', 'action': 'run_model', 'label': '7f4870c3-539a-4d8e-a360-d758fa2c1f6e', 'context': [<snowplow_tracker.self_describing_json.SelfDescribingJson object at 0x000002CD470483D0>]}
[0m18:07:20.256147 [debug] [Thread-4 (]: Re-using an available connection from the pool (formerly model.insurance_demo.stg_customers, now model.insurance_demo.stg_policy_types)
[0m18:07:20.256585 [debug] [Thread-2 (]: Began compiling node model.insurance_demo.stg_policies
[0m18:07:20.260522 [debug] [Thread-2 (]: Writing injected SQL for node "model.insurance_demo.stg_policies"
[0m18:07:20.258326 [debug] [Thread-4 (]: Began compiling node model.insurance_demo.stg_policy_types
[0m18:07:20.257338 [error] [Thread-3 (]: 3 of 9 ERROR creating sql view model public.stg_claims ......................... [[31mERROR[0m in 0.22s]
[0m18:07:20.257856 [debug] [Thread-1 (]: On model.insurance_demo.stg_agents: Close
[0m18:07:20.262413 [debug] [Thread-4 (]: Writing injected SQL for node "model.insurance_demo.stg_policy_types"
[0m18:07:20.262929 [debug] [Thread-3 (]: Finished running node model.insurance_demo.stg_claims
[0m18:07:20.264139 [debug] [Thread-7 (]: Marking all children of 'model.insurance_demo.stg_claims' to be skipped because of status 'error'.  Reason: Database Error in model stg_claims (models\staging\stg_claims.sql)
  relation "public.claims" does not exist
  LINE 12: from "postgres"."public"."claims"
                ^
  compiled code at target\run\insurance_demo\models\staging\stg_claims.sql.
[0m18:07:20.264446 [debug] [Thread-2 (]: Began executing node model.insurance_demo.stg_policies
[0m18:07:20.267718 [debug] [Thread-2 (]: Writing runtime sql for node "model.insurance_demo.stg_policies"
[0m18:07:20.265007 [debug] [Thread-3 (]: Began running node model.insurance_demo.int_claims_per_policy
[0m18:07:20.269883 [debug] [Thread-4 (]: Began executing node model.insurance_demo.stg_policy_types
[0m18:07:20.272410 [debug] [Thread-4 (]: Writing runtime sql for node "model.insurance_demo.stg_policy_types"
[0m18:07:20.268225 [info ] [Thread-3 (]: 7 of 9 SKIP relation public.int_claims_per_policy .............................. [[33mSKIP[0m]
[0m18:07:20.274418 [debug] [Thread-3 (]: Finished running node model.insurance_demo.int_claims_per_policy
[0m18:07:20.273080 [debug] [Thread-1 (]: Database Error in model stg_agents (models\staging\stg_agents.sql)
  relation "public.agents" does not exist
  LINE 10: from "postgres"."public"."agents"
                ^
  compiled code at target\run\insurance_demo\models\staging\stg_agents.sql
[0m18:07:20.275022 [debug] [Thread-3 (]: Began running node model.insurance_demo.int_payments_per_policy
[0m18:07:20.276178 [debug] [Thread-2 (]: Using postgres connection "model.insurance_demo.stg_policies"
[0m18:07:20.278332 [debug] [Thread-2 (]: On model.insurance_demo.stg_policies: /* {"app": "dbt", "dbt_version": "1.12.0b3", "profile_name": "insurance_profile", "target_name": "dev", "node_id": "model.insurance_demo.stg_policies"} */

  create view "postgres"."public"."stg_policies__dbt_tmp"
    
    
  as (
    select
    policy_id,
    customer_id,
    agent_id,
    policy_type_id,
    premium,
    start_date
from "postgres"."public"."policies"
  );
[0m18:07:20.278714 [debug] [Thread-2 (]: Opening a new connection, currently in state closed
[0m18:07:20.277975 [info ] [Thread-3 (]: 8 of 9 SKIP relation public.int_payments_per_policy ............................ [[33mSKIP[0m]
[0m18:07:20.277547 [debug] [Thread-4 (]: Using postgres connection "model.insurance_demo.stg_policy_types"
[0m18:07:20.277122 [debug] [Thread-1 (]: Sending event: {'category': 'dbt', 'action': 'run_model', 'label': '7f4870c3-539a-4d8e-a360-d758fa2c1f6e', 'context': [<snowplow_tracker.self_describing_json.SelfDescribingJson object at 0x000002CD45638F30>]}
[0m18:07:20.279169 [debug] [Thread-3 (]: Finished running node model.insurance_demo.int_payments_per_policy
[0m18:07:20.279996 [error] [Thread-1 (]: 1 of 9 ERROR creating sql view model public.stg_agents ......................... [[31mERROR[0m in 0.24s]
[0m18:07:20.280595 [debug] [Thread-1 (]: Finished running node model.insurance_demo.stg_agents
[0m18:07:20.279502 [debug] [Thread-4 (]: On model.insurance_demo.stg_policy_types: /* {"app": "dbt", "dbt_version": "1.12.0b3", "profile_name": "insurance_profile", "target_name": "dev", "node_id": "model.insurance_demo.stg_policy_types"} */

  create view "postgres"."public"."stg_policy_types__dbt_tmp"
    
    
  as (
    select
    policy_type_id,
    policy_type_name
from "postgres"."public"."policy_types"
  );
[0m18:07:20.281282 [debug] [Thread-4 (]: Opening a new connection, currently in state closed
[0m18:07:20.280971 [debug] [Thread-7 (]: Marking all children of 'model.insurance_demo.stg_agents' to be skipped because of status 'error'.  Reason: Database Error in model stg_agents (models\staging\stg_agents.sql)
  relation "public.agents" does not exist
  LINE 10: from "postgres"."public"."agents"
                ^
  compiled code at target\run\insurance_demo\models\staging\stg_agents.sql.
[0m18:07:20.389996 [debug] [Thread-2 (]: Postgres adapter: Postgres error: relation "public.policies" does not exist
LINE 14: from "postgres"."public"."policies"
              ^

[0m18:07:20.390365 [debug] [Thread-2 (]: On model.insurance_demo.stg_policies: ROLLBACK
[0m18:07:20.390873 [debug] [Thread-2 (]: On model.insurance_demo.stg_policies: Close
[0m18:07:20.393475 [debug] [Thread-2 (]: Database Error in model stg_policies (models\staging\stg_policies.sql)
  relation "public.policies" does not exist
  LINE 14: from "postgres"."public"."policies"
                ^
  compiled code at target\run\insurance_demo\models\staging\stg_policies.sql
[0m18:07:20.393925 [debug] [Thread-2 (]: Sending event: {'category': 'dbt', 'action': 'run_model', 'label': '7f4870c3-539a-4d8e-a360-d758fa2c1f6e', 'context': [<snowplow_tracker.self_describing_json.SelfDescribingJson object at 0x000002CD4755D670>]}
[0m18:07:20.394392 [error] [Thread-2 (]: 5 of 9 ERROR creating sql view model public.stg_policies ....................... [[31mERROR[0m in 0.14s]
[0m18:07:20.395058 [debug] [Thread-2 (]: Finished running node model.insurance_demo.stg_policies
[0m18:07:20.395448 [debug] [Thread-7 (]: Marking all children of 'model.insurance_demo.stg_policies' to be skipped because of status 'error'.  Reason: Database Error in model stg_policies (models\staging\stg_policies.sql)
  relation "public.policies" does not exist
  LINE 14: from "postgres"."public"."policies"
                ^
  compiled code at target\run\insurance_demo\models\staging\stg_policies.sql.
[0m18:07:20.398952 [debug] [Thread-4 (]: Postgres adapter: Postgres error: relation "public.policy_types" does not exist
LINE 10: from "postgres"."public"."policy_types"
              ^

[0m18:07:20.399257 [debug] [Thread-4 (]: On model.insurance_demo.stg_policy_types: ROLLBACK
[0m18:07:20.399743 [debug] [Thread-4 (]: On model.insurance_demo.stg_policy_types: Close
[0m18:07:20.402350 [debug] [Thread-4 (]: Database Error in model stg_policy_types (models\staging\stg_policy_types.sql)
  relation "public.policy_types" does not exist
  LINE 10: from "postgres"."public"."policy_types"
                ^
  compiled code at target\run\insurance_demo\models\staging\stg_policy_types.sql
[0m18:07:20.402775 [debug] [Thread-4 (]: Sending event: {'category': 'dbt', 'action': 'run_model', 'label': '7f4870c3-539a-4d8e-a360-d758fa2c1f6e', 'context': [<snowplow_tracker.self_describing_json.SelfDescribingJson object at 0x000002CD46B34230>]}
[0m18:07:20.403231 [error] [Thread-4 (]: 6 of 9 ERROR creating sql view model public.stg_policy_types ................... [[31mERROR[0m in 0.15s]
[0m18:07:20.403812 [debug] [Thread-4 (]: Finished running node model.insurance_demo.stg_policy_types
[0m18:07:20.404254 [debug] [Thread-7 (]: Marking all children of 'model.insurance_demo.stg_policy_types' to be skipped because of status 'error'.  Reason: Database Error in model stg_policy_types (models\staging\stg_policy_types.sql)
  relation "public.policy_types" does not exist
  LINE 10: from "postgres"."public"."policy_types"
                ^
  compiled code at target\run\insurance_demo\models\staging\stg_policy_types.sql.
[0m18:07:20.404843 [debug] [Thread-3 (]: Began running node model.insurance_demo.claim_risk_report
[0m18:07:20.405174 [info ] [Thread-3 (]: 9 of 9 SKIP relation public.claim_risk_report .................................. [[33mSKIP[0m]
[0m18:07:20.405679 [debug] [Thread-3 (]: Finished running node model.insurance_demo.claim_risk_report
[0m18:07:20.406909 [debug] [MainThread]: On master: COMMIT
[0m18:07:20.407206 [debug] [MainThread]: Using postgres connection "master"
[0m18:07:20.407442 [debug] [MainThread]: On master: COMMIT
[0m18:07:20.407627 [debug] [MainThread]: Opening a new connection, currently in state closed
[0m18:07:20.502841 [debug] [MainThread]: SQL status: COMMIT in 0.095 seconds
[0m18:07:20.503213 [debug] [MainThread]: On master: Close
[0m18:07:20.503591 [debug] [MainThread]: Connection 'master' was properly closed.
[0m18:07:20.503812 [debug] [MainThread]: Connection 'list_postgres' was properly closed.
[0m18:07:20.503982 [debug] [MainThread]: Connection 'list_postgres_public' was properly closed.
[0m18:07:20.504133 [debug] [MainThread]: Connection 'model.insurance_demo.stg_claims' was properly closed.
[0m18:07:20.504281 [debug] [MainThread]: Connection 'model.insurance_demo.stg_agents' was properly closed.
[0m18:07:20.504423 [debug] [MainThread]: Connection 'model.insurance_demo.stg_policy_types' was properly closed.
[0m18:07:20.504592 [debug] [MainThread]: Connection 'model.insurance_demo.stg_policies' was properly closed.
[0m18:07:20.504844 [info ] [MainThread]: 
[0m18:07:20.505374 [info ] [MainThread]: Finished running 1 table model, 8 view models in 0 hours 0 minutes and 1.02 seconds (1.02s).
[0m18:07:20.506585 [debug] [MainThread]: Command end result
[0m18:07:20.529183 [debug] [MainThread]: Wrote artifact WritableManifest to C:\Users\User\Downloads\dbt_insurance_demo\target\manifest.json
[0m18:07:20.532679 [debug] [MainThread]: Wrote artifact SemanticManifest to C:\Users\User\Downloads\dbt_insurance_demo\target\semantic_manifest.json
[0m18:07:20.535666 [debug] [MainThread]: Wrote artifact OsiDocument to C:\Users\User\Downloads\dbt_insurance_demo\target\osi_document.json
[0m18:07:20.542093 [debug] [MainThread]: Wrote artifact RunExecutionResult to C:\Users\User\Downloads\dbt_insurance_demo\target\run_results.json
[0m18:07:20.542529 [info ] [MainThread]: 
[0m18:07:20.543373 [info ] [MainThread]: [31mCompleted with 6 errors, 0 partial successes, and 0 warnings:[0m
[0m18:07:20.543827 [info ] [MainThread]: 
[0m18:07:20.544625 [error] [MainThread]: [[31mERROR[0m]: in model stg_claim_payments (models\staging\stg_claim_payments.sql)
[0m18:07:20.546058 [error] [MainThread]:   Database Error in model stg_claim_payments (models\staging\stg_claim_payments.sql)
  relation "public.claim_payments" does not exist
  LINE 12: from "postgres"."public"."claim_payments"
                ^
  compiled code at target\run\insurance_demo\models\staging\stg_claim_payments.sql
[0m18:07:20.546562 [info ] [MainThread]: 
[0m18:07:20.546973 [info ] [MainThread]:   compiled code at target\compiled\insurance_demo\models\staging\stg_claim_payments.sql
[0m18:07:20.547358 [info ] [MainThread]: 
[0m18:07:20.547685 [error] [MainThread]: [[31mERROR[0m]: in model stg_customers (models\staging\stg_customers.sql)
[0m18:07:20.548054 [error] [MainThread]:   Database Error in model stg_customers (models\staging\stg_customers.sql)
  relation "public.customers" does not exist
  LINE 11: from "postgres"."public"."customers"
                ^
  compiled code at target\run\insurance_demo\models\staging\stg_customers.sql
[0m18:07:20.548434 [info ] [MainThread]: 
[0m18:07:20.548759 [info ] [MainThread]:   compiled code at target\compiled\insurance_demo\models\staging\stg_customers.sql
[0m18:07:20.549009 [info ] [MainThread]: 
[0m18:07:20.549402 [error] [MainThread]: [[31mERROR[0m]: in model stg_claims (models\staging\stg_claims.sql)
[0m18:07:20.549824 [error] [MainThread]:   Database Error in model stg_claims (models\staging\stg_claims.sql)
  relation "public.claims" does not exist
  LINE 12: from "postgres"."public"."claims"
                ^
  compiled code at target\run\insurance_demo\models\staging\stg_claims.sql
[0m18:07:20.550271 [info ] [MainThread]: 
[0m18:07:20.550576 [info ] [MainThread]:   compiled code at target\compiled\insurance_demo\models\staging\stg_claims.sql
[0m18:07:20.550813 [info ] [MainThread]: 
[0m18:07:20.551071 [error] [MainThread]: [[31mERROR[0m]: in model stg_agents (models\staging\stg_agents.sql)
[0m18:07:20.551328 [error] [MainThread]:   Database Error in model stg_agents (models\staging\stg_agents.sql)
  relation "public.agents" does not exist
  LINE 10: from "postgres"."public"."agents"
                ^
  compiled code at target\run\insurance_demo\models\staging\stg_agents.sql
[0m18:07:20.551548 [info ] [MainThread]: 
[0m18:07:20.551787 [info ] [MainThread]:   compiled code at target\compiled\insurance_demo\models\staging\stg_agents.sql
[0m18:07:20.552011 [info ] [MainThread]: 
[0m18:07:20.552280 [error] [MainThread]: [[31mERROR[0m]: in model stg_policies (models\staging\stg_policies.sql)
[0m18:07:20.552534 [error] [MainThread]:   Database Error in model stg_policies (models\staging\stg_policies.sql)
  relation "public.policies" does not exist
  LINE 14: from "postgres"."public"."policies"
                ^
  compiled code at target\run\insurance_demo\models\staging\stg_policies.sql
[0m18:07:20.552768 [info ] [MainThread]: 
[0m18:07:20.553025 [info ] [MainThread]:   compiled code at target\compiled\insurance_demo\models\staging\stg_policies.sql
[0m18:07:20.553252 [info ] [MainThread]: 
[0m18:07:20.553517 [error] [MainThread]: [[31mERROR[0m]: in model stg_policy_types (models\staging\stg_policy_types.sql)
[0m18:07:20.553797 [error] [MainThread]:   Database Error in model stg_policy_types (models\staging\stg_policy_types.sql)
  relation "public.policy_types" does not exist
  LINE 10: from "postgres"."public"."policy_types"
                ^
  compiled code at target\run\insurance_demo\models\staging\stg_policy_types.sql
[0m18:07:20.554103 [info ] [MainThread]: 
[0m18:07:20.554382 [info ] [MainThread]:   compiled code at target\compiled\insurance_demo\models\staging\stg_policy_types.sql
[0m18:07:20.554633 [info ] [MainThread]: 
[0m18:07:20.554897 [info ] [MainThread]: Done. PASS=0 WARN=0 ERROR=6 SKIP=3 NO-OP=0 REUSED=0 TOTAL=9
[0m18:07:20.555543 [debug] [MainThread]: Command `dbt run` failed at 18:07:20.555454 after 3.02 seconds
[0m18:07:20.555830 [debug] [MainThread]: Sending event: {'category': 'dbt', 'action': 'invocation', 'label': 'end', 'context': [<snowplow_tracker.self_describing_json.SelfDescribingJson object at 0x000002CD4146E750>, <snowplow_tracker.self_describing_json.SelfDescribingJson object at 0x000002CD46937A10>, <snowplow_tracker.self_describing_json.SelfDescribingJson object at 0x000002CD469360F0>]}
[0m18:07:20.556100 [debug] [MainThread]: Flushing usage events
[0m18:07:22.436586 [debug] [MainThread]: An error was encountered while trying to flush usage events
[0m18:08:49.399711 [debug] [MainThread]: Sending event: {'category': 'dbt', 'action': 'invocation', 'label': 'start', 'context': [<snowplow_tracker.self_describing_json.SelfDescribingJson object at 0x000001C918D5FA10>, <snowplow_tracker.self_describing_json.SelfDescribingJson object at 0x000001C91669CF50>, <snowplow_tracker.self_describing_json.SelfDescribingJson object at 0x000001C91B68B9D0>]}


============================== 18:08:49.407202 | 822e16e9-ace8-4c80-8879-a64b2e668426 ==============================
[0m18:08:49.407202 [info ] [MainThread]: Running with dbt=1.12.0-b3
[0m18:08:49.408449 [debug] [MainThread]: running dbt with arguments {'static_parser': 'True', 'no_print': 'None', 'maximum_seed_size_mib': '1', 'warn_error_options': 'WarnErrorOptionsV2(error=[], warn=[], silence=[])', 'target_path': 'None', 'version_check': 'True', 'printer_width': '80', 'write_json': 'True', 'introspect': 'True', 'log_cache_events': 'False', 'empty': 'False', 'cache_selected_only': 'False', 'log_format': 'default', 'debug': 'False', 'fail_fast': 'False', 'partial_parse': 'True', 'send_anonymous_usage_stats': 'True', 'quiet': 'False', 'warn_error': 'None', 'profiles_dir': 'C:\\Users\\User\\.dbt', 'invocation_command': 'dbt run', 'use_colors': 'True', 'indirect_selection': 'eager', 'use_experimental_parser': 'False', 'log_path': 'C:\\Users\\User\\Downloads\\dbt_insurance_demo\\logs'}
[0m18:08:49.561049 [debug] [MainThread]: Sending event: {'category': 'dbt', 'action': 'project_id', 'label': '822e16e9-ace8-4c80-8879-a64b2e668426', 'context': [<snowplow_tracker.self_describing_json.SelfDescribingJson object at 0x000001C91B62DCD0>]}
[0m18:08:49.608202 [debug] [MainThread]: Sending event: {'category': 'dbt', 'action': 'adapter_info', 'label': '822e16e9-ace8-4c80-8879-a64b2e668426', 'context': [<snowplow_tracker.self_describing_json.SelfDescribingJson object at 0x000001C91B44BBD0>]}
[0m18:08:49.609223 [info ] [MainThread]: Registered adapter: postgres=1.10.2
[0m18:08:49.771665 [debug] [MainThread]: checksum: f835d38e27f2c851a434d54286ec57eea49b211f2d0074fee97ef59e7c153b04, vars: {}, profile: insurance_profile, target: dev, version: 1.12.0b3
[0m18:08:49.907718 [debug] [MainThread]: Partial parsing enabled: 0 files deleted, 0 files added, 0 files changed.
[0m18:08:49.908020 [debug] [MainThread]: Nothing changed, skipping partial parsing.
[0m18:08:49.908240 [debug] [MainThread]: Partial parsing enabled, no changes found, skipping parsing
[0m18:08:49.940303 [debug] [MainThread]: Sending event: {'category': 'dbt', 'action': 'load_project', 'label': '822e16e9-ace8-4c80-8879-a64b2e668426', 'context': [<snowplow_tracker.self_describing_json.SelfDescribingJson object at 0x000001C91C1D4250>]}
[0m18:08:50.004427 [debug] [MainThread]: Wrote artifact WritableManifest to C:\Users\User\Downloads\dbt_insurance_demo\target\manifest.json
[0m18:08:50.007757 [debug] [MainThread]: Wrote artifact SemanticManifest to C:\Users\User\Downloads\dbt_insurance_demo\target\semantic_manifest.json
[0m18:08:50.026762 [debug] [MainThread]: Wrote artifact OsiDocument to C:\Users\User\Downloads\dbt_insurance_demo\target\osi_document.json
[0m18:08:50.037494 [debug] [MainThread]: Sending event: {'category': 'dbt', 'action': 'resource_counts', 'label': '822e16e9-ace8-4c80-8879-a64b2e668426', 'context': [<snowplow_tracker.self_describing_json.SelfDescribingJson object at 0x000001C91C33CB90>]}
[0m18:08:50.037860 [info ] [MainThread]: Found 9 models, 10 data tests, 6 sources, 475 macros
[0m18:08:50.038224 [debug] [MainThread]: Sending event: {'category': 'dbt', 'action': 'runnable_timing', 'label': '822e16e9-ace8-4c80-8879-a64b2e668426', 'context': [<snowplow_tracker.self_describing_json.SelfDescribingJson object at 0x000001C91C2D9FD0>]}
[0m18:08:50.039867 [info ] [MainThread]: 
[0m18:08:50.040287 [info ] [MainThread]: Concurrency: 4 threads (target='dev')
[0m18:08:50.040599 [info ] [MainThread]: 
[0m18:08:50.041105 [debug] [MainThread]: Acquiring new postgres connection 'master'
[0m18:08:50.045019 [debug] [ThreadPool]: Acquiring new postgres connection 'list_postgres'
[0m18:08:50.134181 [debug] [ThreadPool]: Using postgres connection "list_postgres"
[0m18:08:50.134538 [debug] [ThreadPool]: On list_postgres: /* {"app": "dbt", "dbt_version": "1.12.0b3", "profile_name": "insurance_profile", "target_name": "dev", "connection_name": "list_postgres"} */

    select distinct nspname from pg_namespace
  
[0m18:08:50.134762 [debug] [ThreadPool]: Opening a new connection, currently in state init
[0m18:08:50.314524 [debug] [ThreadPool]: SQL status: SELECT 4 in 0.180 seconds
[0m18:08:50.315464 [debug] [ThreadPool]: On list_postgres: Close
[0m18:08:50.317231 [debug] [ThreadPool]: Acquiring new postgres connection 'list_postgres_public'
[0m18:08:50.322558 [debug] [ThreadPool]: Using postgres connection "list_postgres_public"
[0m18:08:50.322883 [debug] [ThreadPool]: On list_postgres_public: /* {"app": "dbt", "dbt_version": "1.12.0b3", "profile_name": "insurance_profile", "target_name": "dev", "connection_name": "list_postgres_public"} */
select
      'postgres' as database,
      tablename as name,
      schemaname as schema,
      'table' as type
    from pg_tables
    where schemaname ilike 'public'
    union all
    select
      'postgres' as database,
      viewname as name,
      schemaname as schema,
      'view' as type
    from pg_views
    where schemaname ilike 'public'
    union all
    select
      'postgres' as database,
      matviewname as name,
      schemaname as schema,
      'materialized_view' as type
    from pg_matviews
    where schemaname ilike 'public'
  
[0m18:08:50.323185 [debug] [ThreadPool]: Opening a new connection, currently in state init
[0m18:08:50.414856 [debug] [ThreadPool]: SQL status: SELECT 0 in 0.092 seconds
[0m18:08:50.415758 [debug] [ThreadPool]: On list_postgres_public: ROLLBACK
[0m18:08:50.416135 [debug] [ThreadPool]: On list_postgres_public: Close
[0m18:08:50.421141 [debug] [MainThread]: Using postgres connection "master"
[0m18:08:50.421984 [debug] [MainThread]: On master: /* {"app": "dbt", "dbt_version": "1.12.0b3", "profile_name": "insurance_profile", "target_name": "dev", "connection_name": "master"} */
select distinct
        dependent_namespace.nspname as dependent_schema,
        dependent_class.relname as dependent_name,
        referenced_namespace.nspname as referenced_schema,
        referenced_class.relname as referenced_name

    -- Query for views: views are entries in pg_class with an entry in pg_rewrite, but we avoid
    -- a seq scan on pg_rewrite by leveraging the fact there is an "internal" row in pg_depend for
    -- the view...
    from pg_class as dependent_class
    join pg_namespace as dependent_namespace on dependent_namespace.oid = dependent_class.relnamespace
    join pg_depend as dependent_depend on dependent_depend.refobjid = dependent_class.oid
        and dependent_depend.classid = 'pg_rewrite'::regclass
        and dependent_depend.refclassid = 'pg_class'::regclass
        and dependent_depend.deptype = 'i'

    -- ... and via pg_depend (that has a row per column, hence the need for "distinct" above, and
    -- making sure to exclude the internal row to avoid a view appearing to depend on itself)...
    join pg_depend as joining_depend on joining_depend.objid = dependent_depend.objid
        and joining_depend.classid = 'pg_rewrite'::regclass
        and joining_depend.refclassid = 'pg_class'::regclass
        and joining_depend.refobjid != dependent_depend.refobjid

    -- ... we can find the tables they query from in pg_class, but excluding system tables. Note we
    -- don't need need to exclude _dependent_ system tables, because they only query from other
    -- system tables, and so are automatically excluded by excluding _referenced_ system tables
    join pg_class as referenced_class on referenced_class.oid = joining_depend.refobjid
    join pg_namespace as referenced_namespace on referenced_namespace.oid = referenced_class.relnamespace
        and referenced_namespace.nspname != 'information_schema'
        and referenced_namespace.nspname not like 'pg\_%'

    order by
        dependent_schema, dependent_name, referenced_schema, referenced_name;
[0m18:08:50.422258 [debug] [MainThread]: Opening a new connection, currently in state init
[0m18:08:50.513834 [debug] [MainThread]: SQL status: SELECT 0 in 0.092 seconds
[0m18:08:50.514662 [debug] [MainThread]: Sending event: {'category': 'dbt', 'action': 'runnable_timing', 'label': '822e16e9-ace8-4c80-8879-a64b2e668426', 'context': [<snowplow_tracker.self_describing_json.SelfDescribingJson object at 0x000001C91C620460>]}
[0m18:08:50.515018 [debug] [MainThread]: On master: ROLLBACK
[0m18:08:50.515425 [debug] [MainThread]: On master: COMMIT
[0m18:08:50.515762 [debug] [MainThread]: Using postgres connection "master"
[0m18:08:50.516053 [debug] [MainThread]: On master: COMMIT
[0m18:08:50.516632 [debug] [MainThread]: SQL status: COMMIT in 0.000 seconds
[0m18:08:50.516917 [debug] [MainThread]: On master: Close
[0m18:08:50.521729 [debug] [Thread-2 (]: Began running node model.insurance_demo.stg_claim_payments
[0m18:08:50.522122 [debug] [Thread-4 (]: Began running node model.insurance_demo.stg_customers
[0m18:08:50.522761 [info ] [Thread-2 (]: 2 of 9 START sql view model public.stg_claim_payments .......................... [RUN]
[0m18:08:50.523855 [debug] [Thread-2 (]: Acquiring new postgres connection 'model.insurance_demo.stg_claim_payments'
[0m18:08:50.522410 [debug] [Thread-3 (]: Began running node model.insurance_demo.stg_claims
[0m18:08:50.523412 [info ] [Thread-4 (]: 4 of 9 START sql view model public.stg_customers ............................... [RUN]
[0m18:08:50.524879 [debug] [Thread-4 (]: Acquiring new postgres connection 'model.insurance_demo.stg_customers'
[0m18:08:50.523051 [debug] [Thread-1 (]: Began running node model.insurance_demo.stg_agents
[0m18:08:50.524560 [info ] [Thread-3 (]: 3 of 9 START sql view model public.stg_claims .................................. [RUN]
[0m18:08:50.525893 [debug] [Thread-3 (]: Acquiring new postgres connection 'model.insurance_demo.stg_claims'
[0m18:08:50.524196 [debug] [Thread-2 (]: Began compiling node model.insurance_demo.stg_claim_payments
[0m18:08:50.525209 [debug] [Thread-4 (]: Began compiling node model.insurance_demo.stg_customers
[0m18:08:50.525556 [info ] [Thread-1 (]: 1 of 9 START sql view model public.stg_agents .................................. [RUN]
[0m18:08:50.526237 [debug] [Thread-3 (]: Began compiling node model.insurance_demo.stg_claims
[0m18:08:50.530785 [debug] [Thread-2 (]: Writing injected SQL for node "model.insurance_demo.stg_claim_payments"
[0m18:08:50.532438 [debug] [Thread-4 (]: Writing injected SQL for node "model.insurance_demo.stg_customers"
[0m18:08:50.532807 [debug] [Thread-1 (]: Acquiring new postgres connection 'model.insurance_demo.stg_agents'
[0m18:08:50.535462 [debug] [Thread-1 (]: Began compiling node model.insurance_demo.stg_agents
[0m18:08:50.537308 [debug] [Thread-1 (]: Writing injected SQL for node "model.insurance_demo.stg_agents"
[0m18:08:50.534686 [debug] [Thread-3 (]: Writing injected SQL for node "model.insurance_demo.stg_claims"
[0m18:08:50.538706 [debug] [Thread-2 (]: Began executing node model.insurance_demo.stg_claim_payments
[0m18:08:50.550979 [debug] [Thread-3 (]: Began executing node model.insurance_demo.stg_claims
[0m18:08:50.539136 [debug] [Thread-1 (]: Began executing node model.insurance_demo.stg_agents
[0m18:08:50.551409 [debug] [Thread-4 (]: Began executing node model.insurance_demo.stg_customers
[0m18:08:50.566530 [debug] [Thread-3 (]: Writing runtime sql for node "model.insurance_demo.stg_claims"
[0m18:08:50.567927 [debug] [Thread-2 (]: Writing runtime sql for node "model.insurance_demo.stg_claim_payments"
[0m18:08:50.569926 [debug] [Thread-1 (]: Writing runtime sql for node "model.insurance_demo.stg_agents"
[0m18:08:50.571766 [debug] [Thread-4 (]: Writing runtime sql for node "model.insurance_demo.stg_customers"
[0m18:08:50.573316 [debug] [Thread-3 (]: Using postgres connection "model.insurance_demo.stg_claims"
[0m18:08:50.573643 [debug] [Thread-3 (]: On model.insurance_demo.stg_claims: /* {"app": "dbt", "dbt_version": "1.12.0b3", "profile_name": "insurance_profile", "target_name": "dev", "node_id": "model.insurance_demo.stg_claims"} */

  create view "postgres"."public"."stg_claims__dbt_tmp"
    
    
  as (
    select
    claim_id,
    policy_id,
    claim_date,
    claim_amount
from "postgres"."public"."claims"
  );
[0m18:08:50.574848 [debug] [Thread-3 (]: Opening a new connection, currently in state init
[0m18:08:50.573965 [debug] [Thread-1 (]: Using postgres connection "model.insurance_demo.stg_agents"
[0m18:08:50.575371 [debug] [Thread-1 (]: On model.insurance_demo.stg_agents: /* {"app": "dbt", "dbt_version": "1.12.0b3", "profile_name": "insurance_profile", "target_name": "dev", "node_id": "model.insurance_demo.stg_agents"} */

  create view "postgres"."public"."stg_agents__dbt_tmp"
    
    
  as (
    select
    agent_id,
    agent_name
from "postgres"."public"."agents"
  );
[0m18:08:50.574318 [debug] [Thread-4 (]: Using postgres connection "model.insurance_demo.stg_customers"
[0m18:08:50.574622 [debug] [Thread-2 (]: Using postgres connection "model.insurance_demo.stg_claim_payments"
[0m18:08:50.576295 [debug] [Thread-2 (]: On model.insurance_demo.stg_claim_payments: /* {"app": "dbt", "dbt_version": "1.12.0b3", "profile_name": "insurance_profile", "target_name": "dev", "node_id": "model.insurance_demo.stg_claim_payments"} */

  create view "postgres"."public"."stg_claim_payments__dbt_tmp"
    
    
  as (
    select
    payment_id,
    claim_id,
    payment_date,
    payment_amount
from "postgres"."public"."claim_payments"
  );
[0m18:08:50.576536 [debug] [Thread-2 (]: Opening a new connection, currently in state init
[0m18:08:50.576026 [debug] [Thread-4 (]: On model.insurance_demo.stg_customers: /* {"app": "dbt", "dbt_version": "1.12.0b3", "profile_name": "insurance_profile", "target_name": "dev", "node_id": "model.insurance_demo.stg_customers"} */

  create view "postgres"."public"."stg_customers__dbt_tmp"
    
    
  as (
    select
    customer_id,
    customer_name,
    city
from "postgres"."public"."customers"
  );
[0m18:08:50.575689 [debug] [Thread-1 (]: Opening a new connection, currently in state init
[0m18:08:50.576981 [debug] [Thread-4 (]: Opening a new connection, currently in state init
[0m18:08:50.650608 [debug] [Thread-3 (]: Postgres adapter: Postgres error: relation "public.claims" does not exist
LINE 12: from "postgres"."public"."claims"
              ^

[0m18:08:50.650978 [debug] [Thread-3 (]: On model.insurance_demo.stg_claims: ROLLBACK
[0m18:08:50.651491 [debug] [Thread-3 (]: On model.insurance_demo.stg_claims: Close
[0m18:08:50.655142 [debug] [Thread-2 (]: Postgres adapter: Postgres error: relation "public.claim_payments" does not exist
LINE 12: from "postgres"."public"."claim_payments"
              ^

[0m18:08:50.655587 [debug] [Thread-2 (]: On model.insurance_demo.stg_claim_payments: ROLLBACK
[0m18:08:50.656162 [debug] [Thread-2 (]: On model.insurance_demo.stg_claim_payments: Close
[0m18:08:50.659991 [debug] [Thread-3 (]: Database Error in model stg_claims (models\staging\stg_claims.sql)
  relation "public.claims" does not exist
  LINE 12: from "postgres"."public"."claims"
                ^
  compiled code at target\run\insurance_demo\models\staging\stg_claims.sql
[0m18:08:50.662839 [debug] [Thread-1 (]: Postgres adapter: Postgres error: relation "public.agents" does not exist
LINE 10: from "postgres"."public"."agents"
              ^

[0m18:08:50.663175 [debug] [Thread-1 (]: On model.insurance_demo.stg_agents: ROLLBACK
[0m18:08:50.663734 [debug] [Thread-2 (]: Database Error in model stg_claim_payments (models\staging\stg_claim_payments.sql)
  relation "public.claim_payments" does not exist
  LINE 12: from "postgres"."public"."claim_payments"
                ^
  compiled code at target\run\insurance_demo\models\staging\stg_claim_payments.sql
[0m18:08:50.664639 [debug] [Thread-2 (]: Sending event: {'category': 'dbt', 'action': 'run_model', 'label': '822e16e9-ace8-4c80-8879-a64b2e668426', 'context': [<snowplow_tracker.self_describing_json.SelfDescribingJson object at 0x000001C91C71A8E0>]}
[0m18:08:50.664340 [debug] [Thread-3 (]: Sending event: {'category': 'dbt', 'action': 'run_model', 'label': '822e16e9-ace8-4c80-8879-a64b2e668426', 'context': [<snowplow_tracker.self_describing_json.SelfDescribingJson object at 0x000001C91C297350>]}
[0m18:08:50.664092 [debug] [Thread-1 (]: On model.insurance_demo.stg_agents: Close
[0m18:08:50.665589 [error] [Thread-3 (]: 3 of 9 ERROR creating sql view model public.stg_claims ......................... [[31mERROR[0m in 0.13s]
[0m18:08:50.666869 [debug] [Thread-3 (]: Finished running node model.insurance_demo.stg_claims
[0m18:08:50.665086 [error] [Thread-2 (]: 2 of 9 ERROR creating sql view model public.stg_claim_payments ................. [[31mERROR[0m in 0.14s]
[0m18:08:50.668264 [debug] [Thread-2 (]: Finished running node model.insurance_demo.stg_claim_payments
[0m18:08:50.668582 [debug] [Thread-2 (]: Began running node model.insurance_demo.stg_policy_types
[0m18:08:50.667220 [debug] [Thread-3 (]: Began running node model.insurance_demo.stg_policies
[0m18:08:50.667779 [debug] [Thread-7 (]: Marking all children of 'model.insurance_demo.stg_claims' to be skipped because of status 'error'.  Reason: Database Error in model stg_claims (models\staging\stg_claims.sql)
  relation "public.claims" does not exist
  LINE 12: from "postgres"."public"."claims"
                ^
  compiled code at target\run\insurance_demo\models\staging\stg_claims.sql.
[0m18:08:50.668942 [info ] [Thread-2 (]: 6 of 9 START sql view model public.stg_policy_types ............................ [RUN]
[0m18:08:50.670083 [debug] [Thread-4 (]: Postgres adapter: Postgres error: relation "public.customers" does not exist
LINE 11: from "postgres"."public"."customers"
              ^

[0m18:08:50.671031 [debug] [Thread-7 (]: Marking all children of 'model.insurance_demo.stg_claim_payments' to be skipped because of status 'error'.  Reason: Database Error in model stg_claim_payments (models\staging\stg_claim_payments.sql)
  relation "public.claim_payments" does not exist
  LINE 12: from "postgres"."public"."claim_payments"
                ^
  compiled code at target\run\insurance_demo\models\staging\stg_claim_payments.sql.
[0m18:08:50.669673 [info ] [Thread-3 (]: 5 of 9 START sql view model public.stg_policies ................................ [RUN]
[0m18:08:50.671562 [debug] [Thread-2 (]: Re-using an available connection from the pool (formerly model.insurance_demo.stg_claim_payments, now model.insurance_demo.stg_policy_types)
[0m18:08:50.673037 [debug] [Thread-4 (]: On model.insurance_demo.stg_customers: ROLLBACK
[0m18:08:50.673631 [debug] [Thread-1 (]: Database Error in model stg_agents (models\staging\stg_agents.sql)
  relation "public.agents" does not exist
  LINE 10: from "postgres"."public"."agents"
                ^
  compiled code at target\run\insurance_demo\models\staging\stg_agents.sql
[0m18:08:50.674763 [debug] [Thread-1 (]: Sending event: {'category': 'dbt', 'action': 'run_model', 'label': '822e16e9-ace8-4c80-8879-a64b2e668426', 'context': [<snowplow_tracker.self_describing_json.SelfDescribingJson object at 0x000001C91C77C690>]}
[0m18:08:50.674377 [debug] [Thread-2 (]: Began compiling node model.insurance_demo.stg_policy_types
[0m18:08:50.677373 [debug] [Thread-2 (]: Writing injected SQL for node "model.insurance_demo.stg_policy_types"
[0m18:08:50.674094 [debug] [Thread-3 (]: Re-using an available connection from the pool (formerly model.insurance_demo.stg_claims, now model.insurance_demo.stg_policies)
[0m18:08:50.675080 [debug] [Thread-4 (]: On model.insurance_demo.stg_customers: Close
[0m18:08:50.675474 [error] [Thread-1 (]: 1 of 9 ERROR creating sql view model public.stg_agents ......................... [[31mERROR[0m in 0.14s]
[0m18:08:50.678545 [debug] [Thread-1 (]: Finished running node model.insurance_demo.stg_agents
[0m18:08:50.679383 [debug] [Thread-1 (]: Began running node model.insurance_demo.int_claims_per_policy
[0m18:08:50.679718 [debug] [Thread-2 (]: Began executing node model.insurance_demo.stg_policy_types
[0m18:08:50.682690 [debug] [Thread-2 (]: Writing runtime sql for node "model.insurance_demo.stg_policy_types"
[0m18:08:50.678035 [debug] [Thread-3 (]: Began compiling node model.insurance_demo.stg_policies
[0m18:08:50.680104 [debug] [Thread-7 (]: Marking all children of 'model.insurance_demo.stg_agents' to be skipped because of status 'error'.  Reason: Database Error in model stg_agents (models\staging\stg_agents.sql)
  relation "public.agents" does not exist
  LINE 10: from "postgres"."public"."agents"
                ^
  compiled code at target\run\insurance_demo\models\staging\stg_agents.sql.
[0m18:08:50.680448 [info ] [Thread-1 (]: 7 of 9 SKIP relation public.int_claims_per_policy .............................. [[33mSKIP[0m]
[0m18:08:50.684756 [debug] [Thread-3 (]: Writing injected SQL for node "model.insurance_demo.stg_policies"
[0m18:08:50.686947 [debug] [Thread-4 (]: Database Error in model stg_customers (models\staging\stg_customers.sql)
  relation "public.customers" does not exist
  LINE 11: from "postgres"."public"."customers"
                ^
  compiled code at target\run\insurance_demo\models\staging\stg_customers.sql
[0m18:08:50.688211 [debug] [Thread-4 (]: Sending event: {'category': 'dbt', 'action': 'run_model', 'label': '822e16e9-ace8-4c80-8879-a64b2e668426', 'context': [<snowplow_tracker.self_describing_json.SelfDescribingJson object at 0x000001C91C860BD0>]}
[0m18:08:50.688557 [debug] [Thread-2 (]: Using postgres connection "model.insurance_demo.stg_policy_types"
[0m18:08:50.687426 [debug] [Thread-1 (]: Finished running node model.insurance_demo.int_claims_per_policy
[0m18:08:50.689816 [debug] [Thread-1 (]: Began running node model.insurance_demo.int_payments_per_policy
[0m18:08:50.689017 [error] [Thread-4 (]: 4 of 9 ERROR creating sql view model public.stg_customers ...................... [[31mERROR[0m in 0.16s]
[0m18:08:50.689366 [debug] [Thread-2 (]: On model.insurance_demo.stg_policy_types: /* {"app": "dbt", "dbt_version": "1.12.0b3", "profile_name": "insurance_profile", "target_name": "dev", "node_id": "model.insurance_demo.stg_policy_types"} */

  create view "postgres"."public"."stg_policy_types__dbt_tmp"
    
    
  as (
    select
    policy_type_id,
    policy_type_name
from "postgres"."public"."policy_types"
  );
[0m18:08:50.690141 [debug] [Thread-3 (]: Began executing node model.insurance_demo.stg_policies
[0m18:08:50.693934 [debug] [Thread-3 (]: Writing runtime sql for node "model.insurance_demo.stg_policies"
[0m18:08:50.690540 [info ] [Thread-1 (]: 8 of 9 SKIP relation public.int_payments_per_policy ............................ [[33mSKIP[0m]
[0m18:08:50.691564 [debug] [Thread-2 (]: Opening a new connection, currently in state closed
[0m18:08:50.690995 [debug] [Thread-4 (]: Finished running node model.insurance_demo.stg_customers
[0m18:08:50.694983 [debug] [Thread-7 (]: Marking all children of 'model.insurance_demo.stg_customers' to be skipped because of status 'error'.  Reason: Database Error in model stg_customers (models\staging\stg_customers.sql)
  relation "public.customers" does not exist
  LINE 11: from "postgres"."public"."customers"
                ^
  compiled code at target\run\insurance_demo\models\staging\stg_customers.sql.
[0m18:08:50.695307 [debug] [Thread-3 (]: Using postgres connection "model.insurance_demo.stg_policies"
[0m18:08:50.694411 [debug] [Thread-1 (]: Finished running node model.insurance_demo.int_payments_per_policy
[0m18:08:50.695725 [debug] [Thread-3 (]: On model.insurance_demo.stg_policies: /* {"app": "dbt", "dbt_version": "1.12.0b3", "profile_name": "insurance_profile", "target_name": "dev", "node_id": "model.insurance_demo.stg_policies"} */

  create view "postgres"."public"."stg_policies__dbt_tmp"
    
    
  as (
    select
    policy_id,
    customer_id,
    agent_id,
    policy_type_id,
    premium,
    start_date
from "postgres"."public"."policies"
  );
[0m18:08:50.696119 [debug] [Thread-3 (]: Opening a new connection, currently in state closed
[0m18:08:50.802846 [debug] [Thread-2 (]: Postgres adapter: Postgres error: relation "public.policy_types" does not exist
LINE 10: from "postgres"."public"."policy_types"
              ^

[0m18:08:50.803222 [debug] [Thread-2 (]: On model.insurance_demo.stg_policy_types: ROLLBACK
[0m18:08:50.803678 [debug] [Thread-2 (]: On model.insurance_demo.stg_policy_types: Close
[0m18:08:50.806214 [debug] [Thread-2 (]: Database Error in model stg_policy_types (models\staging\stg_policy_types.sql)
  relation "public.policy_types" does not exist
  LINE 10: from "postgres"."public"."policy_types"
                ^
  compiled code at target\run\insurance_demo\models\staging\stg_policy_types.sql
[0m18:08:50.806692 [debug] [Thread-2 (]: Sending event: {'category': 'dbt', 'action': 'run_model', 'label': '822e16e9-ace8-4c80-8879-a64b2e668426', 'context': [<snowplow_tracker.self_describing_json.SelfDescribingJson object at 0x000001C91C78ADD0>]}
[0m18:08:50.807204 [error] [Thread-2 (]: 6 of 9 ERROR creating sql view model public.stg_policy_types ................... [[31mERROR[0m in 0.14s]
[0m18:08:50.807867 [debug] [Thread-2 (]: Finished running node model.insurance_demo.stg_policy_types
[0m18:08:50.808258 [debug] [Thread-7 (]: Marking all children of 'model.insurance_demo.stg_policy_types' to be skipped because of status 'error'.  Reason: Database Error in model stg_policy_types (models\staging\stg_policy_types.sql)
  relation "public.policy_types" does not exist
  LINE 10: from "postgres"."public"."policy_types"
                ^
  compiled code at target\run\insurance_demo\models\staging\stg_policy_types.sql.
[0m18:08:50.813987 [debug] [Thread-3 (]: Postgres adapter: Postgres error: relation "public.policies" does not exist
LINE 14: from "postgres"."public"."policies"
              ^

[0m18:08:50.814292 [debug] [Thread-3 (]: On model.insurance_demo.stg_policies: ROLLBACK
[0m18:08:50.814876 [debug] [Thread-3 (]: On model.insurance_demo.stg_policies: Close
[0m18:08:50.817747 [debug] [Thread-3 (]: Database Error in model stg_policies (models\staging\stg_policies.sql)
  relation "public.policies" does not exist
  LINE 14: from "postgres"."public"."policies"
                ^
  compiled code at target\run\insurance_demo\models\staging\stg_policies.sql
[0m18:08:50.818211 [debug] [Thread-3 (]: Sending event: {'category': 'dbt', 'action': 'run_model', 'label': '822e16e9-ace8-4c80-8879-a64b2e668426', 'context': [<snowplow_tracker.self_describing_json.SelfDescribingJson object at 0x000001C91C763650>]}
[0m18:08:50.818690 [error] [Thread-3 (]: 5 of 9 ERROR creating sql view model public.stg_policies ....................... [[31mERROR[0m in 0.14s]
[0m18:08:50.819289 [debug] [Thread-3 (]: Finished running node model.insurance_demo.stg_policies
[0m18:08:50.819702 [debug] [Thread-7 (]: Marking all children of 'model.insurance_demo.stg_policies' to be skipped because of status 'error'.  Reason: Database Error in model stg_policies (models\staging\stg_policies.sql)
  relation "public.policies" does not exist
  LINE 14: from "postgres"."public"."policies"
                ^
  compiled code at target\run\insurance_demo\models\staging\stg_policies.sql.
[0m18:08:50.820374 [debug] [Thread-4 (]: Began running node model.insurance_demo.claim_risk_report
[0m18:08:50.820770 [info ] [Thread-4 (]: 9 of 9 SKIP relation public.claim_risk_report .................................. [[33mSKIP[0m]
[0m18:08:50.821263 [debug] [Thread-4 (]: Finished running node model.insurance_demo.claim_risk_report
[0m18:08:50.822570 [debug] [MainThread]: On master: COMMIT
[0m18:08:50.822869 [debug] [MainThread]: Using postgres connection "master"
[0m18:08:50.823084 [debug] [MainThread]: On master: COMMIT
[0m18:08:50.823261 [debug] [MainThread]: Opening a new connection, currently in state closed
[0m18:08:50.914333 [debug] [MainThread]: SQL status: COMMIT in 0.091 seconds
[0m18:08:50.914684 [debug] [MainThread]: On master: Close
[0m18:08:50.915058 [debug] [MainThread]: Connection 'master' was properly closed.
[0m18:08:50.915275 [debug] [MainThread]: Connection 'list_postgres' was properly closed.
[0m18:08:50.915448 [debug] [MainThread]: Connection 'list_postgres_public' was properly closed.
[0m18:08:50.915612 [debug] [MainThread]: Connection 'model.insurance_demo.stg_policy_types' was properly closed.
[0m18:08:50.915774 [debug] [MainThread]: Connection 'model.insurance_demo.stg_customers' was properly closed.
[0m18:08:50.915923 [debug] [MainThread]: Connection 'model.insurance_demo.stg_policies' was properly closed.
[0m18:08:50.916086 [debug] [MainThread]: Connection 'model.insurance_demo.stg_agents' was properly closed.
[0m18:08:50.916358 [info ] [MainThread]: 
[0m18:08:50.917019 [info ] [MainThread]: Finished running 1 table model, 8 view models in 0 hours 0 minutes and 0.88 seconds (0.88s).
[0m18:08:50.918094 [debug] [MainThread]: Command end result
[0m18:08:50.937098 [debug] [MainThread]: Wrote artifact WritableManifest to C:\Users\User\Downloads\dbt_insurance_demo\target\manifest.json
[0m18:08:50.940518 [debug] [MainThread]: Wrote artifact SemanticManifest to C:\Users\User\Downloads\dbt_insurance_demo\target\semantic_manifest.json
[0m18:08:50.943365 [debug] [MainThread]: Wrote artifact OsiDocument to C:\Users\User\Downloads\dbt_insurance_demo\target\osi_document.json
[0m18:08:50.949061 [debug] [MainThread]: Wrote artifact RunExecutionResult to C:\Users\User\Downloads\dbt_insurance_demo\target\run_results.json
[0m18:08:50.949329 [info ] [MainThread]: 
[0m18:08:50.949769 [info ] [MainThread]: [31mCompleted with 6 errors, 0 partial successes, and 0 warnings:[0m
[0m18:08:50.950158 [info ] [MainThread]: 
[0m18:08:50.950632 [error] [MainThread]: [[31mERROR[0m]: in model stg_claims (models\staging\stg_claims.sql)
[0m18:08:50.951127 [error] [MainThread]:   Database Error in model stg_claims (models\staging\stg_claims.sql)
  relation "public.claims" does not exist
  LINE 12: from "postgres"."public"."claims"
                ^
  compiled code at target\run\insurance_demo\models\staging\stg_claims.sql
[0m18:08:50.951578 [info ] [MainThread]: 
[0m18:08:50.952027 [info ] [MainThread]:   compiled code at target\compiled\insurance_demo\models\staging\stg_claims.sql
[0m18:08:50.952317 [info ] [MainThread]: 
[0m18:08:50.952612 [error] [MainThread]: [[31mERROR[0m]: in model stg_claim_payments (models\staging\stg_claim_payments.sql)
[0m18:08:50.953007 [error] [MainThread]:   Database Error in model stg_claim_payments (models\staging\stg_claim_payments.sql)
  relation "public.claim_payments" does not exist
  LINE 12: from "postgres"."public"."claim_payments"
                ^
  compiled code at target\run\insurance_demo\models\staging\stg_claim_payments.sql
[0m18:08:50.953457 [info ] [MainThread]: 
[0m18:08:50.953851 [info ] [MainThread]:   compiled code at target\compiled\insurance_demo\models\staging\stg_claim_payments.sql
[0m18:08:50.954188 [info ] [MainThread]: 
[0m18:08:50.954623 [error] [MainThread]: [[31mERROR[0m]: in model stg_agents (models\staging\stg_agents.sql)
[0m18:08:50.955119 [error] [MainThread]:   Database Error in model stg_agents (models\staging\stg_agents.sql)
  relation "public.agents" does not exist
  LINE 10: from "postgres"."public"."agents"
                ^
  compiled code at target\run\insurance_demo\models\staging\stg_agents.sql
[0m18:08:50.955467 [info ] [MainThread]: 
[0m18:08:50.955801 [info ] [MainThread]:   compiled code at target\compiled\insurance_demo\models\staging\stg_agents.sql
[0m18:08:50.956122 [info ] [MainThread]: 
[0m18:08:50.956930 [error] [MainThread]: [[31mERROR[0m]: in model stg_customers (models\staging\stg_customers.sql)
[0m18:08:50.960160 [error] [MainThread]:   Database Error in model stg_customers (models\staging\stg_customers.sql)
  relation "public.customers" does not exist
  LINE 11: from "postgres"."public"."customers"
                ^
  compiled code at target\run\insurance_demo\models\staging\stg_customers.sql
[0m18:08:50.960809 [info ] [MainThread]: 
[0m18:08:50.962133 [info ] [MainThread]:   compiled code at target\compiled\insurance_demo\models\staging\stg_customers.sql
[0m18:08:50.962789 [info ] [MainThread]: 
[0m18:08:50.963469 [error] [MainThread]: [[31mERROR[0m]: in model stg_policy_types (models\staging\stg_policy_types.sql)
[0m18:08:50.964122 [error] [MainThread]:   Database Error in model stg_policy_types (models\staging\stg_policy_types.sql)
  relation "public.policy_types" does not exist
  LINE 10: from "postgres"."public"."policy_types"
                ^
  compiled code at target\run\insurance_demo\models\staging\stg_policy_types.sql
[0m18:08:50.964728 [info ] [MainThread]: 
[0m18:08:50.965403 [info ] [MainThread]:   compiled code at target\compiled\insurance_demo\models\staging\stg_policy_types.sql
[0m18:08:50.966180 [info ] [MainThread]: 
[0m18:08:50.967074 [error] [MainThread]: [[31mERROR[0m]: in model stg_policies (models\staging\stg_policies.sql)
[0m18:08:50.967838 [error] [MainThread]:   Database Error in model stg_policies (models\staging\stg_policies.sql)
  relation "public.policies" does not exist
  LINE 14: from "postgres"."public"."policies"
                ^
  compiled code at target\run\insurance_demo\models\staging\stg_policies.sql
[0m18:08:50.968570 [info ] [MainThread]: 
[0m18:08:50.969458 [info ] [MainThread]:   compiled code at target\compiled\insurance_demo\models\staging\stg_policies.sql
[0m18:08:50.970182 [info ] [MainThread]: 
[0m18:08:50.970781 [info ] [MainThread]: Done. PASS=0 WARN=0 ERROR=6 SKIP=3 NO-OP=0 REUSED=0 TOTAL=9
[0m18:08:50.971889 [debug] [MainThread]: Command `dbt run` failed at 18:08:50.971699 after 1.87 seconds
[0m18:08:50.972524 [debug] [MainThread]: Sending event: {'category': 'dbt', 'action': 'invocation', 'label': 'end', 'context': [<snowplow_tracker.self_describing_json.SelfDescribingJson object at 0x000001C91C7608F0>, <snowplow_tracker.self_describing_json.SelfDescribingJson object at 0x000001C919998590>, <snowplow_tracker.self_describing_json.SelfDescribingJson object at 0x000001C91C827E30>]}
[0m18:08:50.973016 [debug] [MainThread]: Flushing usage events
[0m18:08:53.362372 [debug] [MainThread]: An error was encountered while trying to flush usage events
[0m18:11:03.080144 [debug] [MainThread]: Sending event: {'category': 'dbt', 'action': 'invocation', 'label': 'start', 'context': [<snowplow_tracker.self_describing_json.SelfDescribingJson object at 0x0000017D56DB3A10>, <snowplow_tracker.self_describing_json.SelfDescribingJson object at 0x0000017D546ED090>, <snowplow_tracker.self_describing_json.SelfDescribingJson object at 0x0000017D596D79D0>]}


============================== 18:11:03.084816 | 7d2fa8e9-b297-49cd-947f-4940e2ba3710 ==============================
[0m18:11:03.084816 [info ] [MainThread]: Running with dbt=1.12.0-b3
[0m18:11:03.085531 [debug] [MainThread]: running dbt with arguments {'static_parser': 'True', 'no_print': 'None', 'maximum_seed_size_mib': '1', 'target_path': 'None', 'warn_error_options': 'WarnErrorOptionsV2(error=[], warn=[], silence=[])', 'version_check': 'True', 'printer_width': '80', 'write_json': 'True', 'empty': 'False', 'log_cache_events': 'False', 'introspect': 'True', 'cache_selected_only': 'False', 'fail_fast': 'False', 'debug': 'False', 'log_format': 'default', 'partial_parse': 'True', 'send_anonymous_usage_stats': 'True', 'quiet': 'False', 'warn_error': 'None', 'profiles_dir': 'C:\\Users\\User\\.dbt', 'use_colors': 'True', 'indirect_selection': 'eager', 'invocation_command': 'dbt run', 'use_experimental_parser': 'False', 'log_path': 'C:\\Users\\User\\Downloads\\dbt_insurance_demo\\logs'}
[0m18:11:03.231535 [debug] [MainThread]: Sending event: {'category': 'dbt', 'action': 'project_id', 'label': '7d2fa8e9-b297-49cd-947f-4940e2ba3710', 'context': [<snowplow_tracker.self_describing_json.SelfDescribingJson object at 0x0000017D5967DCD0>]}
[0m18:11:03.278984 [debug] [MainThread]: Sending event: {'category': 'dbt', 'action': 'adapter_info', 'label': '7d2fa8e9-b297-49cd-947f-4940e2ba3710', 'context': [<snowplow_tracker.self_describing_json.SelfDescribingJson object at 0x0000017D5949BBD0>]}
[0m18:11:03.280061 [info ] [MainThread]: Registered adapter: postgres=1.10.2
[0m18:11:03.439891 [debug] [MainThread]: checksum: f835d38e27f2c851a434d54286ec57eea49b211f2d0074fee97ef59e7c153b04, vars: {}, profile: insurance_profile, target: dev, version: 1.12.0b3
[0m18:11:03.580443 [debug] [MainThread]: Partial parsing enabled: 0 files deleted, 0 files added, 0 files changed.
[0m18:11:03.580751 [debug] [MainThread]: Nothing changed, skipping partial parsing.
[0m18:11:03.580956 [debug] [MainThread]: Partial parsing enabled, no changes found, skipping parsing
[0m18:11:03.614010 [debug] [MainThread]: Sending event: {'category': 'dbt', 'action': 'load_project', 'label': '7d2fa8e9-b297-49cd-947f-4940e2ba3710', 'context': [<snowplow_tracker.self_describing_json.SelfDescribingJson object at 0x0000017D5A1D0250>]}
[0m18:11:03.681748 [debug] [MainThread]: Wrote artifact WritableManifest to C:\Users\User\Downloads\dbt_insurance_demo\target\manifest.json
[0m18:11:03.685085 [debug] [MainThread]: Wrote artifact SemanticManifest to C:\Users\User\Downloads\dbt_insurance_demo\target\semantic_manifest.json
[0m18:11:03.702696 [debug] [MainThread]: Wrote artifact OsiDocument to C:\Users\User\Downloads\dbt_insurance_demo\target\osi_document.json
[0m18:11:03.713200 [debug] [MainThread]: Sending event: {'category': 'dbt', 'action': 'resource_counts', 'label': '7d2fa8e9-b297-49cd-947f-4940e2ba3710', 'context': [<snowplow_tracker.self_describing_json.SelfDescribingJson object at 0x0000017D5A33CB90>]}
[0m18:11:03.713566 [info ] [MainThread]: Found 9 models, 10 data tests, 6 sources, 475 macros
[0m18:11:03.713916 [debug] [MainThread]: Sending event: {'category': 'dbt', 'action': 'runnable_timing', 'label': '7d2fa8e9-b297-49cd-947f-4940e2ba3710', 'context': [<snowplow_tracker.self_describing_json.SelfDescribingJson object at 0x0000017D5A2D9FD0>]}
[0m18:11:03.715558 [info ] [MainThread]: 
[0m18:11:03.715885 [info ] [MainThread]: Concurrency: 4 threads (target='dev')
[0m18:11:03.716134 [info ] [MainThread]: 
[0m18:11:03.716592 [debug] [MainThread]: Acquiring new postgres connection 'master'
[0m18:11:03.719741 [debug] [ThreadPool]: Acquiring new postgres connection 'list_postgres'
[0m18:11:03.804896 [debug] [ThreadPool]: Using postgres connection "list_postgres"
[0m18:11:03.805218 [debug] [ThreadPool]: On list_postgres: /* {"app": "dbt", "dbt_version": "1.12.0b3", "profile_name": "insurance_profile", "target_name": "dev", "connection_name": "list_postgres"} */

    select distinct nspname from pg_namespace
  
[0m18:11:03.805429 [debug] [ThreadPool]: Opening a new connection, currently in state init
[0m18:11:03.981046 [debug] [ThreadPool]: SQL status: SELECT 4 in 0.176 seconds
[0m18:11:03.981989 [debug] [ThreadPool]: On list_postgres: Close
[0m18:11:03.983528 [debug] [ThreadPool]: Acquiring new postgres connection 'list_postgres_public'
[0m18:11:03.987444 [debug] [ThreadPool]: Using postgres connection "list_postgres_public"
[0m18:11:03.987776 [debug] [ThreadPool]: On list_postgres_public: /* {"app": "dbt", "dbt_version": "1.12.0b3", "profile_name": "insurance_profile", "target_name": "dev", "connection_name": "list_postgres_public"} */
select
      'postgres' as database,
      tablename as name,
      schemaname as schema,
      'table' as type
    from pg_tables
    where schemaname ilike 'public'
    union all
    select
      'postgres' as database,
      viewname as name,
      schemaname as schema,
      'view' as type
    from pg_views
    where schemaname ilike 'public'
    union all
    select
      'postgres' as database,
      matviewname as name,
      schemaname as schema,
      'materialized_view' as type
    from pg_matviews
    where schemaname ilike 'public'
  
[0m18:11:03.988013 [debug] [ThreadPool]: Opening a new connection, currently in state init
[0m18:11:04.098138 [debug] [ThreadPool]: SQL status: SELECT 6 in 0.110 seconds
[0m18:11:04.099481 [debug] [ThreadPool]: On list_postgres_public: ROLLBACK
[0m18:11:04.100075 [debug] [ThreadPool]: On list_postgres_public: Close
[0m18:11:04.107190 [debug] [MainThread]: Using postgres connection "master"
[0m18:11:04.107648 [debug] [MainThread]: On master: /* {"app": "dbt", "dbt_version": "1.12.0b3", "profile_name": "insurance_profile", "target_name": "dev", "connection_name": "master"} */
select distinct
        dependent_namespace.nspname as dependent_schema,
        dependent_class.relname as dependent_name,
        referenced_namespace.nspname as referenced_schema,
        referenced_class.relname as referenced_name

    -- Query for views: views are entries in pg_class with an entry in pg_rewrite, but we avoid
    -- a seq scan on pg_rewrite by leveraging the fact there is an "internal" row in pg_depend for
    -- the view...
    from pg_class as dependent_class
    join pg_namespace as dependent_namespace on dependent_namespace.oid = dependent_class.relnamespace
    join pg_depend as dependent_depend on dependent_depend.refobjid = dependent_class.oid
        and dependent_depend.classid = 'pg_rewrite'::regclass
        and dependent_depend.refclassid = 'pg_class'::regclass
        and dependent_depend.deptype = 'i'

    -- ... and via pg_depend (that has a row per column, hence the need for "distinct" above, and
    -- making sure to exclude the internal row to avoid a view appearing to depend on itself)...
    join pg_depend as joining_depend on joining_depend.objid = dependent_depend.objid
        and joining_depend.classid = 'pg_rewrite'::regclass
        and joining_depend.refclassid = 'pg_class'::regclass
        and joining_depend.refobjid != dependent_depend.refobjid

    -- ... we can find the tables they query from in pg_class, but excluding system tables. Note we
    -- don't need need to exclude _dependent_ system tables, because they only query from other
    -- system tables, and so are automatically excluded by excluding _referenced_ system tables
    join pg_class as referenced_class on referenced_class.oid = joining_depend.refobjid
    join pg_namespace as referenced_namespace on referenced_namespace.oid = referenced_class.relnamespace
        and referenced_namespace.nspname != 'information_schema'
        and referenced_namespace.nspname not like 'pg\_%'

    order by
        dependent_schema, dependent_name, referenced_schema, referenced_name;
[0m18:11:04.108078 [debug] [MainThread]: Opening a new connection, currently in state init
[0m18:11:04.214761 [debug] [MainThread]: SQL status: SELECT 0 in 0.107 seconds
[0m18:11:04.215983 [debug] [MainThread]: Sending event: {'category': 'dbt', 'action': 'runnable_timing', 'label': '7d2fa8e9-b297-49cd-947f-4940e2ba3710', 'context': [<snowplow_tracker.self_describing_json.SelfDescribingJson object at 0x0000017D5A620460>]}
[0m18:11:04.216487 [debug] [MainThread]: On master: ROLLBACK
[0m18:11:04.217072 [debug] [MainThread]: On master: COMMIT
[0m18:11:04.217555 [debug] [MainThread]: Using postgres connection "master"
[0m18:11:04.217985 [debug] [MainThread]: On master: COMMIT
[0m18:11:04.218803 [debug] [MainThread]: SQL status: COMMIT in 0.000 seconds
[0m18:11:04.219100 [debug] [MainThread]: On master: Close
[0m18:11:04.224214 [debug] [Thread-1 (]: Began running node model.insurance_demo.stg_agents
[0m18:11:04.224952 [debug] [Thread-4 (]: Began running node model.insurance_demo.stg_customers
[0m18:11:04.225301 [debug] [Thread-2 (]: Began running node model.insurance_demo.stg_claim_payments
[0m18:11:04.225625 [info ] [Thread-1 (]: 1 of 9 START sql view model public.stg_agents .................................. [RUN]
[0m18:11:04.227214 [debug] [Thread-1 (]: Acquiring new postgres connection 'model.insurance_demo.stg_agents'
[0m18:11:04.226391 [debug] [Thread-3 (]: Began running node model.insurance_demo.stg_claims
[0m18:11:04.225983 [info ] [Thread-4 (]: 4 of 9 START sql view model public.stg_customers ............................... [RUN]
[0m18:11:04.228844 [debug] [Thread-4 (]: Acquiring new postgres connection 'model.insurance_demo.stg_customers'
[0m18:11:04.226759 [info ] [Thread-2 (]: 2 of 9 START sql view model public.stg_claim_payments .......................... [RUN]
[0m18:11:04.229528 [debug] [Thread-2 (]: Acquiring new postgres connection 'model.insurance_demo.stg_claim_payments'
[0m18:11:04.227863 [debug] [Thread-1 (]: Began compiling node model.insurance_demo.stg_agents
[0m18:11:04.234269 [debug] [Thread-1 (]: Writing injected SQL for node "model.insurance_demo.stg_agents"
[0m18:11:04.228444 [info ] [Thread-3 (]: 3 of 9 START sql view model public.stg_claims .................................. [RUN]
[0m18:11:04.229777 [debug] [Thread-2 (]: Began compiling node model.insurance_demo.stg_claim_payments
[0m18:11:04.229166 [debug] [Thread-4 (]: Began compiling node model.insurance_demo.stg_customers
[0m18:11:04.234795 [debug] [Thread-3 (]: Acquiring new postgres connection 'model.insurance_demo.stg_claims'
[0m18:11:04.236685 [debug] [Thread-2 (]: Writing injected SQL for node "model.insurance_demo.stg_claim_payments"
[0m18:11:04.238352 [debug] [Thread-4 (]: Writing injected SQL for node "model.insurance_demo.stg_customers"
[0m18:11:04.238679 [debug] [Thread-3 (]: Began compiling node model.insurance_demo.stg_claims
[0m18:11:04.240812 [debug] [Thread-3 (]: Writing injected SQL for node "model.insurance_demo.stg_claims"
[0m18:11:04.241751 [debug] [Thread-1 (]: Began executing node model.insurance_demo.stg_agents
[0m18:11:04.246475 [debug] [Thread-2 (]: Began executing node model.insurance_demo.stg_claim_payments
[0m18:11:04.272644 [debug] [Thread-2 (]: Writing runtime sql for node "model.insurance_demo.stg_claim_payments"
[0m18:11:04.262782 [debug] [Thread-3 (]: Began executing node model.insurance_demo.stg_claims
[0m18:11:04.275015 [debug] [Thread-3 (]: Writing runtime sql for node "model.insurance_demo.stg_claims"
[0m18:11:04.277587 [debug] [Thread-1 (]: Writing runtime sql for node "model.insurance_demo.stg_agents"
[0m18:11:04.277975 [debug] [Thread-4 (]: Began executing node model.insurance_demo.stg_customers
[0m18:11:04.280355 [debug] [Thread-4 (]: Writing runtime sql for node "model.insurance_demo.stg_customers"
[0m18:11:04.281513 [debug] [Thread-1 (]: Using postgres connection "model.insurance_demo.stg_agents"
[0m18:11:04.281880 [debug] [Thread-1 (]: On model.insurance_demo.stg_agents: /* {"app": "dbt", "dbt_version": "1.12.0b3", "profile_name": "insurance_profile", "target_name": "dev", "node_id": "model.insurance_demo.stg_agents"} */

  create view "postgres"."public"."stg_agents__dbt_tmp"
    
    
  as (
    select
    agent_id,
    agent_name
from "postgres"."public"."agents"
  );
[0m18:11:04.282214 [debug] [Thread-1 (]: Opening a new connection, currently in state init
[0m18:11:04.283111 [debug] [Thread-3 (]: Using postgres connection "model.insurance_demo.stg_claims"
[0m18:11:04.283410 [debug] [Thread-3 (]: On model.insurance_demo.stg_claims: /* {"app": "dbt", "dbt_version": "1.12.0b3", "profile_name": "insurance_profile", "target_name": "dev", "node_id": "model.insurance_demo.stg_claims"} */

  create view "postgres"."public"."stg_claims__dbt_tmp"
    
    
  as (
    select
    claim_id,
    policy_id,
    claim_date,
    claim_amount
from "postgres"."public"."claims"
  );
[0m18:11:04.283658 [debug] [Thread-3 (]: Opening a new connection, currently in state init
[0m18:11:04.284093 [debug] [Thread-2 (]: Using postgres connection "model.insurance_demo.stg_claim_payments"
[0m18:11:04.284381 [debug] [Thread-2 (]: On model.insurance_demo.stg_claim_payments: /* {"app": "dbt", "dbt_version": "1.12.0b3", "profile_name": "insurance_profile", "target_name": "dev", "node_id": "model.insurance_demo.stg_claim_payments"} */

  create view "postgres"."public"."stg_claim_payments__dbt_tmp"
    
    
  as (
    select
    payment_id,
    claim_id,
    payment_date,
    payment_amount
from "postgres"."public"."claim_payments"
  );
[0m18:11:04.284904 [debug] [Thread-2 (]: Opening a new connection, currently in state init
[0m18:11:04.284665 [debug] [Thread-4 (]: Using postgres connection "model.insurance_demo.stg_customers"
[0m18:11:04.285693 [debug] [Thread-4 (]: On model.insurance_demo.stg_customers: /* {"app": "dbt", "dbt_version": "1.12.0b3", "profile_name": "insurance_profile", "target_name": "dev", "node_id": "model.insurance_demo.stg_customers"} */

  create view "postgres"."public"."stg_customers__dbt_tmp"
    
    
  as (
    select
    customer_id,
    customer_name,
    city
from "postgres"."public"."customers"
  );
[0m18:11:04.286086 [debug] [Thread-4 (]: Opening a new connection, currently in state init
[0m18:11:04.377333 [debug] [Thread-1 (]: SQL status: CREATE VIEW in 0.095 seconds
[0m18:11:04.382262 [debug] [Thread-1 (]: Using postgres connection "model.insurance_demo.stg_agents"
[0m18:11:04.382996 [debug] [Thread-1 (]: On model.insurance_demo.stg_agents: /* {"app": "dbt", "dbt_version": "1.12.0b3", "profile_name": "insurance_profile", "target_name": "dev", "node_id": "model.insurance_demo.stg_agents"} */
alter table "postgres"."public"."stg_agents__dbt_tmp" rename to "stg_agents"
[0m18:11:04.382623 [debug] [Thread-3 (]: SQL status: CREATE VIEW in 0.099 seconds
[0m18:11:04.385180 [debug] [Thread-3 (]: Using postgres connection "model.insurance_demo.stg_claims"
[0m18:11:04.385852 [debug] [Thread-3 (]: On model.insurance_demo.stg_claims: /* {"app": "dbt", "dbt_version": "1.12.0b3", "profile_name": "insurance_profile", "target_name": "dev", "node_id": "model.insurance_demo.stg_claims"} */
alter table "postgres"."public"."stg_claims__dbt_tmp" rename to "stg_claims"
[0m18:11:04.386189 [debug] [Thread-2 (]: SQL status: CREATE VIEW in 0.101 seconds
[0m18:11:04.388282 [debug] [Thread-2 (]: Using postgres connection "model.insurance_demo.stg_claim_payments"
[0m18:11:04.385535 [debug] [Thread-1 (]: SQL status: ALTER TABLE in 0.002 seconds
[0m18:11:04.388577 [debug] [Thread-4 (]: SQL status: CREATE VIEW in 0.102 seconds
[0m18:11:04.388838 [debug] [Thread-2 (]: On model.insurance_demo.stg_claim_payments: /* {"app": "dbt", "dbt_version": "1.12.0b3", "profile_name": "insurance_profile", "target_name": "dev", "node_id": "model.insurance_demo.stg_claim_payments"} */
alter table "postgres"."public"."stg_claim_payments__dbt_tmp" rename to "stg_claim_payments"
[0m18:11:04.386462 [debug] [Thread-3 (]: SQL status: ALTER TABLE in 0.000 seconds
[0m18:11:04.399563 [debug] [Thread-1 (]: On model.insurance_demo.stg_agents: COMMIT
[0m18:11:04.401435 [debug] [Thread-4 (]: Using postgres connection "model.insurance_demo.stg_customers"
[0m18:11:04.403552 [debug] [Thread-4 (]: On model.insurance_demo.stg_customers: /* {"app": "dbt", "dbt_version": "1.12.0b3", "profile_name": "insurance_profile", "target_name": "dev", "node_id": "model.insurance_demo.stg_customers"} */
alter table "postgres"."public"."stg_customers__dbt_tmp" rename to "stg_customers"
[0m18:11:04.402876 [debug] [Thread-1 (]: Using postgres connection "model.insurance_demo.stg_agents"
[0m18:11:04.403998 [debug] [Thread-1 (]: On model.insurance_demo.stg_agents: COMMIT
[0m18:11:04.402569 [debug] [Thread-3 (]: On model.insurance_demo.stg_claims: COMMIT
[0m18:11:04.403154 [debug] [Thread-2 (]: SQL status: ALTER TABLE in 0.001 seconds
[0m18:11:04.405386 [debug] [Thread-2 (]: On model.insurance_demo.stg_claim_payments: COMMIT
[0m18:11:04.405653 [debug] [Thread-2 (]: Using postgres connection "model.insurance_demo.stg_claim_payments"
[0m18:11:04.404338 [debug] [Thread-4 (]: SQL status: ALTER TABLE in 0.001 seconds
[0m18:11:04.404556 [debug] [Thread-3 (]: Using postgres connection "model.insurance_demo.stg_claims"
[0m18:11:04.405875 [debug] [Thread-2 (]: On model.insurance_demo.stg_claim_payments: COMMIT
[0m18:11:04.406115 [debug] [Thread-1 (]: SQL status: COMMIT in 0.002 seconds
[0m18:11:04.406961 [debug] [Thread-4 (]: On model.insurance_demo.stg_customers: COMMIT
[0m18:11:04.407267 [debug] [Thread-3 (]: On model.insurance_demo.stg_claims: COMMIT
[0m18:11:04.411581 [debug] [Thread-1 (]: Applying DROP to: "postgres"."public"."stg_agents__dbt_backup"
[0m18:11:04.415592 [debug] [Thread-1 (]: Using postgres connection "model.insurance_demo.stg_agents"
[0m18:11:04.412255 [debug] [Thread-2 (]: SQL status: COMMIT in 0.005 seconds
[0m18:11:04.411972 [debug] [Thread-4 (]: Using postgres connection "model.insurance_demo.stg_customers"
[0m18:11:04.415900 [debug] [Thread-1 (]: On model.insurance_demo.stg_agents: /* {"app": "dbt", "dbt_version": "1.12.0b3", "profile_name": "insurance_profile", "target_name": "dev", "node_id": "model.insurance_demo.stg_agents"} */
drop view if exists "postgres"."public"."stg_agents__dbt_backup" cascade
[0m18:11:04.416128 [debug] [Thread-3 (]: SQL status: COMMIT in 0.004 seconds
[0m18:11:04.419611 [debug] [Thread-3 (]: Applying DROP to: "postgres"."public"."stg_claims__dbt_backup"
[0m18:11:04.418000 [debug] [Thread-4 (]: On model.insurance_demo.stg_customers: COMMIT
[0m18:11:04.417655 [debug] [Thread-2 (]: Applying DROP to: "postgres"."public"."stg_claim_payments__dbt_backup"
[0m18:11:04.421049 [debug] [Thread-2 (]: Using postgres connection "model.insurance_demo.stg_claim_payments"
[0m18:11:04.421560 [debug] [Thread-2 (]: On model.insurance_demo.stg_claim_payments: /* {"app": "dbt", "dbt_version": "1.12.0b3", "profile_name": "insurance_profile", "target_name": "dev", "node_id": "model.insurance_demo.stg_claim_payments"} */
drop view if exists "postgres"."public"."stg_claim_payments__dbt_backup" cascade
[0m18:11:04.421310 [debug] [Thread-4 (]: SQL status: COMMIT in 0.001 seconds
[0m18:11:04.420139 [debug] [Thread-3 (]: Using postgres connection "model.insurance_demo.stg_claims"
[0m18:11:04.420410 [debug] [Thread-1 (]: SQL status: DROP VIEW in 0.002 seconds
[0m18:11:04.423044 [debug] [Thread-4 (]: Applying DROP to: "postgres"."public"."stg_customers__dbt_backup"
[0m18:11:04.423335 [debug] [Thread-3 (]: On model.insurance_demo.stg_claims: /* {"app": "dbt", "dbt_version": "1.12.0b3", "profile_name": "insurance_profile", "target_name": "dev", "node_id": "model.insurance_demo.stg_claims"} */
drop view if exists "postgres"."public"."stg_claims__dbt_backup" cascade
[0m18:11:04.423562 [debug] [Thread-2 (]: SQL status: DROP VIEW in 0.002 seconds
[0m18:11:04.427042 [debug] [Thread-2 (]: On model.insurance_demo.stg_claim_payments: Close
[0m18:11:04.425958 [debug] [Thread-4 (]: Using postgres connection "model.insurance_demo.stg_customers"
[0m18:11:04.425258 [debug] [Thread-1 (]: On model.insurance_demo.stg_agents: Close
[0m18:11:04.428330 [debug] [Thread-4 (]: On model.insurance_demo.stg_customers: /* {"app": "dbt", "dbt_version": "1.12.0b3", "profile_name": "insurance_profile", "target_name": "dev", "node_id": "model.insurance_demo.stg_customers"} */
drop view if exists "postgres"."public"."stg_customers__dbt_backup" cascade
[0m18:11:04.428644 [debug] [Thread-3 (]: SQL status: DROP VIEW in 0.002 seconds
[0m18:11:04.430787 [debug] [Thread-3 (]: On model.insurance_demo.stg_claims: Close
[0m18:11:04.431491 [debug] [Thread-1 (]: Sending event: {'category': 'dbt', 'action': 'run_model', 'label': '7d2fa8e9-b297-49cd-947f-4940e2ba3710', 'context': [<snowplow_tracker.self_describing_json.SelfDescribingJson object at 0x0000017D57309D30>]}
[0m18:11:04.429464 [debug] [Thread-2 (]: Sending event: {'category': 'dbt', 'action': 'run_model', 'label': '7d2fa8e9-b297-49cd-947f-4940e2ba3710', 'context': [<snowplow_tracker.self_describing_json.SelfDescribingJson object at 0x0000017D5A84C7D0>]}
[0m18:11:04.432084 [debug] [Thread-4 (]: SQL status: DROP VIEW in 0.003 seconds
[0m18:11:04.432930 [debug] [Thread-3 (]: Sending event: {'category': 'dbt', 'action': 'run_model', 'label': '7d2fa8e9-b297-49cd-947f-4940e2ba3710', 'context': [<snowplow_tracker.self_describing_json.SelfDescribingJson object at 0x0000017D5A7854F0>]}
[0m18:11:04.433610 [info ] [Thread-1 (]: 1 of 9 OK created sql view model public.stg_agents ............................. [[32mCREATE VIEW[0m in 0.20s]
[0m18:11:04.434950 [info ] [Thread-2 (]: 2 of 9 OK created sql view model public.stg_claim_payments ..................... [[32mCREATE VIEW[0m in 0.20s]
[0m18:11:04.436604 [debug] [Thread-4 (]: On model.insurance_demo.stg_customers: Close
[0m18:11:04.438537 [debug] [Thread-4 (]: Sending event: {'category': 'dbt', 'action': 'run_model', 'label': '7d2fa8e9-b297-49cd-947f-4940e2ba3710', 'context': [<snowplow_tracker.self_describing_json.SelfDescribingJson object at 0x0000017D5A5F60D0>]}
[0m18:11:04.437117 [info ] [Thread-3 (]: 3 of 9 OK created sql view model public.stg_claims ............................. [[32mCREATE VIEW[0m in 0.20s]
[0m18:11:04.439332 [debug] [Thread-3 (]: Finished running node model.insurance_demo.stg_claims
[0m18:11:04.437554 [debug] [Thread-1 (]: Finished running node model.insurance_demo.stg_agents
[0m18:11:04.438037 [debug] [Thread-2 (]: Finished running node model.insurance_demo.stg_claim_payments
[0m18:11:04.438974 [info ] [Thread-4 (]: 4 of 9 OK created sql view model public.stg_customers .......................... [[32mCREATE VIEW[0m in 0.21s]
[0m18:11:04.439762 [debug] [Thread-3 (]: Began running node model.insurance_demo.stg_policies
[0m18:11:04.440473 [debug] [Thread-1 (]: Began running node model.insurance_demo.stg_policy_types
[0m18:11:04.441354 [debug] [Thread-2 (]: Began running node model.insurance_demo.int_claims_per_policy
[0m18:11:04.442107 [debug] [Thread-4 (]: Finished running node model.insurance_demo.stg_customers
[0m18:11:04.444454 [debug] [Thread-4 (]: Began running node model.insurance_demo.int_payments_per_policy
[0m18:11:04.443060 [info ] [Thread-1 (]: 6 of 9 START sql view model public.stg_policy_types ............................ [RUN]
[0m18:11:04.445962 [debug] [Thread-1 (]: Re-using an available connection from the pool (formerly model.insurance_demo.stg_agents, now model.insurance_demo.stg_policy_types)
[0m18:11:04.442612 [info ] [Thread-3 (]: 5 of 9 START sql view model public.stg_policies ................................ [RUN]
[0m18:11:04.447196 [debug] [Thread-3 (]: Re-using an available connection from the pool (formerly model.insurance_demo.stg_claims, now model.insurance_demo.stg_policies)
[0m18:11:04.443673 [info ] [Thread-2 (]: 7 of 9 START sql view model public.int_claims_per_policy ....................... [RUN]
[0m18:11:04.447941 [debug] [Thread-2 (]: Re-using an available connection from the pool (formerly model.insurance_demo.stg_claim_payments, now model.insurance_demo.int_claims_per_policy)
[0m18:11:04.445369 [info ] [Thread-4 (]: 8 of 9 START sql view model public.int_payments_per_policy ..................... [RUN]
[0m18:11:04.448562 [debug] [Thread-4 (]: Re-using an available connection from the pool (formerly model.insurance_demo.stg_customers, now model.insurance_demo.int_payments_per_policy)
[0m18:11:04.446666 [debug] [Thread-1 (]: Began compiling node model.insurance_demo.stg_policy_types
[0m18:11:04.450634 [debug] [Thread-1 (]: Writing injected SQL for node "model.insurance_demo.stg_policy_types"
[0m18:11:04.447537 [debug] [Thread-3 (]: Began compiling node model.insurance_demo.stg_policies
[0m18:11:04.448844 [debug] [Thread-4 (]: Began compiling node model.insurance_demo.int_payments_per_policy
[0m18:11:04.448231 [debug] [Thread-2 (]: Began compiling node model.insurance_demo.int_claims_per_policy
[0m18:11:04.452449 [debug] [Thread-3 (]: Writing injected SQL for node "model.insurance_demo.stg_policies"
[0m18:11:04.454434 [debug] [Thread-4 (]: Writing injected SQL for node "model.insurance_demo.int_payments_per_policy"
[0m18:11:04.456146 [debug] [Thread-2 (]: Writing injected SQL for node "model.insurance_demo.int_claims_per_policy"
[0m18:11:04.457022 [debug] [Thread-1 (]: Began executing node model.insurance_demo.stg_policy_types
[0m18:11:04.459638 [debug] [Thread-1 (]: Writing runtime sql for node "model.insurance_demo.stg_policy_types"
[0m18:11:04.460034 [debug] [Thread-3 (]: Began executing node model.insurance_demo.stg_policies
[0m18:11:04.462777 [debug] [Thread-3 (]: Writing runtime sql for node "model.insurance_demo.stg_policies"
[0m18:11:04.464107 [debug] [Thread-2 (]: Began executing node model.insurance_demo.int_claims_per_policy
[0m18:11:04.466984 [debug] [Thread-2 (]: Writing runtime sql for node "model.insurance_demo.int_claims_per_policy"
[0m18:11:04.467606 [debug] [Thread-1 (]: Using postgres connection "model.insurance_demo.stg_policy_types"
[0m18:11:04.468721 [debug] [Thread-1 (]: On model.insurance_demo.stg_policy_types: /* {"app": "dbt", "dbt_version": "1.12.0b3", "profile_name": "insurance_profile", "target_name": "dev", "node_id": "model.insurance_demo.stg_policy_types"} */

  create view "postgres"."public"."stg_policy_types__dbt_tmp"
    
    
  as (
    select
    policy_type_id,
    policy_type_name
from "postgres"."public"."policy_types"
  );
[0m18:11:04.469063 [debug] [Thread-1 (]: Opening a new connection, currently in state closed
[0m18:11:04.468388 [debug] [Thread-4 (]: Began executing node model.insurance_demo.int_payments_per_policy
[0m18:11:04.467983 [debug] [Thread-3 (]: Using postgres connection "model.insurance_demo.stg_policies"
[0m18:11:04.471825 [debug] [Thread-3 (]: On model.insurance_demo.stg_policies: /* {"app": "dbt", "dbt_version": "1.12.0b3", "profile_name": "insurance_profile", "target_name": "dev", "node_id": "model.insurance_demo.stg_policies"} */

  create view "postgres"."public"."stg_policies__dbt_tmp"
    
    
  as (
    select
    policy_id,
    customer_id,
    agent_id,
    policy_type_id,
    premium,
    start_date
from "postgres"."public"."policies"
  );
[0m18:11:04.472095 [debug] [Thread-3 (]: Opening a new connection, currently in state closed
[0m18:11:04.471464 [debug] [Thread-4 (]: Writing runtime sql for node "model.insurance_demo.int_payments_per_policy"
[0m18:11:04.473120 [debug] [Thread-2 (]: Using postgres connection "model.insurance_demo.int_claims_per_policy"
[0m18:11:04.473444 [debug] [Thread-2 (]: On model.insurance_demo.int_claims_per_policy: /* {"app": "dbt", "dbt_version": "1.12.0b3", "profile_name": "insurance_profile", "target_name": "dev", "node_id": "model.insurance_demo.int_claims_per_policy"} */

  create view "postgres"."public"."int_claims_per_policy__dbt_tmp"
    
    
  as (
    with claims as (
    select * from "postgres"."public"."stg_claims"
)

select 
    policy_id,
    count(*) as claim_count,
    sum(claim_amount) as total_claim_amount
from claims
where claim_date >= current_date - interval '12 months'
group by policy_id
  );
[0m18:11:04.473698 [debug] [Thread-2 (]: Opening a new connection, currently in state closed
[0m18:11:04.476260 [debug] [Thread-4 (]: Using postgres connection "model.insurance_demo.int_payments_per_policy"
[0m18:11:04.476570 [debug] [Thread-4 (]: On model.insurance_demo.int_payments_per_policy: /* {"app": "dbt", "dbt_version": "1.12.0b3", "profile_name": "insurance_profile", "target_name": "dev", "node_id": "model.insurance_demo.int_payments_per_policy"} */

  create view "postgres"."public"."int_payments_per_policy__dbt_tmp"
    
    
  as (
    with claims as (
    select * from "postgres"."public"."stg_claims"
),
claim_payments as (
    select * from "postgres"."public"."stg_claim_payments"
)

select 
    c.policy_id,
    sum(cp.payment_amount) as total_claim_payments
from claims c 
join claim_payments cp on cp.claim_id = c.claim_id
where c.claim_date >= current_date - interval '12 months'
group by c.policy_id
  );
[0m18:11:04.476815 [debug] [Thread-4 (]: Opening a new connection, currently in state closed
[0m18:11:04.590226 [debug] [Thread-1 (]: SQL status: CREATE VIEW in 0.121 seconds
[0m18:11:04.593345 [debug] [Thread-1 (]: Using postgres connection "model.insurance_demo.stg_policy_types"
[0m18:11:04.593844 [debug] [Thread-1 (]: On model.insurance_demo.stg_policy_types: /* {"app": "dbt", "dbt_version": "1.12.0b3", "profile_name": "insurance_profile", "target_name": "dev", "node_id": "model.insurance_demo.stg_policy_types"} */
alter table "postgres"."public"."stg_policy_types__dbt_tmp" rename to "stg_policy_types"
[0m18:11:04.594674 [debug] [Thread-1 (]: SQL status: ALTER TABLE in 0.000 seconds
[0m18:11:04.595814 [debug] [Thread-1 (]: On model.insurance_demo.stg_policy_types: COMMIT
[0m18:11:04.596133 [debug] [Thread-1 (]: Using postgres connection "model.insurance_demo.stg_policy_types"
[0m18:11:04.596404 [debug] [Thread-1 (]: On model.insurance_demo.stg_policy_types: COMMIT
[0m18:11:04.597503 [debug] [Thread-1 (]: SQL status: COMMIT in 0.001 seconds
[0m18:11:04.599043 [debug] [Thread-1 (]: Applying DROP to: "postgres"."public"."stg_policy_types__dbt_backup"
[0m18:11:04.599550 [debug] [Thread-1 (]: Using postgres connection "model.insurance_demo.stg_policy_types"
[0m18:11:04.599796 [debug] [Thread-1 (]: On model.insurance_demo.stg_policy_types: /* {"app": "dbt", "dbt_version": "1.12.0b3", "profile_name": "insurance_profile", "target_name": "dev", "node_id": "model.insurance_demo.stg_policy_types"} */
drop view if exists "postgres"."public"."stg_policy_types__dbt_backup" cascade
[0m18:11:04.600119 [debug] [Thread-3 (]: SQL status: CREATE VIEW in 0.128 seconds
[0m18:11:04.602029 [debug] [Thread-3 (]: Using postgres connection "model.insurance_demo.stg_policies"
[0m18:11:04.602330 [debug] [Thread-3 (]: On model.insurance_demo.stg_policies: /* {"app": "dbt", "dbt_version": "1.12.0b3", "profile_name": "insurance_profile", "target_name": "dev", "node_id": "model.insurance_demo.stg_policies"} */
alter table "postgres"."public"."stg_policies__dbt_tmp" rename to "stg_policies"
[0m18:11:04.602640 [debug] [Thread-1 (]: SQL status: DROP VIEW in 0.003 seconds
[0m18:11:04.603712 [debug] [Thread-1 (]: On model.insurance_demo.stg_policy_types: Close
[0m18:11:04.604059 [debug] [Thread-3 (]: SQL status: ALTER TABLE in 0.001 seconds
[0m18:11:04.605577 [debug] [Thread-3 (]: On model.insurance_demo.stg_policies: COMMIT
[0m18:11:04.604558 [debug] [Thread-1 (]: Sending event: {'category': 'dbt', 'action': 'run_model', 'label': '7d2fa8e9-b297-49cd-947f-4940e2ba3710', 'context': [<snowplow_tracker.self_describing_json.SelfDescribingJson object at 0x0000017D5A6656A0>]}
[0m18:11:04.605909 [debug] [Thread-3 (]: Using postgres connection "model.insurance_demo.stg_policies"
[0m18:11:04.606647 [debug] [Thread-3 (]: On model.insurance_demo.stg_policies: COMMIT
[0m18:11:04.606371 [info ] [Thread-1 (]: 6 of 9 OK created sql view model public.stg_policy_types ....................... [[32mCREATE VIEW[0m in 0.16s]
[0m18:11:04.607329 [debug] [Thread-1 (]: Finished running node model.insurance_demo.stg_policy_types
[0m18:11:04.607824 [debug] [Thread-3 (]: SQL status: COMMIT in 0.001 seconds
[0m18:11:04.609283 [debug] [Thread-3 (]: Applying DROP to: "postgres"."public"."stg_policies__dbt_backup"
[0m18:11:04.609776 [debug] [Thread-3 (]: Using postgres connection "model.insurance_demo.stg_policies"
[0m18:11:04.610043 [debug] [Thread-3 (]: On model.insurance_demo.stg_policies: /* {"app": "dbt", "dbt_version": "1.12.0b3", "profile_name": "insurance_profile", "target_name": "dev", "node_id": "model.insurance_demo.stg_policies"} */
drop view if exists "postgres"."public"."stg_policies__dbt_backup" cascade
[0m18:11:04.610879 [debug] [Thread-3 (]: SQL status: DROP VIEW in 0.000 seconds
[0m18:11:04.612129 [debug] [Thread-3 (]: On model.insurance_demo.stg_policies: Close
[0m18:11:04.612720 [debug] [Thread-3 (]: Sending event: {'category': 'dbt', 'action': 'run_model', 'label': '7d2fa8e9-b297-49cd-947f-4940e2ba3710', 'context': [<snowplow_tracker.self_describing_json.SelfDescribingJson object at 0x0000017D5A8CDA90>]}
[0m18:11:04.613668 [debug] [Thread-2 (]: SQL status: CREATE VIEW in 0.140 seconds
[0m18:11:04.616008 [debug] [Thread-2 (]: Using postgres connection "model.insurance_demo.int_claims_per_policy"
[0m18:11:04.613363 [info ] [Thread-3 (]: 5 of 9 OK created sql view model public.stg_policies ........................... [[32mCREATE VIEW[0m in 0.17s]
[0m18:11:04.617162 [debug] [Thread-3 (]: Finished running node model.insurance_demo.stg_policies
[0m18:11:04.616366 [debug] [Thread-2 (]: On model.insurance_demo.int_claims_per_policy: /* {"app": "dbt", "dbt_version": "1.12.0b3", "profile_name": "insurance_profile", "target_name": "dev", "node_id": "model.insurance_demo.int_claims_per_policy"} */
alter table "postgres"."public"."int_claims_per_policy__dbt_tmp" rename to "int_claims_per_policy"
[0m18:11:04.618265 [debug] [Thread-2 (]: SQL status: ALTER TABLE in 0.000 seconds
[0m18:11:04.619434 [debug] [Thread-2 (]: On model.insurance_demo.int_claims_per_policy: COMMIT
[0m18:11:04.619834 [debug] [Thread-2 (]: Using postgres connection "model.insurance_demo.int_claims_per_policy"
[0m18:11:04.620111 [debug] [Thread-2 (]: On model.insurance_demo.int_claims_per_policy: COMMIT
[0m18:11:04.621031 [debug] [Thread-2 (]: SQL status: COMMIT in 0.001 seconds
[0m18:11:04.622478 [debug] [Thread-2 (]: Applying DROP to: "postgres"."public"."int_claims_per_policy__dbt_backup"
[0m18:11:04.622956 [debug] [Thread-2 (]: Using postgres connection "model.insurance_demo.int_claims_per_policy"
[0m18:11:04.623203 [debug] [Thread-2 (]: On model.insurance_demo.int_claims_per_policy: /* {"app": "dbt", "dbt_version": "1.12.0b3", "profile_name": "insurance_profile", "target_name": "dev", "node_id": "model.insurance_demo.int_claims_per_policy"} */
drop view if exists "postgres"."public"."int_claims_per_policy__dbt_backup" cascade
[0m18:11:04.623820 [debug] [Thread-2 (]: SQL status: DROP VIEW in 0.000 seconds
[0m18:11:04.624691 [debug] [Thread-2 (]: On model.insurance_demo.int_claims_per_policy: Close
[0m18:11:04.624985 [debug] [Thread-4 (]: SQL status: CREATE VIEW in 0.148 seconds
[0m18:11:04.627241 [debug] [Thread-4 (]: Using postgres connection "model.insurance_demo.int_payments_per_policy"
[0m18:11:04.625349 [debug] [Thread-2 (]: Sending event: {'category': 'dbt', 'action': 'run_model', 'label': '7d2fa8e9-b297-49cd-947f-4940e2ba3710', 'context': [<snowplow_tracker.self_describing_json.SelfDescribingJson object at 0x0000017D5A8CEA50>]}
[0m18:11:04.627573 [debug] [Thread-4 (]: On model.insurance_demo.int_payments_per_policy: /* {"app": "dbt", "dbt_version": "1.12.0b3", "profile_name": "insurance_profile", "target_name": "dev", "node_id": "model.insurance_demo.int_payments_per_policy"} */
alter table "postgres"."public"."int_payments_per_policy__dbt_tmp" rename to "int_payments_per_policy"
[0m18:11:04.628065 [info ] [Thread-2 (]: 7 of 9 OK created sql view model public.int_claims_per_policy .................. [[32mCREATE VIEW[0m in 0.18s]
[0m18:11:04.628648 [debug] [Thread-2 (]: Finished running node model.insurance_demo.int_claims_per_policy
[0m18:11:04.628939 [debug] [Thread-4 (]: SQL status: ALTER TABLE in 0.001 seconds
[0m18:11:04.630914 [debug] [Thread-4 (]: On model.insurance_demo.int_payments_per_policy: COMMIT
[0m18:11:04.631451 [debug] [Thread-4 (]: Using postgres connection "model.insurance_demo.int_payments_per_policy"
[0m18:11:04.631720 [debug] [Thread-4 (]: On model.insurance_demo.int_payments_per_policy: COMMIT
[0m18:11:04.632724 [debug] [Thread-4 (]: SQL status: COMMIT in 0.001 seconds
[0m18:11:04.634119 [debug] [Thread-4 (]: Applying DROP to: "postgres"."public"."int_payments_per_policy__dbt_backup"
[0m18:11:04.634575 [debug] [Thread-4 (]: Using postgres connection "model.insurance_demo.int_payments_per_policy"
[0m18:11:04.634815 [debug] [Thread-4 (]: On model.insurance_demo.int_payments_per_policy: /* {"app": "dbt", "dbt_version": "1.12.0b3", "profile_name": "insurance_profile", "target_name": "dev", "node_id": "model.insurance_demo.int_payments_per_policy"} */
drop view if exists "postgres"."public"."int_payments_per_policy__dbt_backup" cascade
[0m18:11:04.635389 [debug] [Thread-4 (]: SQL status: DROP VIEW in 0.000 seconds
[0m18:11:04.636209 [debug] [Thread-4 (]: On model.insurance_demo.int_payments_per_policy: Close
[0m18:11:04.636621 [debug] [Thread-4 (]: Sending event: {'category': 'dbt', 'action': 'run_model', 'label': '7d2fa8e9-b297-49cd-947f-4940e2ba3710', 'context': [<snowplow_tracker.self_describing_json.SelfDescribingJson object at 0x0000017D5A8CFAD0>]}
[0m18:11:04.637051 [info ] [Thread-4 (]: 8 of 9 OK created sql view model public.int_payments_per_policy ................ [[32mCREATE VIEW[0m in 0.19s]
[0m18:11:04.637691 [debug] [Thread-4 (]: Finished running node model.insurance_demo.int_payments_per_policy
[0m18:11:04.638276 [debug] [Thread-1 (]: Began running node model.insurance_demo.claim_risk_report
[0m18:11:04.638674 [info ] [Thread-1 (]: 9 of 9 START sql table model public.claim_risk_report .......................... [RUN]
[0m18:11:04.639365 [debug] [Thread-1 (]: Re-using an available connection from the pool (formerly model.insurance_demo.stg_policy_types, now model.insurance_demo.claim_risk_report)
[0m18:11:04.639806 [debug] [Thread-1 (]: Began compiling node model.insurance_demo.claim_risk_report
[0m18:11:04.642699 [debug] [Thread-1 (]: Writing injected SQL for node "model.insurance_demo.claim_risk_report"
[0m18:11:04.644691 [debug] [Thread-1 (]: Began executing node model.insurance_demo.claim_risk_report
[0m18:11:04.659501 [debug] [Thread-1 (]: Writing runtime sql for node "model.insurance_demo.claim_risk_report"
[0m18:11:04.661645 [debug] [Thread-1 (]: Using postgres connection "model.insurance_demo.claim_risk_report"
[0m18:11:04.662054 [debug] [Thread-1 (]: On model.insurance_demo.claim_risk_report: /* {"app": "dbt", "dbt_version": "1.12.0b3", "profile_name": "insurance_profile", "target_name": "dev", "node_id": "model.insurance_demo.claim_risk_report"} */

  
    

  create  table "postgres"."public"."claim_risk_report__dbt_tmp"
  
  
    as
  
  (
    with policies as (
    select * from "postgres"."public"."stg_policies"
),
customers as (
    select * from "postgres"."public"."stg_customers"
),
agents as (
    select * from "postgres"."public"."stg_agents"
),
policy_types as (
    select * from "postgres"."public"."stg_policy_types"
),
claims_agg as (
    select * from "postgres"."public"."int_claims_per_policy"
),
pay_agg as (
    select * from "postgres"."public"."int_payments_per_policy"
),
report as (
    select 
        cu.customer_name,
        cu.city,
        pt.policy_type_name as policy_type,
        ag.agent_name,
        p.premium as total_premium_collected,
        ca.total_claim_amount,
        coalesce(pa.total_claim_payments, 0) as total_claim_payments,
        ca.claim_count,
        round(coalesce(pa.total_claim_payments, 0) * 100.0 / nullif(p.premium, 0), 2) as claim_ratio
    from policies p
    join customers cu on cu.customer_id = p.customer_id
    join agents ag on ag.agent_id = p.agent_id
    join policy_types pt on pt.policy_type_id = p.policy_type_id
    join claims_agg ca on ca.policy_id = p.policy_id
    left join pay_agg pa on pa.policy_id = p.policy_id
    where ca.claim_count >= 2
)

select 
    customer_name,
    city,
    policy_type,
    agent_name,
    total_premium_collected,
    total_claim_amount,
    total_claim_payments,
    claim_ratio,
    case
        when claim_ratio > 80 then 'High Risk'
        when claim_ratio >= 40 then 'Medium Risk'
        else 'Low Risk'
    end as risk_category,
    rank() over(partition by city order by claim_ratio desc) as rank_in_city
from report
order by city, rank_in_city
  );
  
[0m18:11:04.662452 [debug] [Thread-1 (]: Opening a new connection, currently in state closed
[0m18:11:04.737429 [debug] [Thread-1 (]: SQL status: SELECT 50 in 0.075 seconds
[0m18:11:04.741901 [debug] [Thread-1 (]: Using postgres connection "model.insurance_demo.claim_risk_report"
[0m18:11:04.742215 [debug] [Thread-1 (]: On model.insurance_demo.claim_risk_report: /* {"app": "dbt", "dbt_version": "1.12.0b3", "profile_name": "insurance_profile", "target_name": "dev", "node_id": "model.insurance_demo.claim_risk_report"} */
alter table "postgres"."public"."claim_risk_report__dbt_tmp" rename to "claim_risk_report"
[0m18:11:04.743509 [debug] [Thread-1 (]: SQL status: ALTER TABLE in 0.001 seconds
[0m18:11:04.744549 [debug] [Thread-1 (]: On model.insurance_demo.claim_risk_report: COMMIT
[0m18:11:04.744817 [debug] [Thread-1 (]: Using postgres connection "model.insurance_demo.claim_risk_report"
[0m18:11:04.745036 [debug] [Thread-1 (]: On model.insurance_demo.claim_risk_report: COMMIT
[0m18:11:04.746479 [debug] [Thread-1 (]: SQL status: COMMIT in 0.001 seconds
[0m18:11:04.747837 [debug] [Thread-1 (]: Applying DROP to: "postgres"."public"."claim_risk_report__dbt_backup"
[0m18:11:04.749695 [debug] [Thread-1 (]: Using postgres connection "model.insurance_demo.claim_risk_report"
[0m18:11:04.749963 [debug] [Thread-1 (]: On model.insurance_demo.claim_risk_report: /* {"app": "dbt", "dbt_version": "1.12.0b3", "profile_name": "insurance_profile", "target_name": "dev", "node_id": "model.insurance_demo.claim_risk_report"} */
drop table if exists "postgres"."public"."claim_risk_report__dbt_backup" cascade
[0m18:11:04.750553 [debug] [Thread-1 (]: SQL status: DROP TABLE in 0.000 seconds
[0m18:11:04.751368 [debug] [Thread-1 (]: On model.insurance_demo.claim_risk_report: Close
[0m18:11:04.751784 [debug] [Thread-1 (]: Sending event: {'category': 'dbt', 'action': 'run_model', 'label': '7d2fa8e9-b297-49cd-947f-4940e2ba3710', 'context': [<snowplow_tracker.self_describing_json.SelfDescribingJson object at 0x0000017D5A95BC50>]}
[0m18:11:04.752259 [info ] [Thread-1 (]: 9 of 9 OK created sql table model public.claim_risk_report ..................... [[32mSELECT 50[0m in 0.11s]
[0m18:11:04.752803 [debug] [Thread-1 (]: Finished running node model.insurance_demo.claim_risk_report
[0m18:11:04.754159 [debug] [MainThread]: On master: COMMIT
[0m18:11:04.754499 [debug] [MainThread]: Using postgres connection "master"
[0m18:11:04.754752 [debug] [MainThread]: On master: COMMIT
[0m18:11:04.754954 [debug] [MainThread]: Opening a new connection, currently in state closed
[0m18:11:04.823247 [debug] [MainThread]: SQL status: COMMIT in 0.068 seconds
[0m18:11:04.823585 [debug] [MainThread]: On master: Close
[0m18:11:04.823961 [debug] [MainThread]: Connection 'master' was properly closed.
[0m18:11:04.824196 [debug] [MainThread]: Connection 'list_postgres' was properly closed.
[0m18:11:04.824376 [debug] [MainThread]: Connection 'list_postgres_public' was properly closed.
[0m18:11:04.824536 [debug] [MainThread]: Connection 'model.insurance_demo.claim_risk_report' was properly closed.
[0m18:11:04.824683 [debug] [MainThread]: Connection 'model.insurance_demo.int_payments_per_policy' was properly closed.
[0m18:11:04.824835 [debug] [MainThread]: Connection 'model.insurance_demo.int_claims_per_policy' was properly closed.
[0m18:11:04.824983 [debug] [MainThread]: Connection 'model.insurance_demo.stg_policies' was properly closed.
[0m18:11:04.825225 [info ] [MainThread]: 
[0m18:11:04.825800 [info ] [MainThread]: Finished running 1 table model, 8 view models in 0 hours 0 minutes and 1.11 seconds (1.11s).
[0m18:11:04.827213 [debug] [MainThread]: Command end result
[0m18:11:04.845871 [debug] [MainThread]: Wrote artifact WritableManifest to C:\Users\User\Downloads\dbt_insurance_demo\target\manifest.json
[0m18:11:04.849221 [debug] [MainThread]: Wrote artifact SemanticManifest to C:\Users\User\Downloads\dbt_insurance_demo\target\semantic_manifest.json
[0m18:11:04.852210 [debug] [MainThread]: Wrote artifact OsiDocument to C:\Users\User\Downloads\dbt_insurance_demo\target\osi_document.json
[0m18:11:04.857973 [debug] [MainThread]: Wrote artifact RunExecutionResult to C:\Users\User\Downloads\dbt_insurance_demo\target\run_results.json
[0m18:11:04.858227 [info ] [MainThread]: 
[0m18:11:04.858650 [info ] [MainThread]: [32mCompleted successfully[0m
[0m18:11:04.859053 [info ] [MainThread]: 
[0m18:11:04.859382 [info ] [MainThread]: Done. PASS=9 WARN=0 ERROR=0 SKIP=0 NO-OP=0 REUSED=0 TOTAL=9
[0m18:11:04.860081 [debug] [MainThread]: Command `dbt run` succeeded at 18:11:04.859989 after 2.19 seconds
[0m18:11:04.860356 [debug] [MainThread]: Sending event: {'category': 'dbt', 'action': 'invocation', 'label': 'end', 'context': [<snowplow_tracker.self_describing_json.SelfDescribingJson object at 0x0000017D54850590>, <snowplow_tracker.self_describing_json.SelfDescribingJson object at 0x0000017D5AA5A210>, <snowplow_tracker.self_describing_json.SelfDescribingJson object at 0x0000017D5AA5A3F0>]}
[0m18:11:04.860622 [debug] [MainThread]: Flushing usage events
[0m18:11:07.033249 [debug] [MainThread]: An error was encountered while trying to flush usage events
[0m18:12:13.744827 [debug] [MainThread]: Sending event: {'category': 'dbt', 'action': 'invocation', 'label': 'start', 'context': [<snowplow_tracker.self_describing_json.SelfDescribingJson object at 0x000002D95641BA10>, <snowplow_tracker.self_describing_json.SelfDescribingJson object at 0x000002D953DCD090>, <snowplow_tracker.self_describing_json.SelfDescribingJson object at 0x000002D958D479D0>]}


============================== 18:12:13.752926 | 2a4d661f-ab2c-49ec-9b3a-9abb04ef428b ==============================
[0m18:12:13.752926 [info ] [MainThread]: Running with dbt=1.12.0-b3
[0m18:12:13.754178 [debug] [MainThread]: running dbt with arguments {'static_parser': 'True', 'no_print': 'None', 'maximum_seed_size_mib': '1', 'warn_error_options': 'WarnErrorOptionsV2(error=[], warn=[], silence=[])', 'version_check': 'True', 'target_path': 'None', 'printer_width': '80', 'write_json': 'True', 'introspect': 'True', 'log_cache_events': 'False', 'empty': 'None', 'cache_selected_only': 'False', 'log_format': 'default', 'debug': 'False', 'fail_fast': 'False', 'profiles_dir': 'C:\\Users\\User\\.dbt', 'send_anonymous_usage_stats': 'True', 'quiet': 'False', 'warn_error': 'None', 'partial_parse': 'True', 'use_colors': 'True', 'invocation_command': 'dbt test', 'indirect_selection': 'eager', 'use_experimental_parser': 'False', 'log_path': 'C:\\Users\\User\\Downloads\\dbt_insurance_demo\\logs'}
[0m18:12:13.911072 [debug] [MainThread]: Sending event: {'category': 'dbt', 'action': 'project_id', 'label': '2a4d661f-ab2c-49ec-9b3a-9abb04ef428b', 'context': [<snowplow_tracker.self_describing_json.SelfDescribingJson object at 0x000002D958CEDCD0>]}
[0m18:12:13.958285 [debug] [MainThread]: Sending event: {'category': 'dbt', 'action': 'adapter_info', 'label': '2a4d661f-ab2c-49ec-9b3a-9abb04ef428b', 'context': [<snowplow_tracker.self_describing_json.SelfDescribingJson object at 0x000002D958B0BBD0>]}
[0m18:12:13.959671 [info ] [MainThread]: Registered adapter: postgres=1.10.2
[0m18:12:14.121309 [debug] [MainThread]: checksum: f835d38e27f2c851a434d54286ec57eea49b211f2d0074fee97ef59e7c153b04, vars: {}, profile: insurance_profile, target: dev, version: 1.12.0b3
[0m18:12:14.255024 [debug] [MainThread]: Partial parsing enabled: 0 files deleted, 0 files added, 0 files changed.
[0m18:12:14.255363 [debug] [MainThread]: Nothing changed, skipping partial parsing.
[0m18:12:14.255572 [debug] [MainThread]: Partial parsing enabled, no changes found, skipping parsing
[0m18:12:14.287079 [debug] [MainThread]: Sending event: {'category': 'dbt', 'action': 'load_project', 'label': '2a4d661f-ab2c-49ec-9b3a-9abb04ef428b', 'context': [<snowplow_tracker.self_describing_json.SelfDescribingJson object at 0x000002D959778250>]}
[0m18:12:14.350110 [debug] [MainThread]: Wrote artifact WritableManifest to C:\Users\User\Downloads\dbt_insurance_demo\target\manifest.json
[0m18:12:14.353350 [debug] [MainThread]: Wrote artifact SemanticManifest to C:\Users\User\Downloads\dbt_insurance_demo\target\semantic_manifest.json
[0m18:12:14.371301 [debug] [MainThread]: Wrote artifact OsiDocument to C:\Users\User\Downloads\dbt_insurance_demo\target\osi_document.json
[0m18:12:14.389051 [debug] [MainThread]: Sending event: {'category': 'dbt', 'action': 'resource_counts', 'label': '2a4d661f-ab2c-49ec-9b3a-9abb04ef428b', 'context': [<snowplow_tracker.self_describing_json.SelfDescribingJson object at 0x000002D95983EB70>]}
[0m18:12:14.389423 [info ] [MainThread]: Found 9 models, 10 data tests, 6 sources, 475 macros
[0m18:12:14.389860 [debug] [MainThread]: Sending event: {'category': 'dbt', 'action': 'runnable_timing', 'label': '2a4d661f-ab2c-49ec-9b3a-9abb04ef428b', 'context': [<snowplow_tracker.self_describing_json.SelfDescribingJson object at 0x000002D9598EE270>]}
[0m18:12:14.391645 [info ] [MainThread]: 
[0m18:12:14.392133 [info ] [MainThread]: Concurrency: 4 threads (target='dev')
[0m18:12:14.392449 [info ] [MainThread]: 
[0m18:12:14.393033 [debug] [MainThread]: Acquiring new postgres connection 'master'
[0m18:12:14.396159 [debug] [ThreadPool]: Acquiring new postgres connection 'list_postgres_public'
[0m18:12:14.483561 [debug] [ThreadPool]: Using postgres connection "list_postgres_public"
[0m18:12:14.483884 [debug] [ThreadPool]: On list_postgres_public: /* {"app": "dbt", "dbt_version": "1.12.0b3", "profile_name": "insurance_profile", "target_name": "dev", "connection_name": "list_postgres_public"} */
select
      'postgres' as database,
      tablename as name,
      schemaname as schema,
      'table' as type
    from pg_tables
    where schemaname ilike 'public'
    union all
    select
      'postgres' as database,
      viewname as name,
      schemaname as schema,
      'view' as type
    from pg_views
    where schemaname ilike 'public'
    union all
    select
      'postgres' as database,
      matviewname as name,
      schemaname as schema,
      'materialized_view' as type
    from pg_matviews
    where schemaname ilike 'public'
  
[0m18:12:14.484157 [debug] [ThreadPool]: Opening a new connection, currently in state init
[0m18:12:14.561916 [debug] [ThreadPool]: SQL status: SELECT 15 in 0.078 seconds
[0m18:12:14.563022 [debug] [ThreadPool]: On list_postgres_public: ROLLBACK
[0m18:12:14.563447 [debug] [ThreadPool]: On list_postgres_public: Close
[0m18:12:14.568167 [debug] [MainThread]: Using postgres connection "master"
[0m18:12:14.568523 [debug] [MainThread]: On master: /* {"app": "dbt", "dbt_version": "1.12.0b3", "profile_name": "insurance_profile", "target_name": "dev", "connection_name": "master"} */
select distinct
        dependent_namespace.nspname as dependent_schema,
        dependent_class.relname as dependent_name,
        referenced_namespace.nspname as referenced_schema,
        referenced_class.relname as referenced_name

    -- Query for views: views are entries in pg_class with an entry in pg_rewrite, but we avoid
    -- a seq scan on pg_rewrite by leveraging the fact there is an "internal" row in pg_depend for
    -- the view...
    from pg_class as dependent_class
    join pg_namespace as dependent_namespace on dependent_namespace.oid = dependent_class.relnamespace
    join pg_depend as dependent_depend on dependent_depend.refobjid = dependent_class.oid
        and dependent_depend.classid = 'pg_rewrite'::regclass
        and dependent_depend.refclassid = 'pg_class'::regclass
        and dependent_depend.deptype = 'i'

    -- ... and via pg_depend (that has a row per column, hence the need for "distinct" above, and
    -- making sure to exclude the internal row to avoid a view appearing to depend on itself)...
    join pg_depend as joining_depend on joining_depend.objid = dependent_depend.objid
        and joining_depend.classid = 'pg_rewrite'::regclass
        and joining_depend.refclassid = 'pg_class'::regclass
        and joining_depend.refobjid != dependent_depend.refobjid

    -- ... we can find the tables they query from in pg_class, but excluding system tables. Note we
    -- don't need need to exclude _dependent_ system tables, because they only query from other
    -- system tables, and so are automatically excluded by excluding _referenced_ system tables
    join pg_class as referenced_class on referenced_class.oid = joining_depend.refobjid
    join pg_namespace as referenced_namespace on referenced_namespace.oid = referenced_class.relnamespace
        and referenced_namespace.nspname != 'information_schema'
        and referenced_namespace.nspname not like 'pg\_%'

    order by
        dependent_schema, dependent_name, referenced_schema, referenced_name;
[0m18:12:14.568787 [debug] [MainThread]: Opening a new connection, currently in state init
[0m18:12:14.649123 [debug] [MainThread]: SQL status: SELECT 9 in 0.080 seconds
[0m18:12:14.650963 [debug] [MainThread]: Sending event: {'category': 'dbt', 'action': 'runnable_timing', 'label': '2a4d661f-ab2c-49ec-9b3a-9abb04ef428b', 'context': [<snowplow_tracker.self_describing_json.SelfDescribingJson object at 0x000002D959B425B0>]}
[0m18:12:14.651276 [debug] [MainThread]: On master: ROLLBACK
[0m18:12:14.651622 [debug] [MainThread]: On master: COMMIT
[0m18:12:14.651832 [debug] [MainThread]: Using postgres connection "master"
[0m18:12:14.652006 [debug] [MainThread]: On master: COMMIT
[0m18:12:14.652320 [debug] [MainThread]: SQL status: COMMIT in 0.000 seconds
[0m18:12:14.652529 [debug] [MainThread]: On master: Close
[0m18:12:14.658204 [debug] [Thread-2 (]: Began running node test.insurance_demo.not_null_claim_risk_report_risk_category.a715a78e61
[0m18:12:14.658551 [debug] [Thread-1 (]: Began running node test.insurance_demo.accepted_values_claim_risk_report_risk_category__High_Risk__Medium_Risk__Low_Risk.5d4ee805c9
[0m18:12:14.658804 [debug] [Thread-3 (]: Began running node test.insurance_demo.not_null_stg_claims_claim_id.f8032ece86
[0m18:12:14.659081 [debug] [Thread-4 (]: Began running node test.insurance_demo.not_null_stg_claims_policy_id.7e20e3e912
[0m18:12:14.659423 [info ] [Thread-2 (]: 2 of 10 START test not_null_claim_risk_report_risk_category .................... [RUN]
[0m18:12:14.660689 [debug] [Thread-2 (]: Acquiring new postgres connection 'test.insurance_demo.not_null_claim_risk_report_risk_category.a715a78e61'
[0m18:12:14.661058 [debug] [Thread-2 (]: Began compiling node test.insurance_demo.not_null_claim_risk_report_risk_category.a715a78e61
[0m18:12:14.660015 [info ] [Thread-3 (]: 3 of 10 START test not_null_stg_claims_claim_id ................................ [RUN]
[0m18:12:14.660262 [info ] [Thread-4 (]: 4 of 10 START test not_null_stg_claims_policy_id ............................... [RUN]
[0m18:12:14.659699 [info ] [Thread-1 (]: 1 of 10 START test accepted_values_claim_risk_report_risk_category__High_Risk__Medium_Risk__Low_Risk  [RUN]
[0m18:12:14.673356 [debug] [Thread-1 (]: Acquiring new postgres connection 'test.insurance_demo.accepted_values_claim_risk_report_risk_category__High_Risk__Medium_Risk__Low_Risk.5d4ee805c9'
[0m18:12:14.673660 [debug] [Thread-1 (]: Began compiling node test.insurance_demo.accepted_values_claim_risk_report_risk_category__High_Risk__Medium_Risk__Low_Risk.5d4ee805c9
[0m18:12:14.680436 [debug] [Thread-1 (]: Writing injected SQL for node "test.insurance_demo.accepted_values_claim_risk_report_risk_category__High_Risk__Medium_Risk__Low_Risk.5d4ee805c9"
[0m18:12:14.671988 [debug] [Thread-2 (]: Writing injected SQL for node "test.insurance_demo.not_null_claim_risk_report_risk_category.a715a78e61"
[0m18:12:14.672506 [debug] [Thread-3 (]: Acquiring new postgres connection 'test.insurance_demo.not_null_stg_claims_claim_id.f8032ece86'
[0m18:12:14.672935 [debug] [Thread-4 (]: Acquiring new postgres connection 'test.insurance_demo.not_null_stg_claims_policy_id.7e20e3e912'
[0m18:12:14.681417 [debug] [Thread-4 (]: Began compiling node test.insurance_demo.not_null_stg_claims_policy_id.7e20e3e912
[0m18:12:14.684128 [debug] [Thread-4 (]: Writing injected SQL for node "test.insurance_demo.not_null_stg_claims_policy_id.7e20e3e912"
[0m18:12:14.681069 [debug] [Thread-3 (]: Began compiling node test.insurance_demo.not_null_stg_claims_claim_id.f8032ece86
[0m18:12:14.686932 [debug] [Thread-3 (]: Writing injected SQL for node "test.insurance_demo.not_null_stg_claims_claim_id.f8032ece86"
[0m18:12:14.691094 [debug] [Thread-4 (]: Began executing node test.insurance_demo.not_null_stg_claims_policy_id.7e20e3e912
[0m18:12:14.692069 [debug] [Thread-1 (]: Began executing node test.insurance_demo.accepted_values_claim_risk_report_risk_category__High_Risk__Medium_Risk__Low_Risk.5d4ee805c9
[0m18:12:14.710068 [debug] [Thread-1 (]: Writing runtime sql for node "test.insurance_demo.accepted_values_claim_risk_report_risk_category__High_Risk__Medium_Risk__Low_Risk.5d4ee805c9"
[0m18:12:14.716244 [debug] [Thread-4 (]: Writing runtime sql for node "test.insurance_demo.not_null_stg_claims_policy_id.7e20e3e912"
[0m18:12:14.717373 [debug] [Thread-3 (]: Began executing node test.insurance_demo.not_null_stg_claims_claim_id.f8032ece86
[0m18:12:14.719391 [debug] [Thread-3 (]: Writing runtime sql for node "test.insurance_demo.not_null_stg_claims_claim_id.f8032ece86"
[0m18:12:14.719853 [debug] [Thread-2 (]: Began executing node test.insurance_demo.not_null_claim_risk_report_risk_category.a715a78e61
[0m18:12:14.721521 [debug] [Thread-2 (]: Writing runtime sql for node "test.insurance_demo.not_null_claim_risk_report_risk_category.a715a78e61"
[0m18:12:14.722675 [debug] [Thread-3 (]: Using postgres connection "test.insurance_demo.not_null_stg_claims_claim_id.f8032ece86"
[0m18:12:14.723344 [debug] [Thread-3 (]: On test.insurance_demo.not_null_stg_claims_claim_id.f8032ece86: /* {"app": "dbt", "dbt_version": "1.12.0b3", "profile_name": "insurance_profile", "target_name": "dev", "node_id": "test.insurance_demo.not_null_stg_claims_claim_id.f8032ece86"} */

    
    select
      count(*) as failures,
      count(*) != 0 as should_warn,
      count(*) != 0 as should_error
    from (
      
    
  
    
    



select claim_id
from "postgres"."public"."stg_claims"
where claim_id is null



  
  
      
    ) dbt_internal_test
[0m18:12:14.723844 [debug] [Thread-3 (]: Opening a new connection, currently in state init
[0m18:12:14.724306 [debug] [Thread-1 (]: Using postgres connection "test.insurance_demo.accepted_values_claim_risk_report_risk_category__High_Risk__Medium_Risk__Low_Risk.5d4ee805c9"
[0m18:12:14.724610 [debug] [Thread-1 (]: On test.insurance_demo.accepted_values_claim_risk_report_risk_category__High_Risk__Medium_Risk__Low_Risk.5d4ee805c9: /* {"app": "dbt", "dbt_version": "1.12.0b3", "profile_name": "insurance_profile", "target_name": "dev", "node_id": "test.insurance_demo.accepted_values_claim_risk_report_risk_category__High_Risk__Medium_Risk__Low_Risk.5d4ee805c9"} */

    
    select
      count(*) as failures,
      count(*) != 0 as should_warn,
      count(*) != 0 as should_error
    from (
      
    
  
    
    

with all_values as (

    select
        risk_category as value_field,
        count(*) as n_records

    from "postgres"."public"."claim_risk_report"
    group by risk_category

)

select *
from all_values
where value_field not in (
    'High Risk','Medium Risk','Low Risk'
)



  
  
      
    ) dbt_internal_test
[0m18:12:14.722991 [debug] [Thread-4 (]: Using postgres connection "test.insurance_demo.not_null_stg_claims_policy_id.7e20e3e912"
[0m18:12:14.725203 [debug] [Thread-4 (]: On test.insurance_demo.not_null_stg_claims_policy_id.7e20e3e912: /* {"app": "dbt", "dbt_version": "1.12.0b3", "profile_name": "insurance_profile", "target_name": "dev", "node_id": "test.insurance_demo.not_null_stg_claims_policy_id.7e20e3e912"} */

    
    select
      count(*) as failures,
      count(*) != 0 as should_warn,
      count(*) != 0 as should_error
    from (
      
    
  
    
    



select policy_id
from "postgres"."public"."stg_claims"
where policy_id is null



  
  
      
    ) dbt_internal_test
[0m18:12:14.725476 [debug] [Thread-4 (]: Opening a new connection, currently in state init
[0m18:12:14.724878 [debug] [Thread-1 (]: Opening a new connection, currently in state init
[0m18:12:14.725879 [debug] [Thread-2 (]: Using postgres connection "test.insurance_demo.not_null_claim_risk_report_risk_category.a715a78e61"
[0m18:12:14.727080 [debug] [Thread-2 (]: On test.insurance_demo.not_null_claim_risk_report_risk_category.a715a78e61: /* {"app": "dbt", "dbt_version": "1.12.0b3", "profile_name": "insurance_profile", "target_name": "dev", "node_id": "test.insurance_demo.not_null_claim_risk_report_risk_category.a715a78e61"} */

    
    select
      count(*) as failures,
      count(*) != 0 as should_warn,
      count(*) != 0 as should_error
    from (
      
    
  
    
    



select risk_category
from "postgres"."public"."claim_risk_report"
where risk_category is null



  
  
      
    ) dbt_internal_test
[0m18:12:14.727846 [debug] [Thread-2 (]: Opening a new connection, currently in state init
[0m18:12:14.803091 [debug] [Thread-3 (]: SQL status: SELECT 1 in 0.079 seconds
[0m18:12:14.806290 [debug] [Thread-3 (]: On test.insurance_demo.not_null_stg_claims_claim_id.f8032ece86: ROLLBACK
[0m18:12:14.806931 [debug] [Thread-3 (]: On test.insurance_demo.not_null_stg_claims_claim_id.f8032ece86: Close
[0m18:12:14.807510 [info ] [Thread-3 (]: 3 of 10 PASS not_null_stg_claims_claim_id ...................................... [[32mPASS[0m in 0.14s]
[0m18:12:14.808684 [debug] [Thread-3 (]: Finished running node test.insurance_demo.not_null_stg_claims_claim_id.f8032ece86
[0m18:12:14.809533 [debug] [Thread-3 (]: Began running node test.insurance_demo.not_null_stg_policies_customer_id.6c3638fada
[0m18:12:14.809100 [debug] [Thread-4 (]: SQL status: SELECT 1 in 0.084 seconds
[0m18:12:14.811838 [debug] [Thread-4 (]: On test.insurance_demo.not_null_stg_claims_policy_id.7e20e3e912: ROLLBACK
[0m18:12:14.810021 [info ] [Thread-3 (]: 5 of 10 START test not_null_stg_policies_customer_id ........................... [RUN]
[0m18:12:14.812474 [debug] [Thread-3 (]: Re-using an available connection from the pool (formerly test.insurance_demo.not_null_stg_claims_claim_id.f8032ece86, now test.insurance_demo.not_null_stg_policies_customer_id.6c3638fada)
[0m18:12:14.813184 [debug] [Thread-3 (]: Began compiling node test.insurance_demo.not_null_stg_policies_customer_id.6c3638fada
[0m18:12:14.815829 [debug] [Thread-3 (]: Writing injected SQL for node "test.insurance_demo.not_null_stg_policies_customer_id.6c3638fada"
[0m18:12:14.812922 [debug] [Thread-4 (]: On test.insurance_demo.not_null_stg_claims_policy_id.7e20e3e912: Close
[0m18:12:14.816550 [info ] [Thread-4 (]: 4 of 10 PASS not_null_stg_claims_policy_id ..................................... [[32mPASS[0m in 0.14s]
[0m18:12:14.817335 [debug] [Thread-4 (]: Finished running node test.insurance_demo.not_null_stg_claims_policy_id.7e20e3e912
[0m18:12:14.818300 [debug] [Thread-4 (]: Began running node test.insurance_demo.not_null_stg_policies_policy_id.83c6a6a32c
[0m18:12:14.817801 [debug] [Thread-3 (]: Began executing node test.insurance_demo.not_null_stg_policies_customer_id.6c3638fada
[0m18:12:14.820763 [debug] [Thread-3 (]: Writing runtime sql for node "test.insurance_demo.not_null_stg_policies_customer_id.6c3638fada"
[0m18:12:14.818801 [info ] [Thread-4 (]: 6 of 10 START test not_null_stg_policies_policy_id ............................. [RUN]
[0m18:12:14.821317 [debug] [Thread-4 (]: Re-using an available connection from the pool (formerly test.insurance_demo.not_null_stg_claims_policy_id.7e20e3e912, now test.insurance_demo.not_null_stg_policies_policy_id.83c6a6a32c)
[0m18:12:14.821736 [debug] [Thread-4 (]: Began compiling node test.insurance_demo.not_null_stg_policies_policy_id.83c6a6a32c
[0m18:12:14.824921 [debug] [Thread-4 (]: Writing injected SQL for node "test.insurance_demo.not_null_stg_policies_policy_id.83c6a6a32c"
[0m18:12:14.825545 [debug] [Thread-1 (]: SQL status: SELECT 1 in 0.101 seconds
[0m18:12:14.826820 [debug] [Thread-1 (]: On test.insurance_demo.accepted_values_claim_risk_report_risk_category__High_Risk__Medium_Risk__Low_Risk.5d4ee805c9: ROLLBACK
[0m18:12:14.827203 [debug] [Thread-3 (]: Using postgres connection "test.insurance_demo.not_null_stg_policies_customer_id.6c3638fada"
[0m18:12:14.827948 [debug] [Thread-3 (]: On test.insurance_demo.not_null_stg_policies_customer_id.6c3638fada: /* {"app": "dbt", "dbt_version": "1.12.0b3", "profile_name": "insurance_profile", "target_name": "dev", "node_id": "test.insurance_demo.not_null_stg_policies_customer_id.6c3638fada"} */

    
    select
      count(*) as failures,
      count(*) != 0 as should_warn,
      count(*) != 0 as should_error
    from (
      
    
  
    
    



select customer_id
from "postgres"."public"."stg_policies"
where customer_id is null



  
  
      
    ) dbt_internal_test
[0m18:12:14.828730 [debug] [Thread-3 (]: Opening a new connection, currently in state closed
[0m18:12:14.829173 [debug] [Thread-2 (]: SQL status: SELECT 1 in 0.101 seconds
[0m18:12:14.828305 [debug] [Thread-1 (]: On test.insurance_demo.accepted_values_claim_risk_report_risk_category__High_Risk__Medium_Risk__Low_Risk.5d4ee805c9: Close
[0m18:12:14.829506 [debug] [Thread-4 (]: Began executing node test.insurance_demo.not_null_stg_policies_policy_id.83c6a6a32c
[0m18:12:14.832143 [debug] [Thread-4 (]: Writing runtime sql for node "test.insurance_demo.not_null_stg_policies_policy_id.83c6a6a32c"
[0m18:12:14.830476 [debug] [Thread-2 (]: On test.insurance_demo.not_null_claim_risk_report_risk_category.a715a78e61: ROLLBACK
[0m18:12:14.832641 [info ] [Thread-1 (]: 1 of 10 PASS accepted_values_claim_risk_report_risk_category__High_Risk__Medium_Risk__Low_Risk  [[32mPASS[0m in 0.16s]
[0m18:12:14.833496 [debug] [Thread-1 (]: Finished running node test.insurance_demo.accepted_values_claim_risk_report_risk_category__High_Risk__Medium_Risk__Low_Risk.5d4ee805c9
[0m18:12:14.834204 [debug] [Thread-1 (]: Began running node test.insurance_demo.relationships_stg_claims_policy_id__policy_id__ref_stg_policies_.f863c76852
[0m18:12:14.833882 [debug] [Thread-2 (]: On test.insurance_demo.not_null_claim_risk_report_risk_category.a715a78e61: Close
[0m18:12:14.834484 [info ] [Thread-1 (]: 7 of 10 START test relationships_stg_claims_policy_id__policy_id__ref_stg_policies_  [RUN]
[0m18:12:14.835561 [debug] [Thread-1 (]: Re-using an available connection from the pool (formerly test.insurance_demo.accepted_values_claim_risk_report_risk_category__High_Risk__Medium_Risk__Low_Risk.5d4ee805c9, now test.insurance_demo.relationships_stg_claims_policy_id__policy_id__ref_stg_policies_.f863c76852)
[0m18:12:14.836187 [debug] [Thread-1 (]: Began compiling node test.insurance_demo.relationships_stg_claims_policy_id__policy_id__ref_stg_policies_.f863c76852
[0m18:12:14.835904 [debug] [Thread-4 (]: Using postgres connection "test.insurance_demo.not_null_stg_policies_policy_id.83c6a6a32c"
[0m18:12:14.835030 [info ] [Thread-2 (]: 2 of 10 PASS not_null_claim_risk_report_risk_category .......................... [[32mPASS[0m in 0.17s]
[0m18:12:14.843583 [debug] [Thread-2 (]: Finished running node test.insurance_demo.not_null_claim_risk_report_risk_category.a715a78e61
[0m18:12:14.843953 [debug] [Thread-2 (]: Began running node test.insurance_demo.relationships_stg_policies_customer_id__customer_id__ref_stg_customers_.b5a40ed1d6
[0m18:12:14.842331 [debug] [Thread-1 (]: Writing injected SQL for node "test.insurance_demo.relationships_stg_claims_policy_id__policy_id__ref_stg_policies_.f863c76852"
[0m18:12:14.843004 [debug] [Thread-4 (]: On test.insurance_demo.not_null_stg_policies_policy_id.83c6a6a32c: /* {"app": "dbt", "dbt_version": "1.12.0b3", "profile_name": "insurance_profile", "target_name": "dev", "node_id": "test.insurance_demo.not_null_stg_policies_policy_id.83c6a6a32c"} */

    
    select
      count(*) as failures,
      count(*) != 0 as should_warn,
      count(*) != 0 as should_error
    from (
      
    
  
    
    



select policy_id
from "postgres"."public"."stg_policies"
where policy_id is null



  
  
      
    ) dbt_internal_test
[0m18:12:14.844819 [debug] [Thread-4 (]: Opening a new connection, currently in state closed
[0m18:12:14.844274 [info ] [Thread-2 (]: 8 of 10 START test relationships_stg_policies_customer_id__customer_id__ref_stg_customers_  [RUN]
[0m18:12:14.845483 [debug] [Thread-2 (]: Re-using an available connection from the pool (formerly test.insurance_demo.not_null_claim_risk_report_risk_category.a715a78e61, now test.insurance_demo.relationships_stg_policies_customer_id__customer_id__ref_stg_customers_.b5a40ed1d6)
[0m18:12:14.845935 [debug] [Thread-2 (]: Began compiling node test.insurance_demo.relationships_stg_policies_customer_id__customer_id__ref_stg_customers_.b5a40ed1d6
[0m18:12:14.851242 [debug] [Thread-2 (]: Writing injected SQL for node "test.insurance_demo.relationships_stg_policies_customer_id__customer_id__ref_stg_customers_.b5a40ed1d6"
[0m18:12:14.852177 [debug] [Thread-1 (]: Began executing node test.insurance_demo.relationships_stg_claims_policy_id__policy_id__ref_stg_policies_.f863c76852
[0m18:12:14.853951 [debug] [Thread-1 (]: Writing runtime sql for node "test.insurance_demo.relationships_stg_claims_policy_id__policy_id__ref_stg_policies_.f863c76852"
[0m18:12:14.855849 [debug] [Thread-1 (]: Using postgres connection "test.insurance_demo.relationships_stg_claims_policy_id__policy_id__ref_stg_policies_.f863c76852"
[0m18:12:14.856858 [debug] [Thread-1 (]: On test.insurance_demo.relationships_stg_claims_policy_id__policy_id__ref_stg_policies_.f863c76852: /* {"app": "dbt", "dbt_version": "1.12.0b3", "profile_name": "insurance_profile", "target_name": "dev", "node_id": "test.insurance_demo.relationships_stg_claims_policy_id__policy_id__ref_stg_policies_.f863c76852"} */

    
    select
      count(*) as failures,
      count(*) != 0 as should_warn,
      count(*) != 0 as should_error
    from (
      
    
  
    
    

with child as (
    select policy_id as from_field
    from "postgres"."public"."stg_claims"
    where policy_id is not null
),

parent as (
    select policy_id as to_field
    from "postgres"."public"."stg_policies"
)

select
    from_field

from child
left join parent
    on child.from_field = parent.to_field

where parent.to_field is null



  
  
      
    ) dbt_internal_test
[0m18:12:14.857332 [debug] [Thread-1 (]: Opening a new connection, currently in state closed
[0m18:12:14.856398 [debug] [Thread-2 (]: Began executing node test.insurance_demo.relationships_stg_policies_customer_id__customer_id__ref_stg_customers_.b5a40ed1d6
[0m18:12:14.860260 [debug] [Thread-2 (]: Writing runtime sql for node "test.insurance_demo.relationships_stg_policies_customer_id__customer_id__ref_stg_customers_.b5a40ed1d6"
[0m18:12:14.862850 [debug] [Thread-2 (]: Using postgres connection "test.insurance_demo.relationships_stg_policies_customer_id__customer_id__ref_stg_customers_.b5a40ed1d6"
[0m18:12:14.863433 [debug] [Thread-2 (]: On test.insurance_demo.relationships_stg_policies_customer_id__customer_id__ref_stg_customers_.b5a40ed1d6: /* {"app": "dbt", "dbt_version": "1.12.0b3", "profile_name": "insurance_profile", "target_name": "dev", "node_id": "test.insurance_demo.relationships_stg_policies_customer_id__customer_id__ref_stg_customers_.b5a40ed1d6"} */

    
    select
      count(*) as failures,
      count(*) != 0 as should_warn,
      count(*) != 0 as should_error
    from (
      
    
  
    
    

with child as (
    select customer_id as from_field
    from "postgres"."public"."stg_policies"
    where customer_id is not null
),

parent as (
    select customer_id as to_field
    from "postgres"."public"."stg_customers"
)

select
    from_field

from child
left join parent
    on child.from_field = parent.to_field

where parent.to_field is null



  
  
      
    ) dbt_internal_test
[0m18:12:14.863915 [debug] [Thread-2 (]: Opening a new connection, currently in state closed
[0m18:12:14.915532 [debug] [Thread-3 (]: SQL status: SELECT 1 in 0.087 seconds
[0m18:12:14.917480 [debug] [Thread-3 (]: On test.insurance_demo.not_null_stg_policies_customer_id.6c3638fada: ROLLBACK
[0m18:12:14.918267 [debug] [Thread-3 (]: On test.insurance_demo.not_null_stg_policies_customer_id.6c3638fada: Close
[0m18:12:14.919033 [info ] [Thread-3 (]: 5 of 10 PASS not_null_stg_policies_customer_id ................................. [[32mPASS[0m in 0.11s]
[0m18:12:14.920101 [debug] [Thread-3 (]: Finished running node test.insurance_demo.not_null_stg_policies_customer_id.6c3638fada
[0m18:12:14.920591 [debug] [Thread-3 (]: Began running node test.insurance_demo.unique_stg_claims_claim_id.0e20e780e5
[0m18:12:14.920942 [info ] [Thread-3 (]: 9 of 10 START test unique_stg_claims_claim_id .................................. [RUN]
[0m18:12:14.921577 [debug] [Thread-3 (]: Re-using an available connection from the pool (formerly test.insurance_demo.not_null_stg_policies_customer_id.6c3638fada, now test.insurance_demo.unique_stg_claims_claim_id.0e20e780e5)
[0m18:12:14.922006 [debug] [Thread-3 (]: Began compiling node test.insurance_demo.unique_stg_claims_claim_id.0e20e780e5
[0m18:12:14.929079 [debug] [Thread-3 (]: Writing injected SQL for node "test.insurance_demo.unique_stg_claims_claim_id.0e20e780e5"
[0m18:12:14.931131 [debug] [Thread-3 (]: Began executing node test.insurance_demo.unique_stg_claims_claim_id.0e20e780e5
[0m18:12:14.932753 [debug] [Thread-3 (]: Writing runtime sql for node "test.insurance_demo.unique_stg_claims_claim_id.0e20e780e5"
[0m18:12:14.934528 [debug] [Thread-3 (]: Using postgres connection "test.insurance_demo.unique_stg_claims_claim_id.0e20e780e5"
[0m18:12:14.935166 [debug] [Thread-3 (]: On test.insurance_demo.unique_stg_claims_claim_id.0e20e780e5: /* {"app": "dbt", "dbt_version": "1.12.0b3", "profile_name": "insurance_profile", "target_name": "dev", "node_id": "test.insurance_demo.unique_stg_claims_claim_id.0e20e780e5"} */

    
    select
      count(*) as failures,
      count(*) != 0 as should_warn,
      count(*) != 0 as should_error
    from (
      
    
  
    
    

select
    claim_id as unique_field,
    count(*) as n_records

from "postgres"."public"."stg_claims"
where claim_id is not null
group by claim_id
having count(*) > 1



  
  
      
    ) dbt_internal_test
[0m18:12:14.935500 [debug] [Thread-3 (]: Opening a new connection, currently in state closed
[0m18:12:14.934876 [debug] [Thread-4 (]: SQL status: SELECT 1 in 0.090 seconds
[0m18:12:14.937309 [debug] [Thread-4 (]: On test.insurance_demo.not_null_stg_policies_policy_id.83c6a6a32c: ROLLBACK
[0m18:12:14.938030 [debug] [Thread-4 (]: On test.insurance_demo.not_null_stg_policies_policy_id.83c6a6a32c: Close
[0m18:12:14.938715 [info ] [Thread-4 (]: 6 of 10 PASS not_null_stg_policies_policy_id ................................... [[32mPASS[0m in 0.12s]
[0m18:12:14.939463 [debug] [Thread-4 (]: Finished running node test.insurance_demo.not_null_stg_policies_policy_id.83c6a6a32c
[0m18:12:14.939845 [debug] [Thread-4 (]: Began running node test.insurance_demo.unique_stg_policies_policy_id.cb33dd12e6
[0m18:12:14.940270 [info ] [Thread-4 (]: 10 of 10 START test unique_stg_policies_policy_id .............................. [RUN]
[0m18:12:14.940899 [debug] [Thread-4 (]: Re-using an available connection from the pool (formerly test.insurance_demo.not_null_stg_policies_policy_id.83c6a6a32c, now test.insurance_demo.unique_stg_policies_policy_id.cb33dd12e6)
[0m18:12:14.941320 [debug] [Thread-4 (]: Began compiling node test.insurance_demo.unique_stg_policies_policy_id.cb33dd12e6
[0m18:12:14.944799 [debug] [Thread-4 (]: Writing injected SQL for node "test.insurance_demo.unique_stg_policies_policy_id.cb33dd12e6"
[0m18:12:14.947436 [debug] [Thread-4 (]: Began executing node test.insurance_demo.unique_stg_policies_policy_id.cb33dd12e6
[0m18:12:14.950844 [debug] [Thread-4 (]: Writing runtime sql for node "test.insurance_demo.unique_stg_policies_policy_id.cb33dd12e6"
[0m18:12:14.951461 [debug] [Thread-1 (]: SQL status: SELECT 1 in 0.094 seconds
[0m18:12:14.953420 [debug] [Thread-1 (]: On test.insurance_demo.relationships_stg_claims_policy_id__policy_id__ref_stg_policies_.f863c76852: ROLLBACK
[0m18:12:14.954280 [debug] [Thread-1 (]: On test.insurance_demo.relationships_stg_claims_policy_id__policy_id__ref_stg_policies_.f863c76852: Close
[0m18:12:14.955707 [debug] [Thread-4 (]: Using postgres connection "test.insurance_demo.unique_stg_policies_policy_id.cb33dd12e6"
[0m18:12:14.956368 [debug] [Thread-4 (]: On test.insurance_demo.unique_stg_policies_policy_id.cb33dd12e6: /* {"app": "dbt", "dbt_version": "1.12.0b3", "profile_name": "insurance_profile", "target_name": "dev", "node_id": "test.insurance_demo.unique_stg_policies_policy_id.cb33dd12e6"} */

    
    select
      count(*) as failures,
      count(*) != 0 as should_warn,
      count(*) != 0 as should_error
    from (
      
    
  
    
    

select
    policy_id as unique_field,
    count(*) as n_records

from "postgres"."public"."stg_policies"
where policy_id is not null
group by policy_id
having count(*) > 1



  
  
      
    ) dbt_internal_test
[0m18:12:14.956956 [debug] [Thread-4 (]: Opening a new connection, currently in state closed
[0m18:12:14.955142 [info ] [Thread-1 (]: 7 of 10 PASS relationships_stg_claims_policy_id__policy_id__ref_stg_policies_ .. [[32mPASS[0m in 0.12s]
[0m18:12:14.960101 [debug] [Thread-1 (]: Finished running node test.insurance_demo.relationships_stg_claims_policy_id__policy_id__ref_stg_policies_.f863c76852
[0m18:12:14.965298 [debug] [Thread-2 (]: SQL status: SELECT 1 in 0.101 seconds
[0m18:12:14.967363 [debug] [Thread-2 (]: On test.insurance_demo.relationships_stg_policies_customer_id__customer_id__ref_stg_customers_.b5a40ed1d6: ROLLBACK
[0m18:12:14.968205 [debug] [Thread-2 (]: On test.insurance_demo.relationships_stg_policies_customer_id__customer_id__ref_stg_customers_.b5a40ed1d6: Close
[0m18:12:14.969309 [info ] [Thread-2 (]: 8 of 10 PASS relationships_stg_policies_customer_id__customer_id__ref_stg_customers_  [[32mPASS[0m in 0.12s]
[0m18:12:14.979635 [debug] [Thread-2 (]: Finished running node test.insurance_demo.relationships_stg_policies_customer_id__customer_id__ref_stg_customers_.b5a40ed1d6
[0m18:12:15.043703 [debug] [Thread-3 (]: SQL status: SELECT 1 in 0.108 seconds
[0m18:12:15.044718 [debug] [Thread-3 (]: On test.insurance_demo.unique_stg_claims_claim_id.0e20e780e5: ROLLBACK
[0m18:12:15.045149 [debug] [Thread-3 (]: On test.insurance_demo.unique_stg_claims_claim_id.0e20e780e5: Close
[0m18:12:15.045623 [info ] [Thread-3 (]: 9 of 10 PASS unique_stg_claims_claim_id ........................................ [[32mPASS[0m in 0.12s]
[0m18:12:15.046263 [debug] [Thread-3 (]: Finished running node test.insurance_demo.unique_stg_claims_claim_id.0e20e780e5
[0m18:12:15.049370 [debug] [Thread-4 (]: SQL status: SELECT 1 in 0.092 seconds
[0m18:12:15.050392 [debug] [Thread-4 (]: On test.insurance_demo.unique_stg_policies_policy_id.cb33dd12e6: ROLLBACK
[0m18:12:15.050859 [debug] [Thread-4 (]: On test.insurance_demo.unique_stg_policies_policy_id.cb33dd12e6: Close
[0m18:12:15.051322 [info ] [Thread-4 (]: 10 of 10 PASS unique_stg_policies_policy_id .................................... [[32mPASS[0m in 0.11s]
[0m18:12:15.051841 [debug] [Thread-4 (]: Finished running node test.insurance_demo.unique_stg_policies_policy_id.cb33dd12e6
[0m18:12:15.053245 [debug] [MainThread]: On master: COMMIT
[0m18:12:15.053547 [debug] [MainThread]: Using postgres connection "master"
[0m18:12:15.053768 [debug] [MainThread]: On master: COMMIT
[0m18:12:15.053957 [debug] [MainThread]: Opening a new connection, currently in state closed
[0m18:12:15.131032 [debug] [MainThread]: SQL status: COMMIT in 0.077 seconds
[0m18:12:15.131367 [debug] [MainThread]: On master: Close
[0m18:12:15.131741 [debug] [MainThread]: Connection 'master' was properly closed.
[0m18:12:15.131960 [debug] [MainThread]: Connection 'list_postgres_public' was properly closed.
[0m18:12:15.132135 [debug] [MainThread]: Connection 'test.insurance_demo.relationships_stg_policies_customer_id__customer_id__ref_stg_customers_.b5a40ed1d6' was properly closed.
[0m18:12:15.132293 [debug] [MainThread]: Connection 'test.insurance_demo.unique_stg_claims_claim_id.0e20e780e5' was properly closed.
[0m18:12:15.132445 [debug] [MainThread]: Connection 'test.insurance_demo.unique_stg_policies_policy_id.cb33dd12e6' was properly closed.
[0m18:12:15.132593 [debug] [MainThread]: Connection 'test.insurance_demo.relationships_stg_claims_policy_id__policy_id__ref_stg_policies_.f863c76852' was properly closed.
[0m18:12:15.132823 [info ] [MainThread]: 
[0m18:12:15.133282 [info ] [MainThread]: Finished running 10 data tests in 0 hours 0 minutes and 0.74 seconds (0.74s).
[0m18:12:15.134697 [debug] [MainThread]: Command end result
[0m18:12:15.153873 [debug] [MainThread]: Wrote artifact WritableManifest to C:\Users\User\Downloads\dbt_insurance_demo\target\manifest.json
[0m18:12:15.157088 [debug] [MainThread]: Wrote artifact SemanticManifest to C:\Users\User\Downloads\dbt_insurance_demo\target\semantic_manifest.json
[0m18:12:15.160275 [debug] [MainThread]: Wrote artifact OsiDocument to C:\Users\User\Downloads\dbt_insurance_demo\target\osi_document.json
[0m18:12:15.166925 [debug] [MainThread]: Wrote artifact RunExecutionResult to C:\Users\User\Downloads\dbt_insurance_demo\target\run_results.json
[0m18:12:15.167217 [info ] [MainThread]: 
[0m18:12:15.167694 [info ] [MainThread]: [32mCompleted successfully[0m
[0m18:12:15.168039 [info ] [MainThread]: 
[0m18:12:15.168366 [info ] [MainThread]: Done. PASS=10 WARN=0 ERROR=0 SKIP=0 NO-OP=0 REUSED=0 TOTAL=10
[0m18:12:15.168996 [debug] [MainThread]: Command `dbt test` succeeded at 18:12:15.168912 after 1.65 seconds
[0m18:12:15.169252 [debug] [MainThread]: Sending event: {'category': 'dbt', 'action': 'invocation', 'label': 'end', 'context': [<snowplow_tracker.self_describing_json.SelfDescribingJson object at 0x000002D9599BB650>, <snowplow_tracker.self_describing_json.SelfDescribingJson object at 0x000002D959FB1440>, <snowplow_tracker.self_describing_json.SelfDescribingJson object at 0x000002D959FB1910>]}
[0m18:12:15.169509 [debug] [MainThread]: Flushing usage events
[0m18:12:16.475838 [debug] [MainThread]: An error was encountered while trying to flush usage events
[0m18:44:00.134813 [debug] [MainThread]: Sending event: {'category': 'dbt', 'action': 'invocation', 'label': 'start', 'context': [<snowplow_tracker.self_describing_json.SelfDescribingJson object at 0x00000238768EFA10>, <snowplow_tracker.self_describing_json.SelfDescribingJson object at 0x000002387421CF50>, <snowplow_tracker.self_describing_json.SelfDescribingJson object at 0x000002387921B9D0>]}


============================== 18:44:00.146904 | ebf4178e-f114-44ef-bb7e-ae4d0e6fc724 ==============================
[0m18:44:00.146904 [info ] [MainThread]: Running with dbt=1.12.0-b3
[0m18:44:00.148980 [debug] [MainThread]: running dbt with arguments {'version_check': 'True', 'no_print': 'None', 'static_parser': 'True', 'target_path': 'None', 'warn_error_options': 'WarnErrorOptionsV2(error=[], warn=[], silence=[])', 'maximum_seed_size_mib': '1', 'printer_width': '80', 'write_json': 'True', 'introspect': 'True', 'log_cache_events': 'False', 'empty': 'False', 'cache_selected_only': 'False', 'fail_fast': 'False', 'debug': 'False', 'log_format': 'default', 'partial_parse': 'True', 'send_anonymous_usage_stats': 'True', 'quiet': 'False', 'warn_error': 'None', 'profiles_dir': 'C:\\Users\\User\\.dbt', 'invocation_command': 'dbt run', 'indirect_selection': 'eager', 'use_colors': 'True', 'use_experimental_parser': 'False', 'log_path': 'C:\\Users\\User\\Downloads\\dbt_insurance_demo\\logs'}
[0m18:44:00.434062 [debug] [MainThread]: Sending event: {'category': 'dbt', 'action': 'project_id', 'label': 'ebf4178e-f114-44ef-bb7e-ae4d0e6fc724', 'context': [<snowplow_tracker.self_describing_json.SelfDescribingJson object at 0x00000238791BDCD0>]}
[0m18:44:00.508563 [debug] [MainThread]: Sending event: {'category': 'dbt', 'action': 'adapter_info', 'label': 'ebf4178e-f114-44ef-bb7e-ae4d0e6fc724', 'context': [<snowplow_tracker.self_describing_json.SelfDescribingJson object at 0x0000023878FDBBD0>]}
[0m18:44:00.511190 [info ] [MainThread]: Registered adapter: postgres=1.10.2
[0m18:44:00.787950 [debug] [MainThread]: checksum: f835d38e27f2c851a434d54286ec57eea49b211f2d0074fee97ef59e7c153b04, vars: {}, profile: insurance_profile, target: dev, version: 1.12.0b3
[0m18:44:01.025838 [debug] [MainThread]: Partial parsing enabled: 0 files deleted, 0 files added, 0 files changed.
[0m18:44:01.026262 [debug] [MainThread]: Nothing changed, skipping partial parsing.
[0m18:44:01.026534 [debug] [MainThread]: Partial parsing enabled, no changes found, skipping parsing
[0m18:44:01.077001 [debug] [MainThread]: Sending event: {'category': 'dbt', 'action': 'load_project', 'label': 'ebf4178e-f114-44ef-bb7e-ae4d0e6fc724', 'context': [<snowplow_tracker.self_describing_json.SelfDescribingJson object at 0x0000023879D54250>]}
[0m18:44:01.178581 [debug] [MainThread]: Wrote artifact WritableManifest to C:\Users\User\Downloads\dbt_insurance_demo\target\manifest.json
[0m18:44:01.185263 [debug] [MainThread]: Wrote artifact SemanticManifest to C:\Users\User\Downloads\dbt_insurance_demo\target\semantic_manifest.json
[0m18:44:01.217318 [debug] [MainThread]: Wrote artifact OsiDocument to C:\Users\User\Downloads\dbt_insurance_demo\target\osi_document.json
[0m18:44:01.233187 [debug] [MainThread]: Sending event: {'category': 'dbt', 'action': 'resource_counts', 'label': 'ebf4178e-f114-44ef-bb7e-ae4d0e6fc724', 'context': [<snowplow_tracker.self_describing_json.SelfDescribingJson object at 0x0000023879EBCB90>]}
[0m18:44:01.233720 [info ] [MainThread]: Found 9 models, 10 data tests, 6 sources, 475 macros
[0m18:44:01.234344 [debug] [MainThread]: Sending event: {'category': 'dbt', 'action': 'runnable_timing', 'label': 'ebf4178e-f114-44ef-bb7e-ae4d0e6fc724', 'context': [<snowplow_tracker.self_describing_json.SelfDescribingJson object at 0x0000023879E59FD0>]}
[0m18:44:01.237764 [info ] [MainThread]: 
[0m18:44:01.238678 [info ] [MainThread]: Concurrency: 4 threads (target='dev')
[0m18:44:01.239183 [info ] [MainThread]: 
[0m18:44:01.240021 [debug] [MainThread]: Acquiring new postgres connection 'master'
[0m18:44:01.246413 [debug] [ThreadPool]: Acquiring new postgres connection 'list_postgres'
[0m18:44:01.386807 [debug] [ThreadPool]: Using postgres connection "list_postgres"
[0m18:44:01.387352 [debug] [ThreadPool]: On list_postgres: /* {"app": "dbt", "dbt_version": "1.12.0b3", "profile_name": "insurance_profile", "target_name": "dev", "connection_name": "list_postgres"} */

    select distinct nspname from pg_namespace
  
[0m18:44:01.387747 [debug] [ThreadPool]: Opening a new connection, currently in state init
[0m18:44:01.501822 [debug] [ThreadPool]: SQL status: SELECT 4 in 0.114 seconds
[0m18:44:01.503066 [debug] [ThreadPool]: On list_postgres: Close
[0m18:44:01.505572 [debug] [ThreadPool]: Acquiring new postgres connection 'list_postgres_public'
[0m18:44:01.513948 [debug] [ThreadPool]: Using postgres connection "list_postgres_public"
[0m18:44:01.514388 [debug] [ThreadPool]: On list_postgres_public: /* {"app": "dbt", "dbt_version": "1.12.0b3", "profile_name": "insurance_profile", "target_name": "dev", "connection_name": "list_postgres_public"} */
select
      'postgres' as database,
      tablename as name,
      schemaname as schema,
      'table' as type
    from pg_tables
    where schemaname ilike 'public'
    union all
    select
      'postgres' as database,
      viewname as name,
      schemaname as schema,
      'view' as type
    from pg_views
    where schemaname ilike 'public'
    union all
    select
      'postgres' as database,
      matviewname as name,
      schemaname as schema,
      'materialized_view' as type
    from pg_matviews
    where schemaname ilike 'public'
  
[0m18:44:01.514706 [debug] [ThreadPool]: Opening a new connection, currently in state init
[0m18:44:01.631225 [debug] [ThreadPool]: SQL status: SELECT 15 in 0.116 seconds
[0m18:44:01.632715 [debug] [ThreadPool]: On list_postgres_public: ROLLBACK
[0m18:44:01.633452 [debug] [ThreadPool]: On list_postgres_public: Close
[0m18:44:01.641541 [debug] [MainThread]: Using postgres connection "master"
[0m18:44:01.642241 [debug] [MainThread]: On master: /* {"app": "dbt", "dbt_version": "1.12.0b3", "profile_name": "insurance_profile", "target_name": "dev", "connection_name": "master"} */
select distinct
        dependent_namespace.nspname as dependent_schema,
        dependent_class.relname as dependent_name,
        referenced_namespace.nspname as referenced_schema,
        referenced_class.relname as referenced_name

    -- Query for views: views are entries in pg_class with an entry in pg_rewrite, but we avoid
    -- a seq scan on pg_rewrite by leveraging the fact there is an "internal" row in pg_depend for
    -- the view...
    from pg_class as dependent_class
    join pg_namespace as dependent_namespace on dependent_namespace.oid = dependent_class.relnamespace
    join pg_depend as dependent_depend on dependent_depend.refobjid = dependent_class.oid
        and dependent_depend.classid = 'pg_rewrite'::regclass
        and dependent_depend.refclassid = 'pg_class'::regclass
        and dependent_depend.deptype = 'i'

    -- ... and via pg_depend (that has a row per column, hence the need for "distinct" above, and
    -- making sure to exclude the internal row to avoid a view appearing to depend on itself)...
    join pg_depend as joining_depend on joining_depend.objid = dependent_depend.objid
        and joining_depend.classid = 'pg_rewrite'::regclass
        and joining_depend.refclassid = 'pg_class'::regclass
        and joining_depend.refobjid != dependent_depend.refobjid

    -- ... we can find the tables they query from in pg_class, but excluding system tables. Note we
    -- don't need need to exclude _dependent_ system tables, because they only query from other
    -- system tables, and so are automatically excluded by excluding _referenced_ system tables
    join pg_class as referenced_class on referenced_class.oid = joining_depend.refobjid
    join pg_namespace as referenced_namespace on referenced_namespace.oid = referenced_class.relnamespace
        and referenced_namespace.nspname != 'information_schema'
        and referenced_namespace.nspname not like 'pg\_%'

    order by
        dependent_schema, dependent_name, referenced_schema, referenced_name;
[0m18:44:01.642730 [debug] [MainThread]: Opening a new connection, currently in state init
[0m18:44:01.770646 [debug] [MainThread]: SQL status: SELECT 9 in 0.128 seconds
[0m18:44:01.773295 [debug] [MainThread]: Sending event: {'category': 'dbt', 'action': 'runnable_timing', 'label': 'ebf4178e-f114-44ef-bb7e-ae4d0e6fc724', 'context': [<snowplow_tracker.self_describing_json.SelfDescribingJson object at 0x000002387A1A0A10>]}
[0m18:44:01.773722 [debug] [MainThread]: On master: ROLLBACK
[0m18:44:01.774268 [debug] [MainThread]: On master: COMMIT
[0m18:44:01.774599 [debug] [MainThread]: Using postgres connection "master"
[0m18:44:01.774880 [debug] [MainThread]: On master: COMMIT
[0m18:44:01.775497 [debug] [MainThread]: SQL status: COMMIT in 0.000 seconds
[0m18:44:01.775926 [debug] [MainThread]: On master: Close
[0m18:44:01.784812 [debug] [Thread-1 (]: Began running node model.insurance_demo.stg_agents
[0m18:44:01.785460 [debug] [Thread-4 (]: Began running node model.insurance_demo.stg_customers
[0m18:44:01.785852 [debug] [Thread-3 (]: Began running node model.insurance_demo.stg_claims
[0m18:44:01.786228 [debug] [Thread-2 (]: Began running node model.insurance_demo.stg_claim_payments
[0m18:44:01.786953 [info ] [Thread-1 (]: 1 of 9 START sql view model public.stg_agents .................................. [RUN]
[0m18:44:01.789622 [debug] [Thread-1 (]: Acquiring new postgres connection 'model.insurance_demo.stg_agents'
[0m18:44:01.790073 [debug] [Thread-1 (]: Began compiling node model.insurance_demo.stg_agents
[0m18:44:01.796406 [debug] [Thread-1 (]: Writing injected SQL for node "model.insurance_demo.stg_agents"
[0m18:44:01.788337 [info ] [Thread-3 (]: 3 of 9 START sql view model public.stg_claims .................................. [RUN]
[0m18:44:01.797517 [debug] [Thread-3 (]: Acquiring new postgres connection 'model.insurance_demo.stg_claims'
[0m18:44:01.787646 [info ] [Thread-4 (]: 4 of 9 START sql view model public.stg_customers ............................... [RUN]
[0m18:44:01.788951 [info ] [Thread-2 (]: 2 of 9 START sql view model public.stg_claim_payments .......................... [RUN]
[0m18:44:01.798126 [debug] [Thread-3 (]: Began compiling node model.insurance_demo.stg_claims
[0m18:44:01.798945 [debug] [Thread-4 (]: Acquiring new postgres connection 'model.insurance_demo.stg_customers'
[0m18:44:01.799709 [debug] [Thread-2 (]: Acquiring new postgres connection 'model.insurance_demo.stg_claim_payments'
[0m18:44:01.800082 [debug] [Thread-1 (]: Began executing node model.insurance_demo.stg_agents
[0m18:44:01.802442 [debug] [Thread-3 (]: Writing injected SQL for node "model.insurance_demo.stg_claims"
[0m18:44:01.802873 [debug] [Thread-4 (]: Began compiling node model.insurance_demo.stg_customers
[0m18:44:01.803312 [debug] [Thread-2 (]: Began compiling node model.insurance_demo.stg_claim_payments
[0m18:44:01.862374 [debug] [Thread-1 (]: Writing runtime sql for node "model.insurance_demo.stg_agents"
[0m18:44:01.866968 [debug] [Thread-4 (]: Writing injected SQL for node "model.insurance_demo.stg_customers"
[0m18:44:01.871909 [debug] [Thread-2 (]: Writing injected SQL for node "model.insurance_demo.stg_claim_payments"
[0m18:44:01.873006 [debug] [Thread-3 (]: Began executing node model.insurance_demo.stg_claims
[0m18:44:01.880257 [debug] [Thread-3 (]: Writing runtime sql for node "model.insurance_demo.stg_claims"
[0m18:44:01.882990 [debug] [Thread-1 (]: Using postgres connection "model.insurance_demo.stg_agents"
[0m18:44:01.885426 [debug] [Thread-1 (]: On model.insurance_demo.stg_agents: /* {"app": "dbt", "dbt_version": "1.12.0b3", "profile_name": "insurance_profile", "target_name": "dev", "node_id": "model.insurance_demo.stg_agents"} */

  create view "postgres"."public"."stg_agents__dbt_tmp"
    
    
  as (
    select
    agent_id,
    agent_name
from "postgres"."public"."agents"
  );
[0m18:44:01.886263 [debug] [Thread-1 (]: Opening a new connection, currently in state init
[0m18:44:01.883979 [debug] [Thread-4 (]: Began executing node model.insurance_demo.stg_customers
[0m18:44:01.884727 [debug] [Thread-2 (]: Began executing node model.insurance_demo.stg_claim_payments
[0m18:44:01.887441 [debug] [Thread-3 (]: Using postgres connection "model.insurance_demo.stg_claims"
[0m18:44:01.894684 [debug] [Thread-4 (]: Writing runtime sql for node "model.insurance_demo.stg_customers"
[0m18:44:01.901405 [debug] [Thread-2 (]: Writing runtime sql for node "model.insurance_demo.stg_claim_payments"
[0m18:44:01.902712 [debug] [Thread-3 (]: On model.insurance_demo.stg_claims: /* {"app": "dbt", "dbt_version": "1.12.0b3", "profile_name": "insurance_profile", "target_name": "dev", "node_id": "model.insurance_demo.stg_claims"} */

  create view "postgres"."public"."stg_claims__dbt_tmp"
    
    
  as (
    select
    claim_id,
    policy_id,
    claim_date,
    claim_amount
from "postgres"."public"."claims"
  );
[0m18:44:01.904235 [debug] [Thread-3 (]: Opening a new connection, currently in state init
[0m18:44:01.906864 [debug] [Thread-4 (]: Using postgres connection "model.insurance_demo.stg_customers"
[0m18:44:01.908699 [debug] [Thread-4 (]: On model.insurance_demo.stg_customers: /* {"app": "dbt", "dbt_version": "1.12.0b3", "profile_name": "insurance_profile", "target_name": "dev", "node_id": "model.insurance_demo.stg_customers"} */

  create view "postgres"."public"."stg_customers__dbt_tmp"
    
    
  as (
    select
    customer_id,
    customer_name,
    city
from "postgres"."public"."customers"
  );
[0m18:44:01.909452 [debug] [Thread-4 (]: Opening a new connection, currently in state init
[0m18:44:01.907853 [debug] [Thread-2 (]: Using postgres connection "model.insurance_demo.stg_claim_payments"
[0m18:44:01.910730 [debug] [Thread-2 (]: On model.insurance_demo.stg_claim_payments: /* {"app": "dbt", "dbt_version": "1.12.0b3", "profile_name": "insurance_profile", "target_name": "dev", "node_id": "model.insurance_demo.stg_claim_payments"} */

  create view "postgres"."public"."stg_claim_payments__dbt_tmp"
    
    
  as (
    select
    payment_id,
    claim_id,
    payment_date,
    payment_amount
from "postgres"."public"."claim_payments"
  );
[0m18:44:01.911811 [debug] [Thread-2 (]: Opening a new connection, currently in state init
[0m18:44:02.025953 [debug] [Thread-1 (]: SQL status: CREATE VIEW in 0.140 seconds
[0m18:44:02.033452 [debug] [Thread-1 (]: Using postgres connection "model.insurance_demo.stg_agents"
[0m18:44:02.033994 [debug] [Thread-1 (]: On model.insurance_demo.stg_agents: /* {"app": "dbt", "dbt_version": "1.12.0b3", "profile_name": "insurance_profile", "target_name": "dev", "node_id": "model.insurance_demo.stg_agents"} */
alter table "postgres"."public"."stg_agents" rename to "stg_agents__dbt_backup"
[0m18:44:02.035223 [debug] [Thread-1 (]: SQL status: ALTER TABLE in 0.001 seconds
[0m18:44:02.039174 [debug] [Thread-1 (]: Using postgres connection "model.insurance_demo.stg_agents"
[0m18:44:02.040218 [debug] [Thread-1 (]: On model.insurance_demo.stg_agents: /* {"app": "dbt", "dbt_version": "1.12.0b3", "profile_name": "insurance_profile", "target_name": "dev", "node_id": "model.insurance_demo.stg_agents"} */
alter table "postgres"."public"."stg_agents__dbt_tmp" rename to "stg_agents"
[0m18:44:02.039723 [debug] [Thread-3 (]: SQL status: CREATE VIEW in 0.136 seconds
[0m18:44:02.043042 [debug] [Thread-3 (]: Using postgres connection "model.insurance_demo.stg_claims"
[0m18:44:02.043924 [debug] [Thread-3 (]: On model.insurance_demo.stg_claims: /* {"app": "dbt", "dbt_version": "1.12.0b3", "profile_name": "insurance_profile", "target_name": "dev", "node_id": "model.insurance_demo.stg_claims"} */
alter table "postgres"."public"."stg_claims" rename to "stg_claims__dbt_backup"
[0m18:44:02.043504 [debug] [Thread-1 (]: SQL status: ALTER TABLE in 0.003 seconds
[0m18:44:02.059539 [debug] [Thread-3 (]: SQL status: ALTER TABLE in 0.015 seconds
[0m18:44:02.064619 [debug] [Thread-3 (]: Using postgres connection "model.insurance_demo.stg_claims"
[0m18:44:02.062034 [debug] [Thread-4 (]: SQL status: CREATE VIEW in 0.153 seconds
[0m18:44:02.061521 [debug] [Thread-1 (]: On model.insurance_demo.stg_agents: COMMIT
[0m18:44:02.065059 [debug] [Thread-2 (]: SQL status: CREATE VIEW in 0.153 seconds
[0m18:44:02.065481 [debug] [Thread-3 (]: On model.insurance_demo.stg_claims: /* {"app": "dbt", "dbt_version": "1.12.0b3", "profile_name": "insurance_profile", "target_name": "dev", "node_id": "model.insurance_demo.stg_claims"} */
alter table "postgres"."public"."stg_claims__dbt_tmp" rename to "stg_claims"
[0m18:44:02.068210 [debug] [Thread-4 (]: Using postgres connection "model.insurance_demo.stg_customers"
[0m18:44:02.068675 [debug] [Thread-1 (]: Using postgres connection "model.insurance_demo.stg_agents"
[0m18:44:02.072617 [debug] [Thread-1 (]: On model.insurance_demo.stg_agents: COMMIT
[0m18:44:02.071882 [debug] [Thread-4 (]: On model.insurance_demo.stg_customers: /* {"app": "dbt", "dbt_version": "1.12.0b3", "profile_name": "insurance_profile", "target_name": "dev", "node_id": "model.insurance_demo.stg_customers"} */
alter table "postgres"."public"."stg_customers" rename to "stg_customers__dbt_backup"
[0m18:44:02.072250 [debug] [Thread-3 (]: SQL status: ALTER TABLE in 0.001 seconds
[0m18:44:02.071320 [debug] [Thread-2 (]: Using postgres connection "model.insurance_demo.stg_claim_payments"
[0m18:44:02.075193 [debug] [Thread-2 (]: On model.insurance_demo.stg_claim_payments: /* {"app": "dbt", "dbt_version": "1.12.0b3", "profile_name": "insurance_profile", "target_name": "dev", "node_id": "model.insurance_demo.stg_claim_payments"} */
alter table "postgres"."public"."stg_claim_payments" rename to "stg_claim_payments__dbt_backup"
[0m18:44:02.074780 [debug] [Thread-1 (]: SQL status: COMMIT in 0.002 seconds
[0m18:44:02.074238 [debug] [Thread-3 (]: On model.insurance_demo.stg_claims: COMMIT
[0m18:44:02.075607 [debug] [Thread-4 (]: SQL status: ALTER TABLE in 0.002 seconds
[0m18:44:02.083317 [debug] [Thread-1 (]: Applying DROP to: "postgres"."public"."stg_agents__dbt_backup"
[0m18:44:02.083875 [debug] [Thread-2 (]: SQL status: ALTER TABLE in 0.008 seconds
[0m18:44:02.084323 [debug] [Thread-3 (]: Using postgres connection "model.insurance_demo.stg_claims"
[0m18:44:02.087295 [debug] [Thread-4 (]: Using postgres connection "model.insurance_demo.stg_customers"
[0m18:44:02.093693 [debug] [Thread-1 (]: Using postgres connection "model.insurance_demo.stg_agents"
[0m18:44:02.097013 [debug] [Thread-2 (]: Using postgres connection "model.insurance_demo.stg_claim_payments"
[0m18:44:02.097612 [debug] [Thread-3 (]: On model.insurance_demo.stg_claims: COMMIT
[0m18:44:02.098410 [debug] [Thread-4 (]: On model.insurance_demo.stg_customers: /* {"app": "dbt", "dbt_version": "1.12.0b3", "profile_name": "insurance_profile", "target_name": "dev", "node_id": "model.insurance_demo.stg_customers"} */
alter table "postgres"."public"."stg_customers__dbt_tmp" rename to "stg_customers"
[0m18:44:02.099323 [debug] [Thread-1 (]: On model.insurance_demo.stg_agents: /* {"app": "dbt", "dbt_version": "1.12.0b3", "profile_name": "insurance_profile", "target_name": "dev", "node_id": "model.insurance_demo.stg_agents"} */
drop view if exists "postgres"."public"."stg_agents__dbt_backup" cascade
[0m18:44:02.100054 [debug] [Thread-2 (]: On model.insurance_demo.stg_claim_payments: /* {"app": "dbt", "dbt_version": "1.12.0b3", "profile_name": "insurance_profile", "target_name": "dev", "node_id": "model.insurance_demo.stg_claim_payments"} */
alter table "postgres"."public"."stg_claim_payments__dbt_tmp" rename to "stg_claim_payments"
[0m18:44:02.101875 [debug] [Thread-4 (]: SQL status: ALTER TABLE in 0.001 seconds
[0m18:44:02.105016 [debug] [Thread-4 (]: On model.insurance_demo.stg_customers: COMMIT
[0m18:44:02.105944 [debug] [Thread-4 (]: Using postgres connection "model.insurance_demo.stg_customers"
[0m18:44:02.106328 [debug] [Thread-4 (]: On model.insurance_demo.stg_customers: COMMIT
[0m18:44:02.105444 [debug] [Thread-3 (]: SQL status: COMMIT in 0.005 seconds
[0m18:44:02.102919 [debug] [Thread-2 (]: SQL status: ALTER TABLE in 0.002 seconds
[0m18:44:02.112708 [debug] [Thread-2 (]: On model.insurance_demo.stg_claim_payments: COMMIT
[0m18:44:02.115075 [debug] [Thread-2 (]: Using postgres connection "model.insurance_demo.stg_claim_payments"
[0m18:44:02.109897 [debug] [Thread-3 (]: Applying DROP to: "postgres"."public"."stg_claims__dbt_backup"
[0m18:44:02.114256 [debug] [Thread-1 (]: SQL status: DROP VIEW in 0.013 seconds
[0m18:44:02.113453 [debug] [Thread-4 (]: SQL status: COMMIT in 0.007 seconds
[0m18:44:02.115822 [debug] [Thread-2 (]: On model.insurance_demo.stg_claim_payments: COMMIT
[0m18:44:02.117079 [debug] [Thread-3 (]: Using postgres connection "model.insurance_demo.stg_claims"
[0m18:44:02.121452 [debug] [Thread-1 (]: On model.insurance_demo.stg_agents: Close
[0m18:44:02.125521 [debug] [Thread-4 (]: Applying DROP to: "postgres"."public"."stg_customers__dbt_backup"
[0m18:44:02.126751 [debug] [Thread-3 (]: On model.insurance_demo.stg_claims: /* {"app": "dbt", "dbt_version": "1.12.0b3", "profile_name": "insurance_profile", "target_name": "dev", "node_id": "model.insurance_demo.stg_claims"} */
drop view if exists "postgres"."public"."stg_claims__dbt_backup" cascade
[0m18:44:02.127888 [debug] [Thread-2 (]: SQL status: COMMIT in 0.002 seconds
[0m18:44:02.132547 [debug] [Thread-4 (]: Using postgres connection "model.insurance_demo.stg_customers"
[0m18:44:02.140205 [debug] [Thread-4 (]: On model.insurance_demo.stg_customers: /* {"app": "dbt", "dbt_version": "1.12.0b3", "profile_name": "insurance_profile", "target_name": "dev", "node_id": "model.insurance_demo.stg_customers"} */
drop view if exists "postgres"."public"."stg_customers__dbt_backup" cascade
[0m18:44:02.141108 [debug] [Thread-2 (]: Applying DROP to: "postgres"."public"."stg_claim_payments__dbt_backup"
[0m18:44:02.139038 [debug] [Thread-3 (]: SQL status: DROP VIEW in 0.005 seconds
[0m18:44:02.142166 [debug] [Thread-1 (]: Sending event: {'category': 'dbt', 'action': 'run_model', 'label': 'ebf4178e-f114-44ef-bb7e-ae4d0e6fc724', 'context': [<snowplow_tracker.self_describing_json.SelfDescribingJson object at 0x000002387A3D4710>]}
[0m18:44:02.143575 [debug] [Thread-2 (]: Using postgres connection "model.insurance_demo.stg_claim_payments"
[0m18:44:02.144376 [debug] [Thread-4 (]: SQL status: DROP VIEW in 0.003 seconds
[0m18:44:02.146537 [debug] [Thread-3 (]: On model.insurance_demo.stg_claims: Close
[0m18:44:02.148337 [debug] [Thread-2 (]: On model.insurance_demo.stg_claim_payments: /* {"app": "dbt", "dbt_version": "1.12.0b3", "profile_name": "insurance_profile", "target_name": "dev", "node_id": "model.insurance_demo.stg_claim_payments"} */
drop view if exists "postgres"."public"."stg_claim_payments__dbt_backup" cascade
[0m18:44:02.147605 [info ] [Thread-1 (]: 1 of 9 OK created sql view model public.stg_agents ............................. [[32mCREATE VIEW[0m in 0.34s]
[0m18:44:02.150321 [debug] [Thread-4 (]: On model.insurance_demo.stg_customers: Close
[0m18:44:02.151526 [debug] [Thread-3 (]: Sending event: {'category': 'dbt', 'action': 'run_model', 'label': 'ebf4178e-f114-44ef-bb7e-ae4d0e6fc724', 'context': [<snowplow_tracker.self_describing_json.SelfDescribingJson object at 0x000002387A309F40>]}
[0m18:44:02.152978 [debug] [Thread-1 (]: Finished running node model.insurance_demo.stg_agents
[0m18:44:02.153830 [debug] [Thread-2 (]: SQL status: DROP VIEW in 0.003 seconds
[0m18:44:02.155056 [debug] [Thread-4 (]: Sending event: {'category': 'dbt', 'action': 'run_model', 'label': 'ebf4178e-f114-44ef-bb7e-ae4d0e6fc724', 'context': [<snowplow_tracker.self_describing_json.SelfDescribingJson object at 0x000002387A2F9270>]}
[0m18:44:02.158490 [debug] [Thread-1 (]: Began running node model.insurance_demo.stg_policies
[0m18:44:02.156971 [info ] [Thread-3 (]: 3 of 9 OK created sql view model public.stg_claims ............................. [[32mCREATE VIEW[0m in 0.35s]
[0m18:44:02.162424 [debug] [Thread-2 (]: On model.insurance_demo.stg_claim_payments: Close
[0m18:44:02.163635 [info ] [Thread-4 (]: 4 of 9 OK created sql view model public.stg_customers .......................... [[32mCREATE VIEW[0m in 0.36s]
[0m18:44:02.166843 [debug] [Thread-4 (]: Finished running node model.insurance_demo.stg_customers
[0m18:44:02.164713 [info ] [Thread-1 (]: 5 of 9 START sql view model public.stg_policies ................................ [RUN]
[0m18:44:02.168892 [debug] [Thread-1 (]: Re-using an available connection from the pool (formerly model.insurance_demo.stg_agents, now model.insurance_demo.stg_policies)
[0m18:44:02.165688 [debug] [Thread-3 (]: Finished running node model.insurance_demo.stg_claims
[0m18:44:02.168181 [debug] [Thread-2 (]: Sending event: {'category': 'dbt', 'action': 'run_model', 'label': 'ebf4178e-f114-44ef-bb7e-ae4d0e6fc724', 'context': [<snowplow_tracker.self_describing_json.SelfDescribingJson object at 0x000002387A183450>]}
[0m18:44:02.169492 [debug] [Thread-1 (]: Began compiling node model.insurance_demo.stg_policies
[0m18:44:02.167455 [debug] [Thread-4 (]: Began running node model.insurance_demo.stg_policy_types
[0m18:44:02.170342 [debug] [Thread-3 (]: Began running node model.insurance_demo.int_claims_per_policy
[0m18:44:02.176119 [debug] [Thread-1 (]: Writing injected SQL for node "model.insurance_demo.stg_policies"
[0m18:44:02.171420 [info ] [Thread-2 (]: 2 of 9 OK created sql view model public.stg_claim_payments ..................... [[32mCREATE VIEW[0m in 0.37s]
[0m18:44:02.179506 [debug] [Thread-2 (]: Finished running node model.insurance_demo.stg_claim_payments
[0m18:44:02.178020 [info ] [Thread-3 (]: 7 of 9 START sql view model public.int_claims_per_policy ....................... [RUN]
[0m18:44:02.177211 [info ] [Thread-4 (]: 6 of 9 START sql view model public.stg_policy_types ............................ [RUN]
[0m18:44:02.181319 [debug] [Thread-4 (]: Re-using an available connection from the pool (formerly model.insurance_demo.stg_customers, now model.insurance_demo.stg_policy_types)
[0m18:44:02.181768 [debug] [Thread-4 (]: Began compiling node model.insurance_demo.stg_policy_types
[0m18:44:02.184393 [debug] [Thread-4 (]: Writing injected SQL for node "model.insurance_demo.stg_policy_types"
[0m18:44:02.180394 [debug] [Thread-3 (]: Re-using an available connection from the pool (formerly model.insurance_demo.stg_claims, now model.insurance_demo.int_claims_per_policy)
[0m18:44:02.180835 [debug] [Thread-2 (]: Began running node model.insurance_demo.int_payments_per_policy
[0m18:44:02.184972 [debug] [Thread-3 (]: Began compiling node model.insurance_demo.int_claims_per_policy
[0m18:44:02.189859 [debug] [Thread-3 (]: Writing injected SQL for node "model.insurance_demo.int_claims_per_policy"
[0m18:44:02.191506 [debug] [Thread-1 (]: Began executing node model.insurance_demo.stg_policies
[0m18:44:02.185576 [info ] [Thread-2 (]: 8 of 9 START sql view model public.int_payments_per_policy ..................... [RUN]
[0m18:44:02.192707 [debug] [Thread-4 (]: Began executing node model.insurance_demo.stg_policy_types
[0m18:44:02.201387 [debug] [Thread-1 (]: Writing runtime sql for node "model.insurance_demo.stg_policies"
[0m18:44:02.202372 [debug] [Thread-2 (]: Re-using an available connection from the pool (formerly model.insurance_demo.stg_claim_payments, now model.insurance_demo.int_payments_per_policy)
[0m18:44:02.209746 [debug] [Thread-4 (]: Writing runtime sql for node "model.insurance_demo.stg_policy_types"
[0m18:44:02.210909 [debug] [Thread-3 (]: Began executing node model.insurance_demo.int_claims_per_policy
[0m18:44:02.220171 [debug] [Thread-3 (]: Writing runtime sql for node "model.insurance_demo.int_claims_per_policy"
[0m18:44:02.212794 [debug] [Thread-2 (]: Began compiling node model.insurance_demo.int_payments_per_policy
[0m18:44:02.227171 [debug] [Thread-2 (]: Writing injected SQL for node "model.insurance_demo.int_payments_per_policy"
[0m18:44:02.228542 [debug] [Thread-1 (]: Using postgres connection "model.insurance_demo.stg_policies"
[0m18:44:02.230899 [debug] [Thread-1 (]: On model.insurance_demo.stg_policies: /* {"app": "dbt", "dbt_version": "1.12.0b3", "profile_name": "insurance_profile", "target_name": "dev", "node_id": "model.insurance_demo.stg_policies"} */

  create view "postgres"."public"."stg_policies__dbt_tmp"
    
    
  as (
    select
    policy_id,
    customer_id,
    agent_id,
    policy_type_id,
    premium,
    start_date
from "postgres"."public"."policies"
  );
[0m18:44:02.232410 [debug] [Thread-4 (]: Using postgres connection "model.insurance_demo.stg_policy_types"
[0m18:44:02.233733 [debug] [Thread-3 (]: Using postgres connection "model.insurance_demo.int_claims_per_policy"
[0m18:44:02.234736 [debug] [Thread-1 (]: Opening a new connection, currently in state closed
[0m18:44:02.236255 [debug] [Thread-4 (]: On model.insurance_demo.stg_policy_types: /* {"app": "dbt", "dbt_version": "1.12.0b3", "profile_name": "insurance_profile", "target_name": "dev", "node_id": "model.insurance_demo.stg_policy_types"} */

  create view "postgres"."public"."stg_policy_types__dbt_tmp"
    
    
  as (
    select
    policy_type_id,
    policy_type_name
from "postgres"."public"."policy_types"
  );
[0m18:44:02.237696 [debug] [Thread-3 (]: On model.insurance_demo.int_claims_per_policy: /* {"app": "dbt", "dbt_version": "1.12.0b3", "profile_name": "insurance_profile", "target_name": "dev", "node_id": "model.insurance_demo.int_claims_per_policy"} */

  create view "postgres"."public"."int_claims_per_policy__dbt_tmp"
    
    
  as (
    with claims as (
    select * from "postgres"."public"."stg_claims"
)

select 
    policy_id,
    count(*) as claim_count,
    sum(claim_amount) as total_claim_amount
from claims
where claim_date >= current_date - interval '12 months'
group by policy_id
  );
[0m18:44:02.239361 [debug] [Thread-2 (]: Began executing node model.insurance_demo.int_payments_per_policy
[0m18:44:02.241776 [debug] [Thread-4 (]: Opening a new connection, currently in state closed
[0m18:44:02.242838 [debug] [Thread-3 (]: Opening a new connection, currently in state closed
[0m18:44:02.248976 [debug] [Thread-2 (]: Writing runtime sql for node "model.insurance_demo.int_payments_per_policy"
[0m18:44:02.256320 [debug] [Thread-2 (]: Using postgres connection "model.insurance_demo.int_payments_per_policy"
[0m18:44:02.257504 [debug] [Thread-2 (]: On model.insurance_demo.int_payments_per_policy: /* {"app": "dbt", "dbt_version": "1.12.0b3", "profile_name": "insurance_profile", "target_name": "dev", "node_id": "model.insurance_demo.int_payments_per_policy"} */

  create view "postgres"."public"."int_payments_per_policy__dbt_tmp"
    
    
  as (
    with claims as (
    select * from "postgres"."public"."stg_claims"
),
claim_payments as (
    select * from "postgres"."public"."stg_claim_payments"
)

select 
    c.policy_id,
    sum(cp.payment_amount) as total_claim_payments
from claims c 
join claim_payments cp on cp.claim_id = c.claim_id
where c.claim_date >= current_date - interval '12 months'
group by c.policy_id
  );
[0m18:44:02.258369 [debug] [Thread-2 (]: Opening a new connection, currently in state closed
[0m18:44:02.385391 [debug] [Thread-1 (]: SQL status: CREATE VIEW in 0.151 seconds
[0m18:44:02.388314 [debug] [Thread-1 (]: Using postgres connection "model.insurance_demo.stg_policies"
[0m18:44:02.389158 [debug] [Thread-1 (]: On model.insurance_demo.stg_policies: /* {"app": "dbt", "dbt_version": "1.12.0b3", "profile_name": "insurance_profile", "target_name": "dev", "node_id": "model.insurance_demo.stg_policies"} */
alter table "postgres"."public"."stg_policies" rename to "stg_policies__dbt_backup"
[0m18:44:02.388746 [debug] [Thread-4 (]: SQL status: CREATE VIEW in 0.147 seconds
[0m18:44:02.392128 [debug] [Thread-4 (]: Using postgres connection "model.insurance_demo.stg_policy_types"
[0m18:44:02.392949 [debug] [Thread-4 (]: On model.insurance_demo.stg_policy_types: /* {"app": "dbt", "dbt_version": "1.12.0b3", "profile_name": "insurance_profile", "target_name": "dev", "node_id": "model.insurance_demo.stg_policy_types"} */
alter table "postgres"."public"."stg_policy_types" rename to "stg_policy_types__dbt_backup"
[0m18:44:02.392557 [debug] [Thread-1 (]: SQL status: ALTER TABLE in 0.003 seconds
[0m18:44:02.395785 [debug] [Thread-1 (]: Using postgres connection "model.insurance_demo.stg_policies"
[0m18:44:02.396707 [debug] [Thread-1 (]: On model.insurance_demo.stg_policies: /* {"app": "dbt", "dbt_version": "1.12.0b3", "profile_name": "insurance_profile", "target_name": "dev", "node_id": "model.insurance_demo.stg_policies"} */
alter table "postgres"."public"."stg_policies__dbt_tmp" rename to "stg_policies"
[0m18:44:02.396229 [debug] [Thread-4 (]: SQL status: ALTER TABLE in 0.003 seconds
[0m18:44:02.399407 [debug] [Thread-4 (]: Using postgres connection "model.insurance_demo.stg_policy_types"
[0m18:44:02.400231 [debug] [Thread-4 (]: On model.insurance_demo.stg_policy_types: /* {"app": "dbt", "dbt_version": "1.12.0b3", "profile_name": "insurance_profile", "target_name": "dev", "node_id": "model.insurance_demo.stg_policy_types"} */
alter table "postgres"."public"."stg_policy_types__dbt_tmp" rename to "stg_policy_types"
[0m18:44:02.399853 [debug] [Thread-1 (]: SQL status: ALTER TABLE in 0.003 seconds
[0m18:44:02.401793 [debug] [Thread-1 (]: On model.insurance_demo.stg_policies: COMMIT
[0m18:44:02.402678 [debug] [Thread-1 (]: Using postgres connection "model.insurance_demo.stg_policies"
[0m18:44:02.403078 [debug] [Thread-1 (]: On model.insurance_demo.stg_policies: COMMIT
[0m18:44:02.402290 [debug] [Thread-4 (]: SQL status: ALTER TABLE in 0.002 seconds
[0m18:44:02.404592 [debug] [Thread-4 (]: On model.insurance_demo.stg_policy_types: COMMIT
[0m18:44:02.405116 [debug] [Thread-4 (]: Using postgres connection "model.insurance_demo.stg_policy_types"
[0m18:44:02.405461 [debug] [Thread-4 (]: On model.insurance_demo.stg_policy_types: COMMIT
[0m18:44:02.429392 [debug] [Thread-1 (]: SQL status: COMMIT in 0.026 seconds
[0m18:44:02.432601 [debug] [Thread-1 (]: Applying DROP to: "postgres"."public"."stg_policies__dbt_backup"
[0m18:44:02.434463 [debug] [Thread-1 (]: Using postgres connection "model.insurance_demo.stg_policies"
[0m18:44:02.435077 [debug] [Thread-1 (]: On model.insurance_demo.stg_policies: /* {"app": "dbt", "dbt_version": "1.12.0b3", "profile_name": "insurance_profile", "target_name": "dev", "node_id": "model.insurance_demo.stg_policies"} */
drop view if exists "postgres"."public"."stg_policies__dbt_backup" cascade
[0m18:44:02.433319 [debug] [Thread-2 (]: SQL status: CREATE VIEW in 0.175 seconds
[0m18:44:02.439342 [debug] [Thread-2 (]: Using postgres connection "model.insurance_demo.int_payments_per_policy"
[0m18:44:02.440050 [debug] [Thread-2 (]: On model.insurance_demo.int_payments_per_policy: /* {"app": "dbt", "dbt_version": "1.12.0b3", "profile_name": "insurance_profile", "target_name": "dev", "node_id": "model.insurance_demo.int_payments_per_policy"} */
alter table "postgres"."public"."int_payments_per_policy__dbt_tmp" rename to "int_payments_per_policy"
[0m18:44:02.441277 [debug] [Thread-4 (]: SQL status: COMMIT in 0.035 seconds
[0m18:44:02.446024 [debug] [Thread-4 (]: Applying DROP to: "postgres"."public"."stg_policy_types__dbt_backup"
[0m18:44:02.442965 [debug] [Thread-1 (]: SQL status: DROP VIEW in 0.007 seconds
[0m18:44:02.442102 [debug] [Thread-2 (]: SQL status: ALTER TABLE in 0.001 seconds
[0m18:44:02.447015 [debug] [Thread-4 (]: Using postgres connection "model.insurance_demo.stg_policy_types"
[0m18:44:02.448740 [debug] [Thread-1 (]: On model.insurance_demo.stg_policies: Close
[0m18:44:02.450269 [debug] [Thread-2 (]: On model.insurance_demo.int_payments_per_policy: COMMIT
[0m18:44:02.450772 [debug] [Thread-4 (]: On model.insurance_demo.stg_policy_types: /* {"app": "dbt", "dbt_version": "1.12.0b3", "profile_name": "insurance_profile", "target_name": "dev", "node_id": "model.insurance_demo.stg_policy_types"} */
drop view if exists "postgres"."public"."stg_policy_types__dbt_backup" cascade
[0m18:44:02.452166 [debug] [Thread-1 (]: Sending event: {'category': 'dbt', 'action': 'run_model', 'label': 'ebf4178e-f114-44ef-bb7e-ae4d0e6fc724', 'context': [<snowplow_tracker.self_describing_json.SelfDescribingJson object at 0x000002387A324830>]}
[0m18:44:02.451434 [debug] [Thread-2 (]: Using postgres connection "model.insurance_demo.int_payments_per_policy"
[0m18:44:02.455190 [debug] [Thread-2 (]: On model.insurance_demo.int_payments_per_policy: COMMIT
[0m18:44:02.454454 [info ] [Thread-1 (]: 5 of 9 OK created sql view model public.stg_policies ........................... [[32mCREATE VIEW[0m in 0.28s]
[0m18:44:02.457151 [debug] [Thread-1 (]: Finished running node model.insurance_demo.stg_policies
[0m18:44:02.459406 [debug] [Thread-2 (]: SQL status: COMMIT in 0.003 seconds
[0m18:44:02.458255 [debug] [Thread-4 (]: SQL status: DROP VIEW in 0.005 seconds
[0m18:44:02.463893 [debug] [Thread-4 (]: On model.insurance_demo.stg_policy_types: Close
[0m18:44:02.462180 [debug] [Thread-2 (]: Applying DROP to: "postgres"."public"."int_payments_per_policy__dbt_backup"
[0m18:44:02.464859 [debug] [Thread-2 (]: Using postgres connection "model.insurance_demo.int_payments_per_policy"
[0m18:44:02.466129 [debug] [Thread-2 (]: On model.insurance_demo.int_payments_per_policy: /* {"app": "dbt", "dbt_version": "1.12.0b3", "profile_name": "insurance_profile", "target_name": "dev", "node_id": "model.insurance_demo.int_payments_per_policy"} */
drop view if exists "postgres"."public"."int_payments_per_policy__dbt_backup" cascade
[0m18:44:02.465512 [debug] [Thread-4 (]: Sending event: {'category': 'dbt', 'action': 'run_model', 'label': 'ebf4178e-f114-44ef-bb7e-ae4d0e6fc724', 'context': [<snowplow_tracker.self_describing_json.SelfDescribingJson object at 0x000002387A416FF0>]}
[0m18:44:02.468528 [debug] [Thread-2 (]: SQL status: DROP VIEW in 0.002 seconds
[0m18:44:02.472372 [debug] [Thread-2 (]: On model.insurance_demo.int_payments_per_policy: Close
[0m18:44:02.467659 [info ] [Thread-4 (]: 6 of 9 OK created sql view model public.stg_policy_types ....................... [[32mCREATE VIEW[0m in 0.28s]
[0m18:44:02.476685 [debug] [Thread-4 (]: Finished running node model.insurance_demo.stg_policy_types
[0m18:44:02.474522 [debug] [Thread-2 (]: Sending event: {'category': 'dbt', 'action': 'run_model', 'label': 'ebf4178e-f114-44ef-bb7e-ae4d0e6fc724', 'context': [<snowplow_tracker.self_describing_json.SelfDescribingJson object at 0x000002387A4F92B0>]}
[0m18:44:02.479662 [info ] [Thread-2 (]: 8 of 9 OK created sql view model public.int_payments_per_policy ................ [[32mCREATE VIEW[0m in 0.27s]
[0m18:44:02.482929 [debug] [Thread-2 (]: Finished running node model.insurance_demo.int_payments_per_policy
[0m18:44:02.524596 [debug] [Thread-3 (]: SQL status: CREATE VIEW in 0.282 seconds
[0m18:44:02.529514 [debug] [Thread-3 (]: Using postgres connection "model.insurance_demo.int_claims_per_policy"
[0m18:44:02.530363 [debug] [Thread-3 (]: On model.insurance_demo.int_claims_per_policy: /* {"app": "dbt", "dbt_version": "1.12.0b3", "profile_name": "insurance_profile", "target_name": "dev", "node_id": "model.insurance_demo.int_claims_per_policy"} */
alter table "postgres"."public"."int_claims_per_policy__dbt_tmp" rename to "int_claims_per_policy"
[0m18:44:02.531904 [debug] [Thread-3 (]: SQL status: ALTER TABLE in 0.001 seconds
[0m18:44:02.534373 [debug] [Thread-3 (]: On model.insurance_demo.int_claims_per_policy: COMMIT
[0m18:44:02.535007 [debug] [Thread-3 (]: Using postgres connection "model.insurance_demo.int_claims_per_policy"
[0m18:44:02.535855 [debug] [Thread-3 (]: On model.insurance_demo.int_claims_per_policy: COMMIT
[0m18:44:02.539291 [debug] [Thread-3 (]: SQL status: COMMIT in 0.003 seconds
[0m18:44:02.543437 [debug] [Thread-3 (]: Applying DROP to: "postgres"."public"."int_claims_per_policy__dbt_backup"
[0m18:44:02.544763 [debug] [Thread-3 (]: Using postgres connection "model.insurance_demo.int_claims_per_policy"
[0m18:44:02.545520 [debug] [Thread-3 (]: On model.insurance_demo.int_claims_per_policy: /* {"app": "dbt", "dbt_version": "1.12.0b3", "profile_name": "insurance_profile", "target_name": "dev", "node_id": "model.insurance_demo.int_claims_per_policy"} */
drop view if exists "postgres"."public"."int_claims_per_policy__dbt_backup" cascade
[0m18:44:02.547560 [debug] [Thread-3 (]: SQL status: DROP VIEW in 0.001 seconds
[0m18:44:02.550251 [debug] [Thread-3 (]: On model.insurance_demo.int_claims_per_policy: Close
[0m18:44:02.551508 [debug] [Thread-3 (]: Sending event: {'category': 'dbt', 'action': 'run_model', 'label': 'ebf4178e-f114-44ef-bb7e-ae4d0e6fc724', 'context': [<snowplow_tracker.self_describing_json.SelfDescribingJson object at 0x000002387A417F50>]}
[0m18:44:02.552709 [info ] [Thread-3 (]: 7 of 9 OK created sql view model public.int_claims_per_policy .................. [[32mCREATE VIEW[0m in 0.37s]
[0m18:44:02.553969 [debug] [Thread-3 (]: Finished running node model.insurance_demo.int_claims_per_policy
[0m18:44:02.555610 [debug] [Thread-1 (]: Began running node model.insurance_demo.claim_risk_report
[0m18:44:02.557064 [info ] [Thread-1 (]: 9 of 9 START sql table model public.claim_risk_report .......................... [RUN]
[0m18:44:02.558925 [debug] [Thread-1 (]: Re-using an available connection from the pool (formerly model.insurance_demo.stg_policies, now model.insurance_demo.claim_risk_report)
[0m18:44:02.560227 [debug] [Thread-1 (]: Began compiling node model.insurance_demo.claim_risk_report
[0m18:44:02.573038 [debug] [Thread-1 (]: Writing injected SQL for node "model.insurance_demo.claim_risk_report"
[0m18:44:02.578919 [debug] [Thread-1 (]: Began executing node model.insurance_demo.claim_risk_report
[0m18:44:02.620228 [debug] [Thread-1 (]: Writing runtime sql for node "model.insurance_demo.claim_risk_report"
[0m18:44:02.623204 [debug] [Thread-1 (]: Using postgres connection "model.insurance_demo.claim_risk_report"
[0m18:44:02.623899 [debug] [Thread-1 (]: On model.insurance_demo.claim_risk_report: /* {"app": "dbt", "dbt_version": "1.12.0b3", "profile_name": "insurance_profile", "target_name": "dev", "node_id": "model.insurance_demo.claim_risk_report"} */

  
    

  create  table "postgres"."public"."claim_risk_report__dbt_tmp"
  
  
    as
  
  (
    with policies as (
    select * from "postgres"."public"."stg_policies"
),
customers as (
    select * from "postgres"."public"."stg_customers"
),
agents as (
    select * from "postgres"."public"."stg_agents"
),
policy_types as (
    select * from "postgres"."public"."stg_policy_types"
),
claims_agg as (
    select * from "postgres"."public"."int_claims_per_policy"
),
pay_agg as (
    select * from "postgres"."public"."int_payments_per_policy"
),
report as (
    select 
        cu.customer_name,
        cu.city,
        pt.policy_type_name as policy_type,
        ag.agent_name,
        p.premium as total_premium_collected,
        ca.total_claim_amount,
        coalesce(pa.total_claim_payments, 0) as total_claim_payments,
        ca.claim_count,
        round(coalesce(pa.total_claim_payments, 0) * 100.0 / nullif(p.premium, 0), 2) as claim_ratio
    from policies p
    join customers cu on cu.customer_id = p.customer_id
    join agents ag on ag.agent_id = p.agent_id
    join policy_types pt on pt.policy_type_id = p.policy_type_id
    join claims_agg ca on ca.policy_id = p.policy_id
    left join pay_agg pa on pa.policy_id = p.policy_id
    where ca.claim_count >= 2
)

select 
    customer_name,
    city,
    policy_type,
    agent_name,
    total_premium_collected,
    total_claim_amount,
    total_claim_payments,
    claim_ratio,
    case
        when claim_ratio > 80 then 'High Risk'
        when claim_ratio >= 40 then 'Medium Risk'
        else 'Low Risk'
    end as risk_category,
    rank() over(partition by city order by claim_ratio desc) as rank_in_city
from report
order by city, rank_in_city
  );
  
[0m18:44:02.624388 [debug] [Thread-1 (]: Opening a new connection, currently in state closed
[0m18:44:02.725301 [debug] [Thread-1 (]: SQL status: SELECT 50 in 0.101 seconds
[0m18:44:02.731984 [debug] [Thread-1 (]: Using postgres connection "model.insurance_demo.claim_risk_report"
[0m18:44:02.732464 [debug] [Thread-1 (]: On model.insurance_demo.claim_risk_report: /* {"app": "dbt", "dbt_version": "1.12.0b3", "profile_name": "insurance_profile", "target_name": "dev", "node_id": "model.insurance_demo.claim_risk_report"} */
alter table "postgres"."public"."claim_risk_report" rename to "claim_risk_report__dbt_backup"
[0m18:44:02.733448 [debug] [Thread-1 (]: SQL status: ALTER TABLE in 0.001 seconds
[0m18:44:02.736298 [debug] [Thread-1 (]: Using postgres connection "model.insurance_demo.claim_risk_report"
[0m18:44:02.736721 [debug] [Thread-1 (]: On model.insurance_demo.claim_risk_report: /* {"app": "dbt", "dbt_version": "1.12.0b3", "profile_name": "insurance_profile", "target_name": "dev", "node_id": "model.insurance_demo.claim_risk_report"} */
alter table "postgres"."public"."claim_risk_report__dbt_tmp" rename to "claim_risk_report"
[0m18:44:02.739641 [debug] [Thread-1 (]: SQL status: ALTER TABLE in 0.003 seconds
[0m18:44:02.741563 [debug] [Thread-1 (]: On model.insurance_demo.claim_risk_report: COMMIT
[0m18:44:02.741948 [debug] [Thread-1 (]: Using postgres connection "model.insurance_demo.claim_risk_report"
[0m18:44:02.742254 [debug] [Thread-1 (]: On model.insurance_demo.claim_risk_report: COMMIT
[0m18:44:02.744024 [debug] [Thread-1 (]: SQL status: COMMIT in 0.001 seconds
[0m18:44:02.746391 [debug] [Thread-1 (]: Applying DROP to: "postgres"."public"."claim_risk_report__dbt_backup"
[0m18:44:02.749006 [debug] [Thread-1 (]: Using postgres connection "model.insurance_demo.claim_risk_report"
[0m18:44:02.749471 [debug] [Thread-1 (]: On model.insurance_demo.claim_risk_report: /* {"app": "dbt", "dbt_version": "1.12.0b3", "profile_name": "insurance_profile", "target_name": "dev", "node_id": "model.insurance_demo.claim_risk_report"} */
drop table if exists "postgres"."public"."claim_risk_report__dbt_backup" cascade
[0m18:44:02.756053 [debug] [Thread-1 (]: SQL status: DROP TABLE in 0.006 seconds
[0m18:44:02.759364 [debug] [Thread-1 (]: On model.insurance_demo.claim_risk_report: Close
[0m18:44:02.760988 [debug] [Thread-1 (]: Sending event: {'category': 'dbt', 'action': 'run_model', 'label': 'ebf4178e-f114-44ef-bb7e-ae4d0e6fc724', 'context': [<snowplow_tracker.self_describing_json.SelfDescribingJson object at 0x000002387A13E750>]}
[0m18:44:02.762492 [info ] [Thread-1 (]: 9 of 9 OK created sql table model public.claim_risk_report ..................... [[32mSELECT 50[0m in 0.20s]
[0m18:44:02.764313 [debug] [Thread-1 (]: Finished running node model.insurance_demo.claim_risk_report
[0m18:44:02.768722 [debug] [MainThread]: On master: COMMIT
[0m18:44:02.769898 [debug] [MainThread]: Using postgres connection "master"
[0m18:44:02.770854 [debug] [MainThread]: On master: COMMIT
[0m18:44:02.771811 [debug] [MainThread]: Opening a new connection, currently in state closed
[0m18:44:02.920228 [debug] [MainThread]: SQL status: COMMIT in 0.148 seconds
[0m18:44:02.920668 [debug] [MainThread]: On master: Close
[0m18:44:02.921172 [debug] [MainThread]: Connection 'master' was properly closed.
[0m18:44:02.921470 [debug] [MainThread]: Connection 'list_postgres' was properly closed.
[0m18:44:02.921709 [debug] [MainThread]: Connection 'list_postgres_public' was properly closed.
[0m18:44:02.921952 [debug] [MainThread]: Connection 'model.insurance_demo.claim_risk_report' was properly closed.
[0m18:44:02.922167 [debug] [MainThread]: Connection 'model.insurance_demo.int_claims_per_policy' was properly closed.
[0m18:44:02.922383 [debug] [MainThread]: Connection 'model.insurance_demo.stg_policy_types' was properly closed.
[0m18:44:02.922597 [debug] [MainThread]: Connection 'model.insurance_demo.int_payments_per_policy' was properly closed.
[0m18:44:02.922958 [info ] [MainThread]: 
[0m18:44:02.923716 [info ] [MainThread]: Finished running 1 table model, 8 view models in 0 hours 0 minutes and 1.68 seconds (1.68s).
[0m18:44:02.926085 [debug] [MainThread]: Command end result
[0m18:44:02.952633 [debug] [MainThread]: Wrote artifact WritableManifest to C:\Users\User\Downloads\dbt_insurance_demo\target\manifest.json
[0m18:44:02.957906 [debug] [MainThread]: Wrote artifact SemanticManifest to C:\Users\User\Downloads\dbt_insurance_demo\target\semantic_manifest.json
[0m18:44:02.962988 [debug] [MainThread]: Wrote artifact OsiDocument to C:\Users\User\Downloads\dbt_insurance_demo\target\osi_document.json
[0m18:44:02.971447 [debug] [MainThread]: Wrote artifact RunExecutionResult to C:\Users\User\Downloads\dbt_insurance_demo\target\run_results.json
[0m18:44:02.972021 [info ] [MainThread]: 
[0m18:44:02.972796 [info ] [MainThread]: [32mCompleted successfully[0m
[0m18:44:02.973530 [info ] [MainThread]: 
[0m18:44:02.974037 [info ] [MainThread]: Done. PASS=9 WARN=0 ERROR=0 SKIP=0 NO-OP=0 REUSED=0 TOTAL=9
[0m18:44:02.975343 [debug] [MainThread]: Command `dbt run` succeeded at 18:44:02.975100 after 3.35 seconds
[0m18:44:02.975943 [debug] [MainThread]: Sending event: {'category': 'dbt', 'action': 'invocation', 'label': 'end', 'context': [<snowplow_tracker.self_describing_json.SelfDescribingJson object at 0x000002387A13D7F0>, <snowplow_tracker.self_describing_json.SelfDescribingJson object at 0x000002387924D250>, <snowplow_tracker.self_describing_json.SelfDescribingJson object at 0x000002387A5F3E30>]}
[0m18:44:02.976509 [debug] [MainThread]: Flushing usage events
[0m18:44:05.281768 [debug] [MainThread]: An error was encountered while trying to flush usage events
[0m18:44:12.684335 [debug] [MainThread]: Sending event: {'category': 'dbt', 'action': 'invocation', 'label': 'start', 'context': [<snowplow_tracker.self_describing_json.SelfDescribingJson object at 0x0000022E3D97FA10>, <snowplow_tracker.self_describing_json.SelfDescribingJson object at 0x0000022E3B2FD090>, <snowplow_tracker.self_describing_json.SelfDescribingJson object at 0x0000022E402A79D0>]}


============================== 18:44:12.692365 | 16d0edce-b239-4e18-b9e8-ffcce03675eb ==============================
[0m18:44:12.692365 [info ] [MainThread]: Running with dbt=1.12.0-b3
[0m18:44:12.693781 [debug] [MainThread]: running dbt with arguments {'maximum_seed_size_mib': '1', 'no_print': 'None', 'version_check': 'True', 'target_path': 'None', 'warn_error_options': 'WarnErrorOptionsV2(error=[], warn=[], silence=[])', 'static_parser': 'True', 'printer_width': '80', 'write_json': 'True', 'empty': 'None', 'log_cache_events': 'False', 'introspect': 'True', 'cache_selected_only': 'False', 'log_format': 'default', 'debug': 'False', 'fail_fast': 'False', 'profiles_dir': 'C:\\Users\\User\\.dbt', 'send_anonymous_usage_stats': 'True', 'quiet': 'False', 'warn_error': 'None', 'partial_parse': 'True', 'use_colors': 'True', 'invocation_command': 'dbt test', 'indirect_selection': 'eager', 'use_experimental_parser': 'False', 'log_path': 'C:\\Users\\User\\Downloads\\dbt_insurance_demo\\logs'}
[0m18:44:12.949576 [debug] [MainThread]: Sending event: {'category': 'dbt', 'action': 'project_id', 'label': '16d0edce-b239-4e18-b9e8-ffcce03675eb', 'context': [<snowplow_tracker.self_describing_json.SelfDescribingJson object at 0x0000022E4024DCD0>]}
[0m18:44:13.021314 [debug] [MainThread]: Sending event: {'category': 'dbt', 'action': 'adapter_info', 'label': '16d0edce-b239-4e18-b9e8-ffcce03675eb', 'context': [<snowplow_tracker.self_describing_json.SelfDescribingJson object at 0x0000022E4006BBD0>]}
[0m18:44:13.022647 [info ] [MainThread]: Registered adapter: postgres=1.10.2
[0m18:44:13.329761 [debug] [MainThread]: checksum: f835d38e27f2c851a434d54286ec57eea49b211f2d0074fee97ef59e7c153b04, vars: {}, profile: insurance_profile, target: dev, version: 1.12.0b3
[0m18:44:13.520113 [debug] [MainThread]: Partial parsing enabled: 0 files deleted, 0 files added, 0 files changed.
[0m18:44:13.520599 [debug] [MainThread]: Nothing changed, skipping partial parsing.
[0m18:44:13.520922 [debug] [MainThread]: Partial parsing enabled, no changes found, skipping parsing
[0m18:44:13.566374 [debug] [MainThread]: Sending event: {'category': 'dbt', 'action': 'load_project', 'label': '16d0edce-b239-4e18-b9e8-ffcce03675eb', 'context': [<snowplow_tracker.self_describing_json.SelfDescribingJson object at 0x0000022E40DA8250>]}
[0m18:44:13.658294 [debug] [MainThread]: Wrote artifact WritableManifest to C:\Users\User\Downloads\dbt_insurance_demo\target\manifest.json
[0m18:44:13.662564 [debug] [MainThread]: Wrote artifact SemanticManifest to C:\Users\User\Downloads\dbt_insurance_demo\target\semantic_manifest.json
[0m18:44:13.695580 [debug] [MainThread]: Wrote artifact OsiDocument to C:\Users\User\Downloads\dbt_insurance_demo\target\osi_document.json
[0m18:44:13.724328 [debug] [MainThread]: Sending event: {'category': 'dbt', 'action': 'resource_counts', 'label': '16d0edce-b239-4e18-b9e8-ffcce03675eb', 'context': [<snowplow_tracker.self_describing_json.SelfDescribingJson object at 0x0000022E40E6EB70>]}
[0m18:44:13.725160 [info ] [MainThread]: Found 9 models, 10 data tests, 6 sources, 475 macros
[0m18:44:13.725937 [debug] [MainThread]: Sending event: {'category': 'dbt', 'action': 'runnable_timing', 'label': '16d0edce-b239-4e18-b9e8-ffcce03675eb', 'context': [<snowplow_tracker.self_describing_json.SelfDescribingJson object at 0x0000022E40F1E270>]}
[0m18:44:13.729621 [info ] [MainThread]: 
[0m18:44:13.730435 [info ] [MainThread]: Concurrency: 4 threads (target='dev')
[0m18:44:13.731367 [info ] [MainThread]: 
[0m18:44:13.732277 [debug] [MainThread]: Acquiring new postgres connection 'master'
[0m18:44:13.737902 [debug] [ThreadPool]: Acquiring new postgres connection 'list_postgres_public'
[0m18:44:13.881099 [debug] [ThreadPool]: Using postgres connection "list_postgres_public"
[0m18:44:13.881525 [debug] [ThreadPool]: On list_postgres_public: /* {"app": "dbt", "dbt_version": "1.12.0b3", "profile_name": "insurance_profile", "target_name": "dev", "connection_name": "list_postgres_public"} */
select
      'postgres' as database,
      tablename as name,
      schemaname as schema,
      'table' as type
    from pg_tables
    where schemaname ilike 'public'
    union all
    select
      'postgres' as database,
      viewname as name,
      schemaname as schema,
      'view' as type
    from pg_views
    where schemaname ilike 'public'
    union all
    select
      'postgres' as database,
      matviewname as name,
      schemaname as schema,
      'materialized_view' as type
    from pg_matviews
    where schemaname ilike 'public'
  
[0m18:44:13.881838 [debug] [ThreadPool]: Opening a new connection, currently in state init
[0m18:44:13.985885 [debug] [ThreadPool]: SQL status: SELECT 15 in 0.104 seconds
[0m18:44:13.988086 [debug] [ThreadPool]: On list_postgres_public: ROLLBACK
[0m18:44:13.988917 [debug] [ThreadPool]: On list_postgres_public: Close
[0m18:44:14.000134 [debug] [MainThread]: Using postgres connection "master"
[0m18:44:14.000795 [debug] [MainThread]: On master: /* {"app": "dbt", "dbt_version": "1.12.0b3", "profile_name": "insurance_profile", "target_name": "dev", "connection_name": "master"} */
select distinct
        dependent_namespace.nspname as dependent_schema,
        dependent_class.relname as dependent_name,
        referenced_namespace.nspname as referenced_schema,
        referenced_class.relname as referenced_name

    -- Query for views: views are entries in pg_class with an entry in pg_rewrite, but we avoid
    -- a seq scan on pg_rewrite by leveraging the fact there is an "internal" row in pg_depend for
    -- the view...
    from pg_class as dependent_class
    join pg_namespace as dependent_namespace on dependent_namespace.oid = dependent_class.relnamespace
    join pg_depend as dependent_depend on dependent_depend.refobjid = dependent_class.oid
        and dependent_depend.classid = 'pg_rewrite'::regclass
        and dependent_depend.refclassid = 'pg_class'::regclass
        and dependent_depend.deptype = 'i'

    -- ... and via pg_depend (that has a row per column, hence the need for "distinct" above, and
    -- making sure to exclude the internal row to avoid a view appearing to depend on itself)...
    join pg_depend as joining_depend on joining_depend.objid = dependent_depend.objid
        and joining_depend.classid = 'pg_rewrite'::regclass
        and joining_depend.refclassid = 'pg_class'::regclass
        and joining_depend.refobjid != dependent_depend.refobjid

    -- ... we can find the tables they query from in pg_class, but excluding system tables. Note we
    -- don't need need to exclude _dependent_ system tables, because they only query from other
    -- system tables, and so are automatically excluded by excluding _referenced_ system tables
    join pg_class as referenced_class on referenced_class.oid = joining_depend.refobjid
    join pg_namespace as referenced_namespace on referenced_namespace.oid = referenced_class.relnamespace
        and referenced_namespace.nspname != 'information_schema'
        and referenced_namespace.nspname not like 'pg\_%'

    order by
        dependent_schema, dependent_name, referenced_schema, referenced_name;
[0m18:44:14.001431 [debug] [MainThread]: Opening a new connection, currently in state init
[0m18:44:14.134315 [debug] [MainThread]: SQL status: SELECT 9 in 0.133 seconds
[0m18:44:14.136913 [debug] [MainThread]: Sending event: {'category': 'dbt', 'action': 'runnable_timing', 'label': '16d0edce-b239-4e18-b9e8-ffcce03675eb', 'context': [<snowplow_tracker.self_describing_json.SelfDescribingJson object at 0x0000022E411625B0>]}
[0m18:44:14.137331 [debug] [MainThread]: On master: ROLLBACK
[0m18:44:14.137838 [debug] [MainThread]: On master: COMMIT
[0m18:44:14.138168 [debug] [MainThread]: Using postgres connection "master"
[0m18:44:14.138421 [debug] [MainThread]: On master: COMMIT
[0m18:44:14.138891 [debug] [MainThread]: SQL status: COMMIT in 0.000 seconds
[0m18:44:14.139238 [debug] [MainThread]: On master: Close
[0m18:44:14.146381 [debug] [Thread-4 (]: Began running node test.insurance_demo.not_null_stg_claims_policy_id.7e20e3e912
[0m18:44:14.147332 [debug] [Thread-2 (]: Began running node test.insurance_demo.not_null_claim_risk_report_risk_category.a715a78e61
[0m18:44:14.147864 [debug] [Thread-1 (]: Began running node test.insurance_demo.accepted_values_claim_risk_report_risk_category__High_Risk__Medium_Risk__Low_Risk.5d4ee805c9
[0m18:44:14.146897 [info ] [Thread-4 (]: 4 of 10 START test not_null_stg_claims_policy_id ............................... [RUN]
[0m18:44:14.149513 [debug] [Thread-4 (]: Acquiring new postgres connection 'test.insurance_demo.not_null_stg_claims_policy_id.7e20e3e912'
[0m18:44:14.149864 [debug] [Thread-4 (]: Began compiling node test.insurance_demo.not_null_stg_claims_policy_id.7e20e3e912
[0m18:44:14.148282 [debug] [Thread-3 (]: Began running node test.insurance_demo.not_null_stg_claims_claim_id.f8032ece86
[0m18:44:14.148584 [info ] [Thread-2 (]: 2 of 10 START test not_null_claim_risk_report_risk_category .................... [RUN]
[0m18:44:14.165855 [debug] [Thread-2 (]: Acquiring new postgres connection 'test.insurance_demo.not_null_claim_risk_report_risk_category.a715a78e61'
[0m18:44:14.166217 [debug] [Thread-2 (]: Began compiling node test.insurance_demo.not_null_claim_risk_report_risk_category.a715a78e61
[0m18:44:14.169609 [debug] [Thread-2 (]: Writing injected SQL for node "test.insurance_demo.not_null_claim_risk_report_risk_category.a715a78e61"
[0m18:44:14.164830 [debug] [Thread-4 (]: Writing injected SQL for node "test.insurance_demo.not_null_stg_claims_policy_id.7e20e3e912"
[0m18:44:14.149013 [info ] [Thread-1 (]: 1 of 10 START test accepted_values_claim_risk_report_risk_category__High_Risk__Medium_Risk__Low_Risk  [RUN]
[0m18:44:14.170732 [debug] [Thread-1 (]: Acquiring new postgres connection 'test.insurance_demo.accepted_values_claim_risk_report_risk_category__High_Risk__Medium_Risk__Low_Risk.5d4ee805c9'
[0m18:44:14.171292 [debug] [Thread-1 (]: Began compiling node test.insurance_demo.accepted_values_claim_risk_report_risk_category__High_Risk__Medium_Risk__Low_Risk.5d4ee805c9
[0m18:44:14.183203 [debug] [Thread-1 (]: Writing injected SQL for node "test.insurance_demo.accepted_values_claim_risk_report_risk_category__High_Risk__Medium_Risk__Low_Risk.5d4ee805c9"
[0m18:44:14.165359 [info ] [Thread-3 (]: 3 of 10 START test not_null_stg_claims_claim_id ................................ [RUN]
[0m18:44:14.184244 [debug] [Thread-3 (]: Acquiring new postgres connection 'test.insurance_demo.not_null_stg_claims_claim_id.f8032ece86'
[0m18:44:14.184856 [debug] [Thread-3 (]: Began compiling node test.insurance_demo.not_null_stg_claims_claim_id.f8032ece86
[0m18:44:14.188754 [debug] [Thread-3 (]: Writing injected SQL for node "test.insurance_demo.not_null_stg_claims_claim_id.f8032ece86"
[0m18:44:14.189285 [debug] [Thread-4 (]: Began executing node test.insurance_demo.not_null_stg_claims_policy_id.7e20e3e912
[0m18:44:14.205722 [debug] [Thread-2 (]: Began executing node test.insurance_demo.not_null_claim_risk_report_risk_category.a715a78e61
[0m18:44:14.209129 [debug] [Thread-2 (]: Writing runtime sql for node "test.insurance_demo.not_null_claim_risk_report_risk_category.a715a78e61"
[0m18:44:14.206291 [debug] [Thread-4 (]: Writing runtime sql for node "test.insurance_demo.not_null_stg_claims_policy_id.7e20e3e912"
[0m18:44:14.210697 [debug] [Thread-1 (]: Began executing node test.insurance_demo.accepted_values_claim_risk_report_risk_category__High_Risk__Medium_Risk__Low_Risk.5d4ee805c9
[0m18:44:14.213199 [debug] [Thread-1 (]: Writing runtime sql for node "test.insurance_demo.accepted_values_claim_risk_report_risk_category__High_Risk__Medium_Risk__Low_Risk.5d4ee805c9"
[0m18:44:14.211294 [debug] [Thread-3 (]: Began executing node test.insurance_demo.not_null_stg_claims_claim_id.f8032ece86
[0m18:44:14.215829 [debug] [Thread-3 (]: Writing runtime sql for node "test.insurance_demo.not_null_stg_claims_claim_id.f8032ece86"
[0m18:44:14.213734 [debug] [Thread-2 (]: Using postgres connection "test.insurance_demo.not_null_claim_risk_report_risk_category.a715a78e61"
[0m18:44:14.216564 [debug] [Thread-2 (]: On test.insurance_demo.not_null_claim_risk_report_risk_category.a715a78e61: /* {"app": "dbt", "dbt_version": "1.12.0b3", "profile_name": "insurance_profile", "target_name": "dev", "node_id": "test.insurance_demo.not_null_claim_risk_report_risk_category.a715a78e61"} */

    
    select
      count(*) as failures,
      count(*) != 0 as should_warn,
      count(*) != 0 as should_error
    from (
      
    
  
    
    



select risk_category
from "postgres"."public"."claim_risk_report"
where risk_category is null



  
  
      
    ) dbt_internal_test
[0m18:44:14.217117 [debug] [Thread-2 (]: Opening a new connection, currently in state init
[0m18:44:14.217599 [debug] [Thread-1 (]: Using postgres connection "test.insurance_demo.accepted_values_claim_risk_report_risk_category__High_Risk__Medium_Risk__Low_Risk.5d4ee805c9"
[0m18:44:14.218335 [debug] [Thread-1 (]: On test.insurance_demo.accepted_values_claim_risk_report_risk_category__High_Risk__Medium_Risk__Low_Risk.5d4ee805c9: /* {"app": "dbt", "dbt_version": "1.12.0b3", "profile_name": "insurance_profile", "target_name": "dev", "node_id": "test.insurance_demo.accepted_values_claim_risk_report_risk_category__High_Risk__Medium_Risk__Low_Risk.5d4ee805c9"} */

    
    select
      count(*) as failures,
      count(*) != 0 as should_warn,
      count(*) != 0 as should_error
    from (
      
    
  
    
    

with all_values as (

    select
        risk_category as value_field,
        count(*) as n_records

    from "postgres"."public"."claim_risk_report"
    group by risk_category

)

select *
from all_values
where value_field not in (
    'High Risk','Medium Risk','Low Risk'
)



  
  
      
    ) dbt_internal_test
[0m18:44:14.218847 [debug] [Thread-1 (]: Opening a new connection, currently in state init
[0m18:44:14.219504 [debug] [Thread-4 (]: Using postgres connection "test.insurance_demo.not_null_stg_claims_policy_id.7e20e3e912"
[0m18:44:14.220457 [debug] [Thread-4 (]: On test.insurance_demo.not_null_stg_claims_policy_id.7e20e3e912: /* {"app": "dbt", "dbt_version": "1.12.0b3", "profile_name": "insurance_profile", "target_name": "dev", "node_id": "test.insurance_demo.not_null_stg_claims_policy_id.7e20e3e912"} */

    
    select
      count(*) as failures,
      count(*) != 0 as should_warn,
      count(*) != 0 as should_error
    from (
      
    
  
    
    



select policy_id
from "postgres"."public"."stg_claims"
where policy_id is null



  
  
      
    ) dbt_internal_test
[0m18:44:14.221123 [debug] [Thread-4 (]: Opening a new connection, currently in state init
[0m18:44:14.219874 [debug] [Thread-3 (]: Using postgres connection "test.insurance_demo.not_null_stg_claims_claim_id.f8032ece86"
[0m18:44:14.221886 [debug] [Thread-3 (]: On test.insurance_demo.not_null_stg_claims_claim_id.f8032ece86: /* {"app": "dbt", "dbt_version": "1.12.0b3", "profile_name": "insurance_profile", "target_name": "dev", "node_id": "test.insurance_demo.not_null_stg_claims_claim_id.f8032ece86"} */

    
    select
      count(*) as failures,
      count(*) != 0 as should_warn,
      count(*) != 0 as should_error
    from (
      
    
  
    
    



select claim_id
from "postgres"."public"."stg_claims"
where claim_id is null



  
  
      
    ) dbt_internal_test
[0m18:44:14.222273 [debug] [Thread-3 (]: Opening a new connection, currently in state init
[0m18:44:14.321935 [debug] [Thread-2 (]: SQL status: SELECT 1 in 0.105 seconds
[0m18:44:14.328276 [debug] [Thread-2 (]: On test.insurance_demo.not_null_claim_risk_report_risk_category.a715a78e61: ROLLBACK
[0m18:44:14.329242 [debug] [Thread-2 (]: On test.insurance_demo.not_null_claim_risk_report_risk_category.a715a78e61: Close
[0m18:44:14.330339 [info ] [Thread-2 (]: 2 of 10 PASS not_null_claim_risk_report_risk_category .......................... [[32mPASS[0m in 0.16s]
[0m18:44:14.333237 [debug] [Thread-2 (]: Finished running node test.insurance_demo.not_null_claim_risk_report_risk_category.a715a78e61
[0m18:44:14.333998 [debug] [Thread-2 (]: Began running node test.insurance_demo.not_null_stg_policies_customer_id.6c3638fada
[0m18:44:14.334691 [info ] [Thread-2 (]: 5 of 10 START test not_null_stg_policies_customer_id ........................... [RUN]
[0m18:44:14.335832 [debug] [Thread-2 (]: Re-using an available connection from the pool (formerly test.insurance_demo.not_null_claim_risk_report_risk_category.a715a78e61, now test.insurance_demo.not_null_stg_policies_customer_id.6c3638fada)
[0m18:44:14.337061 [debug] [Thread-2 (]: Began compiling node test.insurance_demo.not_null_stg_policies_customer_id.6c3638fada
[0m18:44:14.341094 [debug] [Thread-2 (]: Writing injected SQL for node "test.insurance_demo.not_null_stg_policies_customer_id.6c3638fada"
[0m18:44:14.336478 [debug] [Thread-1 (]: SQL status: SELECT 1 in 0.118 seconds
[0m18:44:14.343653 [debug] [Thread-1 (]: On test.insurance_demo.accepted_values_claim_risk_report_risk_category__High_Risk__Medium_Risk__Low_Risk.5d4ee805c9: ROLLBACK
[0m18:44:14.344632 [debug] [Thread-1 (]: On test.insurance_demo.accepted_values_claim_risk_report_risk_category__High_Risk__Medium_Risk__Low_Risk.5d4ee805c9: Close
[0m18:44:14.345710 [info ] [Thread-1 (]: 1 of 10 PASS accepted_values_claim_risk_report_risk_category__High_Risk__Medium_Risk__Low_Risk  [[32mPASS[0m in 0.18s]
[0m18:44:14.347511 [debug] [Thread-1 (]: Finished running node test.insurance_demo.accepted_values_claim_risk_report_risk_category__High_Risk__Medium_Risk__Low_Risk.5d4ee805c9
[0m18:44:14.346377 [debug] [Thread-2 (]: Began executing node test.insurance_demo.not_null_stg_policies_customer_id.6c3638fada
[0m18:44:14.351551 [debug] [Thread-2 (]: Writing runtime sql for node "test.insurance_demo.not_null_stg_policies_customer_id.6c3638fada"
[0m18:44:14.348483 [debug] [Thread-1 (]: Began running node test.insurance_demo.not_null_stg_policies_policy_id.83c6a6a32c
[0m18:44:14.352298 [info ] [Thread-1 (]: 6 of 10 START test not_null_stg_policies_policy_id ............................. [RUN]
[0m18:44:14.353173 [debug] [Thread-1 (]: Re-using an available connection from the pool (formerly test.insurance_demo.accepted_values_claim_risk_report_risk_category__High_Risk__Medium_Risk__Low_Risk.5d4ee805c9, now test.insurance_demo.not_null_stg_policies_policy_id.83c6a6a32c)
[0m18:44:14.353660 [debug] [Thread-1 (]: Began compiling node test.insurance_demo.not_null_stg_policies_policy_id.83c6a6a32c
[0m18:44:14.357301 [debug] [Thread-1 (]: Writing injected SQL for node "test.insurance_demo.not_null_stg_policies_policy_id.83c6a6a32c"
[0m18:44:14.357896 [debug] [Thread-2 (]: Using postgres connection "test.insurance_demo.not_null_stg_policies_customer_id.6c3638fada"
[0m18:44:14.358801 [debug] [Thread-2 (]: On test.insurance_demo.not_null_stg_policies_customer_id.6c3638fada: /* {"app": "dbt", "dbt_version": "1.12.0b3", "profile_name": "insurance_profile", "target_name": "dev", "node_id": "test.insurance_demo.not_null_stg_policies_customer_id.6c3638fada"} */

    
    select
      count(*) as failures,
      count(*) != 0 as should_warn,
      count(*) != 0 as should_error
    from (
      
    
  
    
    



select customer_id
from "postgres"."public"."stg_policies"
where customer_id is null



  
  
      
    ) dbt_internal_test
[0m18:44:14.359215 [debug] [Thread-2 (]: Opening a new connection, currently in state closed
[0m18:44:14.360708 [debug] [Thread-4 (]: SQL status: SELECT 1 in 0.139 seconds
[0m18:44:14.362635 [debug] [Thread-4 (]: On test.insurance_demo.not_null_stg_claims_policy_id.7e20e3e912: ROLLBACK
[0m18:44:14.361350 [debug] [Thread-1 (]: Began executing node test.insurance_demo.not_null_stg_policies_policy_id.83c6a6a32c
[0m18:44:14.365901 [debug] [Thread-1 (]: Writing runtime sql for node "test.insurance_demo.not_null_stg_policies_policy_id.83c6a6a32c"
[0m18:44:14.366554 [debug] [Thread-4 (]: On test.insurance_demo.not_null_stg_claims_policy_id.7e20e3e912: Close
[0m18:44:14.367507 [info ] [Thread-4 (]: 4 of 10 PASS not_null_stg_claims_policy_id ..................................... [[32mPASS[0m in 0.22s]
[0m18:44:14.368604 [debug] [Thread-4 (]: Finished running node test.insurance_demo.not_null_stg_claims_policy_id.7e20e3e912
[0m18:44:14.370219 [debug] [Thread-4 (]: Began running node test.insurance_demo.relationships_stg_claims_policy_id__policy_id__ref_stg_policies_.f863c76852
[0m18:44:14.369742 [debug] [Thread-3 (]: SQL status: SELECT 1 in 0.147 seconds
[0m18:44:14.369143 [debug] [Thread-1 (]: Using postgres connection "test.insurance_demo.not_null_stg_policies_policy_id.83c6a6a32c"
[0m18:44:14.373329 [debug] [Thread-1 (]: On test.insurance_demo.not_null_stg_policies_policy_id.83c6a6a32c: /* {"app": "dbt", "dbt_version": "1.12.0b3", "profile_name": "insurance_profile", "target_name": "dev", "node_id": "test.insurance_demo.not_null_stg_policies_policy_id.83c6a6a32c"} */

    
    select
      count(*) as failures,
      count(*) != 0 as should_warn,
      count(*) != 0 as should_error
    from (
      
    
  
    
    



select policy_id
from "postgres"."public"."stg_policies"
where policy_id is null



  
  
      
    ) dbt_internal_test
[0m18:44:14.373761 [debug] [Thread-1 (]: Opening a new connection, currently in state closed
[0m18:44:14.372542 [debug] [Thread-3 (]: On test.insurance_demo.not_null_stg_claims_claim_id.f8032ece86: ROLLBACK
[0m18:44:14.370730 [info ] [Thread-4 (]: 7 of 10 START test relationships_stg_claims_policy_id__policy_id__ref_stg_policies_  [RUN]
[0m18:44:14.374556 [debug] [Thread-4 (]: Re-using an available connection from the pool (formerly test.insurance_demo.not_null_stg_claims_policy_id.7e20e3e912, now test.insurance_demo.relationships_stg_claims_policy_id__policy_id__ref_stg_policies_.f863c76852)
[0m18:44:14.375589 [debug] [Thread-4 (]: Began compiling node test.insurance_demo.relationships_stg_claims_policy_id__policy_id__ref_stg_policies_.f863c76852
[0m18:44:14.384267 [debug] [Thread-4 (]: Writing injected SQL for node "test.insurance_demo.relationships_stg_claims_policy_id__policy_id__ref_stg_policies_.f863c76852"
[0m18:44:14.375070 [debug] [Thread-3 (]: On test.insurance_demo.not_null_stg_claims_claim_id.f8032ece86: Close
[0m18:44:14.385732 [info ] [Thread-3 (]: 3 of 10 PASS not_null_stg_claims_claim_id ...................................... [[32mPASS[0m in 0.20s]
[0m18:44:14.386990 [debug] [Thread-3 (]: Finished running node test.insurance_demo.not_null_stg_claims_claim_id.f8032ece86
[0m18:44:14.388001 [debug] [Thread-3 (]: Began running node test.insurance_demo.relationships_stg_policies_customer_id__customer_id__ref_stg_customers_.b5a40ed1d6
[0m18:44:14.387530 [debug] [Thread-4 (]: Began executing node test.insurance_demo.relationships_stg_claims_policy_id__policy_id__ref_stg_policies_.f863c76852
[0m18:44:14.391741 [debug] [Thread-4 (]: Writing runtime sql for node "test.insurance_demo.relationships_stg_claims_policy_id__policy_id__ref_stg_policies_.f863c76852"
[0m18:44:14.388619 [info ] [Thread-3 (]: 8 of 10 START test relationships_stg_policies_customer_id__customer_id__ref_stg_customers_  [RUN]
[0m18:44:14.392873 [debug] [Thread-3 (]: Re-using an available connection from the pool (formerly test.insurance_demo.not_null_stg_claims_claim_id.f8032ece86, now test.insurance_demo.relationships_stg_policies_customer_id__customer_id__ref_stg_customers_.b5a40ed1d6)
[0m18:44:14.393549 [debug] [Thread-3 (]: Began compiling node test.insurance_demo.relationships_stg_policies_customer_id__customer_id__ref_stg_customers_.b5a40ed1d6
[0m18:44:14.402248 [debug] [Thread-3 (]: Writing injected SQL for node "test.insurance_demo.relationships_stg_policies_customer_id__customer_id__ref_stg_customers_.b5a40ed1d6"
[0m18:44:14.404401 [debug] [Thread-4 (]: Using postgres connection "test.insurance_demo.relationships_stg_claims_policy_id__policy_id__ref_stg_policies_.f863c76852"
[0m18:44:14.406042 [debug] [Thread-4 (]: On test.insurance_demo.relationships_stg_claims_policy_id__policy_id__ref_stg_policies_.f863c76852: /* {"app": "dbt", "dbt_version": "1.12.0b3", "profile_name": "insurance_profile", "target_name": "dev", "node_id": "test.insurance_demo.relationships_stg_claims_policy_id__policy_id__ref_stg_policies_.f863c76852"} */

    
    select
      count(*) as failures,
      count(*) != 0 as should_warn,
      count(*) != 0 as should_error
    from (
      
    
  
    
    

with child as (
    select policy_id as from_field
    from "postgres"."public"."stg_claims"
    where policy_id is not null
),

parent as (
    select policy_id as to_field
    from "postgres"."public"."stg_policies"
)

select
    from_field

from child
left join parent
    on child.from_field = parent.to_field

where parent.to_field is null



  
  
      
    ) dbt_internal_test
[0m18:44:14.406511 [debug] [Thread-4 (]: Opening a new connection, currently in state closed
[0m18:44:14.405278 [debug] [Thread-3 (]: Began executing node test.insurance_demo.relationships_stg_policies_customer_id__customer_id__ref_stg_customers_.b5a40ed1d6
[0m18:44:14.409386 [debug] [Thread-3 (]: Writing runtime sql for node "test.insurance_demo.relationships_stg_policies_customer_id__customer_id__ref_stg_customers_.b5a40ed1d6"
[0m18:44:14.411322 [debug] [Thread-3 (]: Using postgres connection "test.insurance_demo.relationships_stg_policies_customer_id__customer_id__ref_stg_customers_.b5a40ed1d6"
[0m18:44:14.412038 [debug] [Thread-3 (]: On test.insurance_demo.relationships_stg_policies_customer_id__customer_id__ref_stg_customers_.b5a40ed1d6: /* {"app": "dbt", "dbt_version": "1.12.0b3", "profile_name": "insurance_profile", "target_name": "dev", "node_id": "test.insurance_demo.relationships_stg_policies_customer_id__customer_id__ref_stg_customers_.b5a40ed1d6"} */

    
    select
      count(*) as failures,
      count(*) != 0 as should_warn,
      count(*) != 0 as should_error
    from (
      
    
  
    
    

with child as (
    select customer_id as from_field
    from "postgres"."public"."stg_policies"
    where customer_id is not null
),

parent as (
    select customer_id as to_field
    from "postgres"."public"."stg_customers"
)

select
    from_field

from child
left join parent
    on child.from_field = parent.to_field

where parent.to_field is null



  
  
      
    ) dbt_internal_test
[0m18:44:14.412753 [debug] [Thread-3 (]: Opening a new connection, currently in state closed
[0m18:44:14.494804 [debug] [Thread-2 (]: SQL status: SELECT 1 in 0.135 seconds
[0m18:44:14.496895 [debug] [Thread-2 (]: On test.insurance_demo.not_null_stg_policies_customer_id.6c3638fada: ROLLBACK
[0m18:44:14.497619 [debug] [Thread-2 (]: On test.insurance_demo.not_null_stg_policies_customer_id.6c3638fada: Close
[0m18:44:14.498528 [info ] [Thread-2 (]: 5 of 10 PASS not_null_stg_policies_customer_id ................................. [[32mPASS[0m in 0.16s]
[0m18:44:14.499583 [debug] [Thread-2 (]: Finished running node test.insurance_demo.not_null_stg_policies_customer_id.6c3638fada
[0m18:44:14.500224 [debug] [Thread-2 (]: Began running node test.insurance_demo.unique_stg_claims_claim_id.0e20e780e5
[0m18:44:14.500960 [info ] [Thread-2 (]: 9 of 10 START test unique_stg_claims_claim_id .................................. [RUN]
[0m18:44:14.501928 [debug] [Thread-2 (]: Re-using an available connection from the pool (formerly test.insurance_demo.not_null_stg_policies_customer_id.6c3638fada, now test.insurance_demo.unique_stg_claims_claim_id.0e20e780e5)
[0m18:44:14.502318 [debug] [Thread-2 (]: Began compiling node test.insurance_demo.unique_stg_claims_claim_id.0e20e780e5
[0m18:44:14.510380 [debug] [Thread-2 (]: Writing injected SQL for node "test.insurance_demo.unique_stg_claims_claim_id.0e20e780e5"
[0m18:44:14.510940 [debug] [Thread-1 (]: SQL status: SELECT 1 in 0.137 seconds
[0m18:44:14.512448 [debug] [Thread-1 (]: On test.insurance_demo.not_null_stg_policies_policy_id.83c6a6a32c: ROLLBACK
[0m18:44:14.513175 [debug] [Thread-1 (]: On test.insurance_demo.not_null_stg_policies_policy_id.83c6a6a32c: Close
[0m18:44:14.513710 [debug] [Thread-4 (]: SQL status: SELECT 1 in 0.107 seconds
[0m18:44:14.515997 [debug] [Thread-4 (]: On test.insurance_demo.relationships_stg_claims_policy_id__policy_id__ref_stg_policies_.f863c76852: ROLLBACK
[0m18:44:14.516497 [debug] [Thread-2 (]: Began executing node test.insurance_demo.unique_stg_claims_claim_id.0e20e780e5
[0m18:44:14.518997 [debug] [Thread-2 (]: Writing runtime sql for node "test.insurance_demo.unique_stg_claims_claim_id.0e20e780e5"
[0m18:44:14.514392 [info ] [Thread-1 (]: 6 of 10 PASS not_null_stg_policies_policy_id ................................... [[32mPASS[0m in 0.16s]
[0m18:44:14.520689 [debug] [Thread-1 (]: Finished running node test.insurance_demo.not_null_stg_policies_policy_id.83c6a6a32c
[0m18:44:14.519614 [debug] [Thread-4 (]: On test.insurance_demo.relationships_stg_claims_policy_id__policy_id__ref_stg_policies_.f863c76852: Close
[0m18:44:14.521524 [debug] [Thread-1 (]: Began running node test.insurance_demo.unique_stg_policies_policy_id.cb33dd12e6
[0m18:44:14.524191 [debug] [Thread-2 (]: Using postgres connection "test.insurance_demo.unique_stg_claims_claim_id.0e20e780e5"
[0m18:44:14.522434 [debug] [Thread-3 (]: SQL status: SELECT 1 in 0.110 seconds
[0m18:44:14.526406 [debug] [Thread-3 (]: On test.insurance_demo.relationships_stg_policies_customer_id__customer_id__ref_stg_customers_.b5a40ed1d6: ROLLBACK
[0m18:44:14.524902 [debug] [Thread-2 (]: On test.insurance_demo.unique_stg_claims_claim_id.0e20e780e5: /* {"app": "dbt", "dbt_version": "1.12.0b3", "profile_name": "insurance_profile", "target_name": "dev", "node_id": "test.insurance_demo.unique_stg_claims_claim_id.0e20e780e5"} */

    
    select
      count(*) as failures,
      count(*) != 0 as should_warn,
      count(*) != 0 as should_error
    from (
      
    
  
    
    

select
    claim_id as unique_field,
    count(*) as n_records

from "postgres"."public"."stg_claims"
where claim_id is not null
group by claim_id
having count(*) > 1



  
  
      
    ) dbt_internal_test
[0m18:44:14.523792 [info ] [Thread-1 (]: 10 of 10 START test unique_stg_policies_policy_id .............................. [RUN]
[0m18:44:14.523338 [info ] [Thread-4 (]: 7 of 10 PASS relationships_stg_claims_policy_id__policy_id__ref_stg_policies_ .. [[32mPASS[0m in 0.15s]
[0m18:44:14.527037 [debug] [Thread-2 (]: Opening a new connection, currently in state closed
[0m18:44:14.527455 [debug] [Thread-3 (]: On test.insurance_demo.relationships_stg_policies_customer_id__customer_id__ref_stg_customers_.b5a40ed1d6: Close
[0m18:44:14.528041 [debug] [Thread-1 (]: Re-using an available connection from the pool (formerly test.insurance_demo.not_null_stg_policies_policy_id.83c6a6a32c, now test.insurance_demo.unique_stg_policies_policy_id.cb33dd12e6)
[0m18:44:14.529799 [debug] [Thread-1 (]: Began compiling node test.insurance_demo.unique_stg_policies_policy_id.cb33dd12e6
[0m18:44:14.529058 [debug] [Thread-4 (]: Finished running node test.insurance_demo.relationships_stg_claims_policy_id__policy_id__ref_stg_policies_.f863c76852
[0m18:44:14.535394 [debug] [Thread-1 (]: Writing injected SQL for node "test.insurance_demo.unique_stg_policies_policy_id.cb33dd12e6"
[0m18:44:14.530383 [info ] [Thread-3 (]: 8 of 10 PASS relationships_stg_policies_customer_id__customer_id__ref_stg_customers_  [[32mPASS[0m in 0.14s]
[0m18:44:14.536895 [debug] [Thread-3 (]: Finished running node test.insurance_demo.relationships_stg_policies_customer_id__customer_id__ref_stg_customers_.b5a40ed1d6
[0m18:44:14.538529 [debug] [Thread-1 (]: Began executing node test.insurance_demo.unique_stg_policies_policy_id.cb33dd12e6
[0m18:44:14.540812 [debug] [Thread-1 (]: Writing runtime sql for node "test.insurance_demo.unique_stg_policies_policy_id.cb33dd12e6"
[0m18:44:14.543335 [debug] [Thread-1 (]: Using postgres connection "test.insurance_demo.unique_stg_policies_policy_id.cb33dd12e6"
[0m18:44:14.543905 [debug] [Thread-1 (]: On test.insurance_demo.unique_stg_policies_policy_id.cb33dd12e6: /* {"app": "dbt", "dbt_version": "1.12.0b3", "profile_name": "insurance_profile", "target_name": "dev", "node_id": "test.insurance_demo.unique_stg_policies_policy_id.cb33dd12e6"} */

    
    select
      count(*) as failures,
      count(*) != 0 as should_warn,
      count(*) != 0 as should_error
    from (
      
    
  
    
    

select
    policy_id as unique_field,
    count(*) as n_records

from "postgres"."public"."stg_policies"
where policy_id is not null
group by policy_id
having count(*) > 1



  
  
      
    ) dbt_internal_test
[0m18:44:14.544329 [debug] [Thread-1 (]: Opening a new connection, currently in state closed
[0m18:44:14.640924 [debug] [Thread-2 (]: SQL status: SELECT 1 in 0.114 seconds
[0m18:44:14.642280 [debug] [Thread-2 (]: On test.insurance_demo.unique_stg_claims_claim_id.0e20e780e5: ROLLBACK
[0m18:44:14.642812 [debug] [Thread-2 (]: On test.insurance_demo.unique_stg_claims_claim_id.0e20e780e5: Close
[0m18:44:14.643445 [info ] [Thread-2 (]: 9 of 10 PASS unique_stg_claims_claim_id ........................................ [[32mPASS[0m in 0.14s]
[0m18:44:14.644248 [debug] [Thread-2 (]: Finished running node test.insurance_demo.unique_stg_claims_claim_id.0e20e780e5
[0m18:44:14.653221 [debug] [Thread-1 (]: SQL status: SELECT 1 in 0.109 seconds
[0m18:44:14.654503 [debug] [Thread-1 (]: On test.insurance_demo.unique_stg_policies_policy_id.cb33dd12e6: ROLLBACK
[0m18:44:14.655048 [debug] [Thread-1 (]: On test.insurance_demo.unique_stg_policies_policy_id.cb33dd12e6: Close
[0m18:44:14.655650 [info ] [Thread-1 (]: 10 of 10 PASS unique_stg_policies_policy_id .................................... [[32mPASS[0m in 0.13s]
[0m18:44:14.656316 [debug] [Thread-1 (]: Finished running node test.insurance_demo.unique_stg_policies_policy_id.cb33dd12e6
[0m18:44:14.658303 [debug] [MainThread]: On master: COMMIT
[0m18:44:14.658846 [debug] [MainThread]: Using postgres connection "master"
[0m18:44:14.659247 [debug] [MainThread]: On master: COMMIT
[0m18:44:14.659675 [debug] [MainThread]: Opening a new connection, currently in state closed
[0m18:44:14.780936 [debug] [MainThread]: SQL status: COMMIT in 0.121 seconds
[0m18:44:14.781374 [debug] [MainThread]: On master: Close
[0m18:44:14.781855 [debug] [MainThread]: Connection 'master' was properly closed.
[0m18:44:14.782143 [debug] [MainThread]: Connection 'list_postgres_public' was properly closed.
[0m18:44:14.782381 [debug] [MainThread]: Connection 'test.insurance_demo.relationships_stg_claims_policy_id__policy_id__ref_stg_policies_.f863c76852' was properly closed.
[0m18:44:14.782623 [debug] [MainThread]: Connection 'test.insurance_demo.unique_stg_claims_claim_id.0e20e780e5' was properly closed.
[0m18:44:14.782842 [debug] [MainThread]: Connection 'test.insurance_demo.unique_stg_policies_policy_id.cb33dd12e6' was properly closed.
[0m18:44:14.783090 [debug] [MainThread]: Connection 'test.insurance_demo.relationships_stg_policies_customer_id__customer_id__ref_stg_customers_.b5a40ed1d6' was properly closed.
[0m18:44:14.783429 [info ] [MainThread]: 
[0m18:44:14.784008 [info ] [MainThread]: Finished running 10 data tests in 0 hours 0 minutes and 1.05 seconds (1.05s).
[0m18:44:14.786638 [debug] [MainThread]: Command end result
[0m18:44:14.814648 [debug] [MainThread]: Wrote artifact WritableManifest to C:\Users\User\Downloads\dbt_insurance_demo\target\manifest.json
[0m18:44:14.819364 [debug] [MainThread]: Wrote artifact SemanticManifest to C:\Users\User\Downloads\dbt_insurance_demo\target\semantic_manifest.json
[0m18:44:14.824193 [debug] [MainThread]: Wrote artifact OsiDocument to C:\Users\User\Downloads\dbt_insurance_demo\target\osi_document.json
[0m18:44:14.835917 [debug] [MainThread]: Wrote artifact RunExecutionResult to C:\Users\User\Downloads\dbt_insurance_demo\target\run_results.json
[0m18:44:14.836356 [info ] [MainThread]: 
[0m18:44:14.836988 [info ] [MainThread]: [32mCompleted successfully[0m
[0m18:44:14.837570 [info ] [MainThread]: 
[0m18:44:14.838239 [info ] [MainThread]: Done. PASS=10 WARN=0 ERROR=0 SKIP=0 NO-OP=0 REUSED=0 TOTAL=10
[0m18:44:14.839442 [debug] [MainThread]: Command `dbt test` succeeded at 18:44:14.839294 after 2.49 seconds
[0m18:44:14.840003 [debug] [MainThread]: Sending event: {'category': 'dbt', 'action': 'invocation', 'label': 'end', 'context': [<snowplow_tracker.self_describing_json.SelfDescribingJson object at 0x0000022E40FEAD50>, <snowplow_tracker.self_describing_json.SelfDescribingJson object at 0x0000022E41575650>, <snowplow_tracker.self_describing_json.SelfDescribingJson object at 0x0000022E41575700>]}
[0m18:44:14.840438 [debug] [MainThread]: Flushing usage events
[0m18:44:16.750855 [debug] [MainThread]: An error was encountered while trying to flush usage events
[0m13:20:38.876252 [debug] [MainThread]: Sending event: {'category': 'dbt', 'action': 'invocation', 'label': 'start', 'context': [<snowplow_tracker.self_describing_json.SelfDescribingJson object at 0x0000020F3470BCB0>, <snowplow_tracker.self_describing_json.SelfDescribingJson object at 0x0000020F320BD310>, <snowplow_tracker.self_describing_json.SelfDescribingJson object at 0x0000020F37043C50>]}


============================== 13:20:38.888125 | 78f6d62f-d55b-49c6-a296-8311d0e62e53 ==============================
[0m13:20:38.888125 [info ] [MainThread]: Running with dbt=1.12.0-b3
[0m13:20:38.888833 [debug] [MainThread]: running dbt with arguments {'version_check': 'True', 'no_print': 'None', 'static_parser': 'True', 'target_path': 'None', 'warn_error_options': 'WarnErrorOptionsV2(error=[], warn=[], silence=[])', 'maximum_seed_size_mib': '1', 'printer_width': '80', 'write_json': 'True', 'introspect': 'True', 'log_cache_events': 'False', 'empty': 'False', 'cache_selected_only': 'False', 'fail_fast': 'False', 'debug': 'False', 'log_format': 'default', 'profiles_dir': 'C:\\Users\\User\\.dbt', 'send_anonymous_usage_stats': 'True', 'quiet': 'False', 'warn_error': 'None', 'partial_parse': 'True', 'use_colors': 'True', 'invocation_command': 'dbt build', 'indirect_selection': 'eager', 'use_experimental_parser': 'False', 'log_path': 'C:\\Users\\User\\Downloads\\dbt_insurance_demo\\logs'}
[0m13:20:39.089992 [debug] [MainThread]: Sending event: {'category': 'dbt', 'action': 'project_id', 'label': '78f6d62f-d55b-49c6-a296-8311d0e62e53', 'context': [<snowplow_tracker.self_describing_json.SelfDescribingJson object at 0x0000020F36FE5CD0>]}
[0m13:20:39.141030 [debug] [MainThread]: Sending event: {'category': 'dbt', 'action': 'adapter_info', 'label': '78f6d62f-d55b-49c6-a296-8311d0e62e53', 'context': [<snowplow_tracker.self_describing_json.SelfDescribingJson object at 0x0000020F36DFBCE0>]}
[0m13:20:39.142209 [info ] [MainThread]: Registered adapter: postgres=1.10.2
[0m13:20:39.360673 [debug] [MainThread]: checksum: f835d38e27f2c851a434d54286ec57eea49b211f2d0074fee97ef59e7c153b04, vars: {}, profile: insurance_profile, target: dev, version: 1.12.0b3
[0m13:20:39.555462 [debug] [MainThread]: Partial parsing enabled: 0 files deleted, 0 files added, 0 files changed.
[0m13:20:39.555765 [debug] [MainThread]: Nothing changed, skipping partial parsing.
[0m13:20:39.555962 [debug] [MainThread]: Partial parsing enabled, no changes found, skipping parsing
[0m13:20:39.589325 [debug] [MainThread]: Sending event: {'category': 'dbt', 'action': 'load_project', 'label': '78f6d62f-d55b-49c6-a296-8311d0e62e53', 'context': [<snowplow_tracker.self_describing_json.SelfDescribingJson object at 0x0000020F37B64250>]}
[0m13:20:39.660430 [debug] [MainThread]: Wrote artifact WritableManifest to C:\Users\User\Downloads\dbt_insurance_demo\target\manifest.json
[0m13:20:39.665755 [debug] [MainThread]: Wrote artifact SemanticManifest to C:\Users\User\Downloads\dbt_insurance_demo\target\semantic_manifest.json
[0m13:20:39.702593 [debug] [MainThread]: Wrote artifact OsiDocument to C:\Users\User\Downloads\dbt_insurance_demo\target\osi_document.json
[0m13:20:39.736976 [debug] [MainThread]: Sending event: {'category': 'dbt', 'action': 'resource_counts', 'label': '78f6d62f-d55b-49c6-a296-8311d0e62e53', 'context': [<snowplow_tracker.self_describing_json.SelfDescribingJson object at 0x0000020F37CA36B0>]}
[0m13:20:39.737393 [info ] [MainThread]: Found 9 models, 10 data tests, 6 sources, 475 macros
[0m13:20:39.739892 [info ] [MainThread]: 
[0m13:20:39.740235 [info ] [MainThread]: Concurrency: 4 threads (target='dev')
[0m13:20:39.740477 [info ] [MainThread]: 
[0m13:20:39.740823 [debug] [MainThread]: Acquiring new postgres connection 'master'
[0m13:20:39.744024 [debug] [ThreadPool]: Acquiring new postgres connection 'list_postgres'
[0m13:20:39.918378 [debug] [ThreadPool]: Using postgres connection "list_postgres"
[0m13:20:39.918707 [debug] [ThreadPool]: On list_postgres: /* {"app": "dbt", "dbt_version": "1.12.0b3", "profile_name": "insurance_profile", "target_name": "dev", "connection_name": "list_postgres"} */

    select distinct nspname from pg_namespace
  
[0m13:20:39.918945 [debug] [ThreadPool]: Opening a new connection, currently in state init
[0m13:20:40.110568 [debug] [ThreadPool]: SQL status: SELECT 4 in 0.192 seconds
[0m13:20:40.111491 [debug] [ThreadPool]: On list_postgres: Close
[0m13:20:40.113201 [debug] [ThreadPool]: Acquiring new postgres connection 'list_postgres_public'
[0m13:20:40.117648 [debug] [ThreadPool]: Using postgres connection "list_postgres_public"
[0m13:20:40.118011 [debug] [ThreadPool]: On list_postgres_public: /* {"app": "dbt", "dbt_version": "1.12.0b3", "profile_name": "insurance_profile", "target_name": "dev", "connection_name": "list_postgres_public"} */
select
      'postgres' as database,
      tablename as name,
      schemaname as schema,
      'table' as type
    from pg_tables
    where schemaname ilike 'public'
    union all
    select
      'postgres' as database,
      viewname as name,
      schemaname as schema,
      'view' as type
    from pg_views
    where schemaname ilike 'public'
    union all
    select
      'postgres' as database,
      matviewname as name,
      schemaname as schema,
      'materialized_view' as type
    from pg_matviews
    where schemaname ilike 'public'
  
[0m13:20:40.118322 [debug] [ThreadPool]: Opening a new connection, currently in state init
[0m13:20:40.342565 [debug] [ThreadPool]: SQL status: SELECT 15 in 0.224 seconds
[0m13:20:40.343583 [debug] [ThreadPool]: On list_postgres_public: ROLLBACK
[0m13:20:40.344173 [debug] [ThreadPool]: On list_postgres_public: Close
[0m13:20:40.348574 [debug] [MainThread]: Using postgres connection "master"
[0m13:20:40.349832 [debug] [MainThread]: On master: /* {"app": "dbt", "dbt_version": "1.12.0b3", "profile_name": "insurance_profile", "target_name": "dev", "connection_name": "master"} */
select distinct
        dependent_namespace.nspname as dependent_schema,
        dependent_class.relname as dependent_name,
        referenced_namespace.nspname as referenced_schema,
        referenced_class.relname as referenced_name

    -- Query for views: views are entries in pg_class with an entry in pg_rewrite, but we avoid
    -- a seq scan on pg_rewrite by leveraging the fact there is an "internal" row in pg_depend for
    -- the view...
    from pg_class as dependent_class
    join pg_namespace as dependent_namespace on dependent_namespace.oid = dependent_class.relnamespace
    join pg_depend as dependent_depend on dependent_depend.refobjid = dependent_class.oid
        and dependent_depend.classid = 'pg_rewrite'::regclass
        and dependent_depend.refclassid = 'pg_class'::regclass
        and dependent_depend.deptype = 'i'

    -- ... and via pg_depend (that has a row per column, hence the need for "distinct" above, and
    -- making sure to exclude the internal row to avoid a view appearing to depend on itself)...
    join pg_depend as joining_depend on joining_depend.objid = dependent_depend.objid
        and joining_depend.classid = 'pg_rewrite'::regclass
        and joining_depend.refclassid = 'pg_class'::regclass
        and joining_depend.refobjid != dependent_depend.refobjid

    -- ... we can find the tables they query from in pg_class, but excluding system tables. Note we
    -- don't need need to exclude _dependent_ system tables, because they only query from other
    -- system tables, and so are automatically excluded by excluding _referenced_ system tables
    join pg_class as referenced_class on referenced_class.oid = joining_depend.refobjid
    join pg_namespace as referenced_namespace on referenced_namespace.oid = referenced_class.relnamespace
        and referenced_namespace.nspname != 'information_schema'
        and referenced_namespace.nspname not like 'pg\_%'

    order by
        dependent_schema, dependent_name, referenced_schema, referenced_name;
[0m13:20:40.350187 [debug] [MainThread]: Opening a new connection, currently in state init
[0m13:20:40.450505 [debug] [MainThread]: SQL status: SELECT 9 in 0.100 seconds
[0m13:20:40.452450 [debug] [MainThread]: Sending event: {'category': 'dbt', 'action': 'runnable_timing', 'label': '78f6d62f-d55b-49c6-a296-8311d0e62e53', 'context': [<snowplow_tracker.self_describing_json.SelfDescribingJson object at 0x0000020F37D16DD0>]}
[0m13:20:40.452785 [debug] [MainThread]: On master: ROLLBACK
[0m13:20:40.453229 [debug] [MainThread]: On master: COMMIT
[0m13:20:40.453493 [debug] [MainThread]: Using postgres connection "master"
[0m13:20:40.453704 [debug] [MainThread]: On master: COMMIT
[0m13:20:40.454284 [debug] [MainThread]: SQL status: COMMIT in 0.000 seconds
[0m13:20:40.454574 [debug] [MainThread]: On master: Close
[0m13:20:40.459906 [debug] [Thread-2 (]: Began running node model.insurance_demo.stg_claim_payments
[0m13:20:40.460366 [info ] [Thread-2 (]: 2 of 19 START sql view model public.stg_claim_payments ......................... [RUN]
[0m13:20:40.461386 [debug] [Thread-2 (]: Acquiring new postgres connection 'model.insurance_demo.stg_claim_payments'
[0m13:20:40.461938 [debug] [Thread-2 (]: Began compiling node model.insurance_demo.stg_claim_payments
[0m13:20:40.460728 [debug] [Thread-4 (]: Began running node model.insurance_demo.stg_customers
[0m13:20:40.461709 [debug] [Thread-3 (]: Began running node model.insurance_demo.stg_claims
[0m13:20:40.460984 [debug] [Thread-1 (]: Began running node model.insurance_demo.stg_agents
[0m13:20:40.468135 [info ] [Thread-1 (]: 1 of 19 START sql view model public.stg_agents ................................. [RUN]
[0m13:20:40.468530 [debug] [Thread-1 (]: Acquiring new postgres connection 'model.insurance_demo.stg_agents'
[0m13:20:40.468787 [debug] [Thread-1 (]: Began compiling node model.insurance_demo.stg_agents
[0m13:20:40.466890 [debug] [Thread-2 (]: Writing injected SQL for node "model.insurance_demo.stg_claim_payments"
[0m13:20:40.470460 [debug] [Thread-1 (]: Writing injected SQL for node "model.insurance_demo.stg_agents"
[0m13:20:40.467349 [info ] [Thread-4 (]: 4 of 19 START sql view model public.stg_customers .............................. [RUN]
[0m13:20:40.467788 [info ] [Thread-3 (]: 3 of 19 START sql view model public.stg_claims ................................. [RUN]
[0m13:20:40.471413 [debug] [Thread-3 (]: Acquiring new postgres connection 'model.insurance_demo.stg_claims'
[0m13:20:40.471657 [debug] [Thread-3 (]: Began compiling node model.insurance_demo.stg_claims
[0m13:20:40.473776 [debug] [Thread-3 (]: Writing injected SQL for node "model.insurance_demo.stg_claims"
[0m13:20:40.471081 [debug] [Thread-4 (]: Acquiring new postgres connection 'model.insurance_demo.stg_customers'
[0m13:20:40.474592 [debug] [Thread-4 (]: Began compiling node model.insurance_demo.stg_customers
[0m13:20:40.476399 [debug] [Thread-4 (]: Writing injected SQL for node "model.insurance_demo.stg_customers"
[0m13:20:40.477214 [debug] [Thread-1 (]: Began executing node model.insurance_demo.stg_agents
[0m13:20:40.484085 [debug] [Thread-3 (]: Began executing node model.insurance_demo.stg_claims
[0m13:20:40.503571 [debug] [Thread-3 (]: Writing runtime sql for node "model.insurance_demo.stg_claims"
[0m13:20:40.501302 [debug] [Thread-2 (]: Began executing node model.insurance_demo.stg_claim_payments
[0m13:20:40.500978 [debug] [Thread-1 (]: Writing runtime sql for node "model.insurance_demo.stg_agents"
[0m13:20:40.506538 [debug] [Thread-4 (]: Began executing node model.insurance_demo.stg_customers
[0m13:20:40.508822 [debug] [Thread-4 (]: Writing runtime sql for node "model.insurance_demo.stg_customers"
[0m13:20:40.505970 [debug] [Thread-2 (]: Writing runtime sql for node "model.insurance_demo.stg_claim_payments"
[0m13:20:40.510025 [debug] [Thread-3 (]: Using postgres connection "model.insurance_demo.stg_claims"
[0m13:20:40.510331 [debug] [Thread-3 (]: On model.insurance_demo.stg_claims: /* {"app": "dbt", "dbt_version": "1.12.0b3", "profile_name": "insurance_profile", "target_name": "dev", "node_id": "model.insurance_demo.stg_claims"} */

  create view "postgres"."public"."stg_claims__dbt_tmp"
    
    
  as (
    select
    claim_id,
    policy_id,
    claim_date,
    claim_amount
from "postgres"."public"."claims"
  );
[0m13:20:40.510579 [debug] [Thread-3 (]: Opening a new connection, currently in state init
[0m13:20:40.511471 [debug] [Thread-1 (]: Using postgres connection "model.insurance_demo.stg_agents"
[0m13:20:40.511756 [debug] [Thread-1 (]: On model.insurance_demo.stg_agents: /* {"app": "dbt", "dbt_version": "1.12.0b3", "profile_name": "insurance_profile", "target_name": "dev", "node_id": "model.insurance_demo.stg_agents"} */

  create view "postgres"."public"."stg_agents__dbt_tmp"
    
    
  as (
    select
    agent_id,
    agent_name
from "postgres"."public"."agents"
  );
[0m13:20:40.511993 [debug] [Thread-1 (]: Opening a new connection, currently in state init
[0m13:20:40.511104 [debug] [Thread-2 (]: Using postgres connection "model.insurance_demo.stg_claim_payments"
[0m13:20:40.510847 [debug] [Thread-4 (]: Using postgres connection "model.insurance_demo.stg_customers"
[0m13:20:40.512701 [debug] [Thread-4 (]: On model.insurance_demo.stg_customers: /* {"app": "dbt", "dbt_version": "1.12.0b3", "profile_name": "insurance_profile", "target_name": "dev", "node_id": "model.insurance_demo.stg_customers"} */

  create view "postgres"."public"."stg_customers__dbt_tmp"
    
    
  as (
    select
    customer_id,
    customer_name,
    city
from "postgres"."public"."customers"
  );
[0m13:20:40.512926 [debug] [Thread-4 (]: Opening a new connection, currently in state init
[0m13:20:40.512414 [debug] [Thread-2 (]: On model.insurance_demo.stg_claim_payments: /* {"app": "dbt", "dbt_version": "1.12.0b3", "profile_name": "insurance_profile", "target_name": "dev", "node_id": "model.insurance_demo.stg_claim_payments"} */

  create view "postgres"."public"."stg_claim_payments__dbt_tmp"
    
    
  as (
    select
    payment_id,
    claim_id,
    payment_date,
    payment_amount
from "postgres"."public"."claim_payments"
  );
[0m13:20:40.513287 [debug] [Thread-2 (]: Opening a new connection, currently in state init
[0m13:20:40.611347 [debug] [Thread-4 (]: SQL status: CREATE VIEW in 0.098 seconds
[0m13:20:40.614960 [debug] [Thread-3 (]: SQL status: CREATE VIEW in 0.104 seconds
[0m13:20:40.615237 [debug] [Thread-2 (]: SQL status: CREATE VIEW in 0.102 seconds
[0m13:20:40.611734 [debug] [Thread-1 (]: SQL status: CREATE VIEW in 0.100 seconds
[0m13:20:40.616668 [debug] [Thread-4 (]: Using postgres connection "model.insurance_demo.stg_customers"
[0m13:20:40.618885 [debug] [Thread-3 (]: Using postgres connection "model.insurance_demo.stg_claims"
[0m13:20:40.620789 [debug] [Thread-2 (]: Using postgres connection "model.insurance_demo.stg_claim_payments"
[0m13:20:40.623796 [debug] [Thread-2 (]: On model.insurance_demo.stg_claim_payments: /* {"app": "dbt", "dbt_version": "1.12.0b3", "profile_name": "insurance_profile", "target_name": "dev", "node_id": "model.insurance_demo.stg_claim_payments"} */
alter table "postgres"."public"."stg_claim_payments" rename to "stg_claim_payments__dbt_backup"
[0m13:20:40.623144 [debug] [Thread-4 (]: On model.insurance_demo.stg_customers: /* {"app": "dbt", "dbt_version": "1.12.0b3", "profile_name": "insurance_profile", "target_name": "dev", "node_id": "model.insurance_demo.stg_customers"} */
alter table "postgres"."public"."stg_customers" rename to "stg_customers__dbt_backup"
[0m13:20:40.623474 [debug] [Thread-3 (]: On model.insurance_demo.stg_claims: /* {"app": "dbt", "dbt_version": "1.12.0b3", "profile_name": "insurance_profile", "target_name": "dev", "node_id": "model.insurance_demo.stg_claims"} */
alter table "postgres"."public"."stg_claims" rename to "stg_claims__dbt_backup"
[0m13:20:40.622798 [debug] [Thread-1 (]: Using postgres connection "model.insurance_demo.stg_agents"
[0m13:20:40.624236 [debug] [Thread-1 (]: On model.insurance_demo.stg_agents: /* {"app": "dbt", "dbt_version": "1.12.0b3", "profile_name": "insurance_profile", "target_name": "dev", "node_id": "model.insurance_demo.stg_agents"} */
alter table "postgres"."public"."stg_agents" rename to "stg_agents__dbt_backup"
[0m13:20:40.626798 [debug] [Thread-2 (]: SQL status: ALTER TABLE in 0.003 seconds
[0m13:20:40.628986 [debug] [Thread-2 (]: Using postgres connection "model.insurance_demo.stg_claim_payments"
[0m13:20:40.627293 [debug] [Thread-3 (]: SQL status: ALTER TABLE in 0.003 seconds
[0m13:20:40.631194 [debug] [Thread-3 (]: Using postgres connection "model.insurance_demo.stg_claims"
[0m13:20:40.629526 [debug] [Thread-2 (]: On model.insurance_demo.stg_claim_payments: /* {"app": "dbt", "dbt_version": "1.12.0b3", "profile_name": "insurance_profile", "target_name": "dev", "node_id": "model.insurance_demo.stg_claim_payments"} */
alter table "postgres"."public"."stg_claim_payments__dbt_tmp" rename to "stg_claim_payments"
[0m13:20:40.627063 [debug] [Thread-4 (]: SQL status: ALTER TABLE in 0.003 seconds
[0m13:20:40.629281 [debug] [Thread-1 (]: SQL status: ALTER TABLE in 0.005 seconds
[0m13:20:40.631492 [debug] [Thread-3 (]: On model.insurance_demo.stg_claims: /* {"app": "dbt", "dbt_version": "1.12.0b3", "profile_name": "insurance_profile", "target_name": "dev", "node_id": "model.insurance_demo.stg_claims"} */
alter table "postgres"."public"."stg_claims__dbt_tmp" rename to "stg_claims"
[0m13:20:40.633648 [debug] [Thread-4 (]: Using postgres connection "model.insurance_demo.stg_customers"
[0m13:20:40.637123 [debug] [Thread-4 (]: On model.insurance_demo.stg_customers: /* {"app": "dbt", "dbt_version": "1.12.0b3", "profile_name": "insurance_profile", "target_name": "dev", "node_id": "model.insurance_demo.stg_customers"} */
alter table "postgres"."public"."stg_customers__dbt_tmp" rename to "stg_customers"
[0m13:20:40.636704 [debug] [Thread-2 (]: SQL status: ALTER TABLE in 0.005 seconds
[0m13:20:40.649130 [debug] [Thread-4 (]: SQL status: ALTER TABLE in 0.012 seconds
[0m13:20:40.636422 [debug] [Thread-1 (]: Using postgres connection "model.insurance_demo.stg_agents"
[0m13:20:40.655668 [debug] [Thread-1 (]: On model.insurance_demo.stg_agents: /* {"app": "dbt", "dbt_version": "1.12.0b3", "profile_name": "insurance_profile", "target_name": "dev", "node_id": "model.insurance_demo.stg_agents"} */
alter table "postgres"."public"."stg_agents__dbt_tmp" rename to "stg_agents"
[0m13:20:40.654790 [debug] [Thread-3 (]: SQL status: ALTER TABLE in 0.018 seconds
[0m13:20:40.656760 [debug] [Thread-3 (]: On model.insurance_demo.stg_claims: COMMIT
[0m13:20:40.654467 [debug] [Thread-4 (]: On model.insurance_demo.stg_customers: COMMIT
[0m13:20:40.657541 [debug] [Thread-4 (]: Using postgres connection "model.insurance_demo.stg_customers"
[0m13:20:40.655198 [debug] [Thread-2 (]: On model.insurance_demo.stg_claim_payments: COMMIT
[0m13:20:40.658072 [debug] [Thread-2 (]: Using postgres connection "model.insurance_demo.stg_claim_payments"
[0m13:20:40.658298 [debug] [Thread-2 (]: On model.insurance_demo.stg_claim_payments: COMMIT
[0m13:20:40.657050 [debug] [Thread-3 (]: Using postgres connection "model.insurance_demo.stg_claims"
[0m13:20:40.657286 [debug] [Thread-1 (]: SQL status: ALTER TABLE in 0.001 seconds
[0m13:20:40.659518 [debug] [Thread-1 (]: On model.insurance_demo.stg_agents: COMMIT
[0m13:20:40.658565 [debug] [Thread-3 (]: On model.insurance_demo.stg_claims: COMMIT
[0m13:20:40.657769 [debug] [Thread-4 (]: On model.insurance_demo.stg_customers: COMMIT
[0m13:20:40.659806 [debug] [Thread-1 (]: Using postgres connection "model.insurance_demo.stg_agents"
[0m13:20:40.660211 [debug] [Thread-1 (]: On model.insurance_demo.stg_agents: COMMIT
[0m13:20:40.660784 [debug] [Thread-4 (]: SQL status: COMMIT in 0.001 seconds
[0m13:20:40.665201 [debug] [Thread-1 (]: SQL status: COMMIT in 0.005 seconds
[0m13:20:40.666970 [debug] [Thread-1 (]: Applying DROP to: "postgres"."public"."stg_agents__dbt_backup"
[0m13:20:40.670571 [debug] [Thread-1 (]: Using postgres connection "model.insurance_demo.stg_agents"
[0m13:20:40.670882 [debug] [Thread-1 (]: On model.insurance_demo.stg_agents: /* {"app": "dbt", "dbt_version": "1.12.0b3", "profile_name": "insurance_profile", "target_name": "dev", "node_id": "model.insurance_demo.stg_agents"} */
drop view if exists "postgres"."public"."stg_agents__dbt_backup" cascade
[0m13:20:40.667376 [debug] [Thread-3 (]: SQL status: COMMIT in 0.007 seconds
[0m13:20:40.672753 [debug] [Thread-3 (]: Applying DROP to: "postgres"."public"."stg_claims__dbt_backup"
[0m13:20:40.661050 [debug] [Thread-2 (]: SQL status: COMMIT in 0.003 seconds
[0m13:20:40.674695 [debug] [Thread-2 (]: Applying DROP to: "postgres"."public"."stg_claim_payments__dbt_backup"
[0m13:20:40.671232 [debug] [Thread-4 (]: Applying DROP to: "postgres"."public"."stg_customers__dbt_backup"
[0m13:20:40.673304 [debug] [Thread-3 (]: Using postgres connection "model.insurance_demo.stg_claims"
[0m13:20:40.675922 [debug] [Thread-3 (]: On model.insurance_demo.stg_claims: /* {"app": "dbt", "dbt_version": "1.12.0b3", "profile_name": "insurance_profile", "target_name": "dev", "node_id": "model.insurance_demo.stg_claims"} */
drop view if exists "postgres"."public"."stg_claims__dbt_backup" cascade
[0m13:20:40.675653 [debug] [Thread-4 (]: Using postgres connection "model.insurance_demo.stg_customers"
[0m13:20:40.676254 [debug] [Thread-4 (]: On model.insurance_demo.stg_customers: /* {"app": "dbt", "dbt_version": "1.12.0b3", "profile_name": "insurance_profile", "target_name": "dev", "node_id": "model.insurance_demo.stg_customers"} */
drop view if exists "postgres"."public"."stg_customers__dbt_backup" cascade
[0m13:20:40.675178 [debug] [Thread-2 (]: Using postgres connection "model.insurance_demo.stg_claim_payments"
[0m13:20:40.676606 [debug] [Thread-2 (]: On model.insurance_demo.stg_claim_payments: /* {"app": "dbt", "dbt_version": "1.12.0b3", "profile_name": "insurance_profile", "target_name": "dev", "node_id": "model.insurance_demo.stg_claim_payments"} */
drop view if exists "postgres"."public"."stg_claim_payments__dbt_backup" cascade
[0m13:20:40.678586 [debug] [Thread-1 (]: SQL status: DROP VIEW in 0.007 seconds
[0m13:20:40.680537 [debug] [Thread-1 (]: On model.insurance_demo.stg_agents: Close
[0m13:20:40.678891 [debug] [Thread-4 (]: SQL status: DROP VIEW in 0.002 seconds
[0m13:20:40.680850 [debug] [Thread-3 (]: SQL status: DROP VIEW in 0.005 seconds
[0m13:20:40.681095 [debug] [Thread-2 (]: SQL status: DROP VIEW in 0.004 seconds
[0m13:20:40.683216 [debug] [Thread-4 (]: On model.insurance_demo.stg_customers: Close
[0m13:20:40.686306 [debug] [Thread-3 (]: On model.insurance_demo.stg_claims: Close
[0m13:20:40.687433 [debug] [Thread-2 (]: On model.insurance_demo.stg_claim_payments: Close
[0m13:20:40.688731 [debug] [Thread-3 (]: Sending event: {'category': 'dbt', 'action': 'run_model', 'label': '78f6d62f-d55b-49c6-a296-8311d0e62e53', 'context': [<snowplow_tracker.self_describing_json.SelfDescribingJson object at 0x0000020F37D3E090>]}
[0m13:20:40.687806 [debug] [Thread-1 (]: Sending event: {'category': 'dbt', 'action': 'run_model', 'label': '78f6d62f-d55b-49c6-a296-8311d0e62e53', 'context': [<snowplow_tracker.self_describing_json.SelfDescribingJson object at 0x0000020F3826EF70>]}
[0m13:20:40.689130 [debug] [Thread-2 (]: Sending event: {'category': 'dbt', 'action': 'run_model', 'label': '78f6d62f-d55b-49c6-a296-8311d0e62e53', 'context': [<snowplow_tracker.self_describing_json.SelfDescribingJson object at 0x0000020F3822E990>]}
[0m13:20:40.688277 [debug] [Thread-4 (]: Sending event: {'category': 'dbt', 'action': 'run_model', 'label': '78f6d62f-d55b-49c6-a296-8311d0e62e53', 'context': [<snowplow_tracker.self_describing_json.SelfDescribingJson object at 0x0000020F37D3DFD0>]}
[0m13:20:40.689590 [info ] [Thread-3 (]: 3 of 19 OK created sql view model public.stg_claims ............................ [[32mCREATE VIEW[0m in 0.22s]
[0m13:20:40.691298 [info ] [Thread-1 (]: 1 of 19 OK created sql view model public.stg_agents ............................ [[32mCREATE VIEW[0m in 0.21s]
[0m13:20:40.693696 [info ] [Thread-2 (]: 2 of 19 OK created sql view model public.stg_claim_payments .................... [[32mCREATE VIEW[0m in 0.23s]
[0m13:20:40.695127 [info ] [Thread-4 (]: 4 of 19 OK created sql view model public.stg_customers ......................... [[32mCREATE VIEW[0m in 0.22s]
[0m13:20:40.697025 [debug] [Thread-3 (]: Finished running node model.insurance_demo.stg_claims
[0m13:20:40.699669 [debug] [Thread-3 (]: Began running node model.insurance_demo.stg_policies
[0m13:20:40.698917 [debug] [Thread-2 (]: Finished running node model.insurance_demo.stg_claim_payments
[0m13:20:40.699256 [debug] [Thread-4 (]: Finished running node model.insurance_demo.stg_customers
[0m13:20:40.698235 [debug] [Thread-1 (]: Finished running node model.insurance_demo.stg_agents
[0m13:20:40.701889 [debug] [Thread-1 (]: Began running node test.insurance_demo.not_null_stg_claims_policy_id.7e20e3e912
[0m13:20:40.702205 [info ] [Thread-1 (]: 8 of 19 START test not_null_stg_claims_policy_id ............................... [RUN]
[0m13:20:40.702609 [debug] [Thread-1 (]: Re-using an available connection from the pool (formerly model.insurance_demo.stg_agents, now test.insurance_demo.not_null_stg_claims_policy_id.7e20e3e912)
[0m13:20:40.700779 [info ] [Thread-3 (]: 5 of 19 START sql view model public.stg_policies ............................... [RUN]
[0m13:20:40.701250 [debug] [Thread-2 (]: Began running node model.insurance_demo.stg_policy_types
[0m13:20:40.701556 [debug] [Thread-4 (]: Began running node test.insurance_demo.not_null_stg_claims_claim_id.f8032ece86
[0m13:20:40.702873 [debug] [Thread-1 (]: Began compiling node test.insurance_demo.not_null_stg_claims_policy_id.7e20e3e912
[0m13:20:40.711366 [debug] [Thread-1 (]: Writing injected SQL for node "test.insurance_demo.not_null_stg_claims_policy_id.7e20e3e912"
[0m13:20:40.703479 [info ] [Thread-2 (]: 6 of 19 START sql view model public.stg_policy_types ........................... [RUN]
[0m13:20:40.703793 [info ] [Thread-4 (]: 7 of 19 START test not_null_stg_claims_claim_id ................................ [RUN]
[0m13:20:40.712131 [debug] [Thread-4 (]: Re-using an available connection from the pool (formerly model.insurance_demo.stg_customers, now test.insurance_demo.not_null_stg_claims_claim_id.f8032ece86)
[0m13:20:40.703150 [debug] [Thread-3 (]: Re-using an available connection from the pool (formerly model.insurance_demo.stg_claims, now model.insurance_demo.stg_policies)
[0m13:20:40.712626 [debug] [Thread-3 (]: Began compiling node model.insurance_demo.stg_policies
[0m13:20:40.714255 [debug] [Thread-3 (]: Writing injected SQL for node "model.insurance_demo.stg_policies"
[0m13:20:40.711840 [debug] [Thread-2 (]: Re-using an available connection from the pool (formerly model.insurance_demo.stg_claim_payments, now model.insurance_demo.stg_policy_types)
[0m13:20:40.712389 [debug] [Thread-4 (]: Began compiling node test.insurance_demo.not_null_stg_claims_claim_id.f8032ece86
[0m13:20:40.714741 [debug] [Thread-2 (]: Began compiling node model.insurance_demo.stg_policy_types
[0m13:20:40.719786 [debug] [Thread-2 (]: Writing injected SQL for node "model.insurance_demo.stg_policy_types"
[0m13:20:40.720164 [debug] [Thread-1 (]: Began executing node test.insurance_demo.not_null_stg_claims_policy_id.7e20e3e912
[0m13:20:40.717933 [debug] [Thread-4 (]: Writing injected SQL for node "test.insurance_demo.not_null_stg_claims_claim_id.f8032ece86"
[0m13:20:40.731499 [debug] [Thread-1 (]: Writing runtime sql for node "test.insurance_demo.not_null_stg_claims_policy_id.7e20e3e912"
[0m13:20:40.732034 [debug] [Thread-3 (]: Began executing node model.insurance_demo.stg_policies
[0m13:20:40.734545 [debug] [Thread-3 (]: Writing runtime sql for node "model.insurance_demo.stg_policies"
[0m13:20:40.735487 [debug] [Thread-2 (]: Began executing node model.insurance_demo.stg_policy_types
[0m13:20:40.737987 [debug] [Thread-2 (]: Writing runtime sql for node "model.insurance_demo.stg_policy_types"
[0m13:20:40.738935 [debug] [Thread-1 (]: Using postgres connection "test.insurance_demo.not_null_stg_claims_policy_id.7e20e3e912"
[0m13:20:40.739231 [debug] [Thread-1 (]: On test.insurance_demo.not_null_stg_claims_policy_id.7e20e3e912: /* {"app": "dbt", "dbt_version": "1.12.0b3", "profile_name": "insurance_profile", "target_name": "dev", "node_id": "test.insurance_demo.not_null_stg_claims_policy_id.7e20e3e912"} */

    
    select
      count(*) as failures,
      count(*) != 0 as should_warn,
      count(*) != 0 as should_error
    from (
      
    
  
    
    



select policy_id
from "postgres"."public"."stg_claims"
where policy_id is null



  
  
      
    ) dbt_internal_test
[0m13:20:40.739507 [debug] [Thread-1 (]: Opening a new connection, currently in state closed
[0m13:20:40.738609 [debug] [Thread-3 (]: Using postgres connection "model.insurance_demo.stg_policies"
[0m13:20:40.738324 [debug] [Thread-4 (]: Began executing node test.insurance_demo.not_null_stg_claims_claim_id.f8032ece86
[0m13:20:40.741583 [debug] [Thread-4 (]: Writing runtime sql for node "test.insurance_demo.not_null_stg_claims_claim_id.f8032ece86"
[0m13:20:40.740055 [debug] [Thread-3 (]: On model.insurance_demo.stg_policies: /* {"app": "dbt", "dbt_version": "1.12.0b3", "profile_name": "insurance_profile", "target_name": "dev", "node_id": "model.insurance_demo.stg_policies"} */

  create view "postgres"."public"."stg_policies__dbt_tmp"
    
    
  as (
    select
    policy_id,
    customer_id,
    agent_id,
    policy_type_id,
    premium,
    start_date
from "postgres"."public"."policies"
  );
[0m13:20:40.742006 [debug] [Thread-3 (]: Opening a new connection, currently in state closed
[0m13:20:40.743171 [debug] [Thread-2 (]: Using postgres connection "model.insurance_demo.stg_policy_types"
[0m13:20:40.743478 [debug] [Thread-2 (]: On model.insurance_demo.stg_policy_types: /* {"app": "dbt", "dbt_version": "1.12.0b3", "profile_name": "insurance_profile", "target_name": "dev", "node_id": "model.insurance_demo.stg_policy_types"} */

  create view "postgres"."public"."stg_policy_types__dbt_tmp"
    
    
  as (
    select
    policy_type_id,
    policy_type_name
from "postgres"."public"."policy_types"
  );
[0m13:20:40.743745 [debug] [Thread-2 (]: Opening a new connection, currently in state closed
[0m13:20:40.744392 [debug] [Thread-4 (]: Using postgres connection "test.insurance_demo.not_null_stg_claims_claim_id.f8032ece86"
[0m13:20:40.744746 [debug] [Thread-4 (]: On test.insurance_demo.not_null_stg_claims_claim_id.f8032ece86: /* {"app": "dbt", "dbt_version": "1.12.0b3", "profile_name": "insurance_profile", "target_name": "dev", "node_id": "test.insurance_demo.not_null_stg_claims_claim_id.f8032ece86"} */

    
    select
      count(*) as failures,
      count(*) != 0 as should_warn,
      count(*) != 0 as should_error
    from (
      
    
  
    
    



select claim_id
from "postgres"."public"."stg_claims"
where claim_id is null



  
  
      
    ) dbt_internal_test
[0m13:20:40.744974 [debug] [Thread-4 (]: Opening a new connection, currently in state closed
[0m13:20:40.831566 [debug] [Thread-1 (]: SQL status: SELECT 1 in 0.092 seconds
[0m13:20:40.834721 [debug] [Thread-1 (]: On test.insurance_demo.not_null_stg_claims_policy_id.7e20e3e912: ROLLBACK
[0m13:20:40.835273 [debug] [Thread-3 (]: SQL status: CREATE VIEW in 0.093 seconds
[0m13:20:40.837595 [debug] [Thread-3 (]: Using postgres connection "model.insurance_demo.stg_policies"
[0m13:20:40.837887 [debug] [Thread-3 (]: On model.insurance_demo.stg_policies: /* {"app": "dbt", "dbt_version": "1.12.0b3", "profile_name": "insurance_profile", "target_name": "dev", "node_id": "model.insurance_demo.stg_policies"} */
alter table "postgres"."public"."stg_policies" rename to "stg_policies__dbt_backup"
[0m13:20:40.835578 [debug] [Thread-1 (]: On test.insurance_demo.not_null_stg_claims_policy_id.7e20e3e912: Close
[0m13:20:40.838789 [debug] [Thread-3 (]: SQL status: ALTER TABLE in 0.001 seconds
[0m13:20:40.841071 [debug] [Thread-3 (]: Using postgres connection "model.insurance_demo.stg_policies"
[0m13:20:40.838458 [info ] [Thread-1 (]: 8 of 19 PASS not_null_stg_claims_policy_id ..................................... [[32mPASS[0m in 0.14s]
[0m13:20:40.841933 [debug] [Thread-1 (]: Finished running node test.insurance_demo.not_null_stg_claims_policy_id.7e20e3e912
[0m13:20:40.842367 [debug] [Thread-1 (]: Began running node test.insurance_demo.unique_stg_claims_claim_id.0e20e780e5
[0m13:20:40.842989 [info ] [Thread-1 (]: 9 of 19 START test unique_stg_claims_claim_id .................................. [RUN]
[0m13:20:40.841519 [debug] [Thread-3 (]: On model.insurance_demo.stg_policies: /* {"app": "dbt", "dbt_version": "1.12.0b3", "profile_name": "insurance_profile", "target_name": "dev", "node_id": "model.insurance_demo.stg_policies"} */
alter table "postgres"."public"."stg_policies__dbt_tmp" rename to "stg_policies"
[0m13:20:40.843733 [debug] [Thread-2 (]: SQL status: CREATE VIEW in 0.100 seconds
[0m13:20:40.845719 [debug] [Thread-2 (]: Using postgres connection "model.insurance_demo.stg_policy_types"
[0m13:20:40.842707 [debug] [Thread-4 (]: SQL status: SELECT 1 in 0.098 seconds
[0m13:20:40.847188 [debug] [Thread-4 (]: On test.insurance_demo.not_null_stg_claims_claim_id.f8032ece86: ROLLBACK
[0m13:20:40.843388 [debug] [Thread-1 (]: Re-using an available connection from the pool (formerly test.insurance_demo.not_null_stg_claims_policy_id.7e20e3e912, now test.insurance_demo.unique_stg_claims_claim_id.0e20e780e5)
[0m13:20:40.846279 [debug] [Thread-2 (]: On model.insurance_demo.stg_policy_types: /* {"app": "dbt", "dbt_version": "1.12.0b3", "profile_name": "insurance_profile", "target_name": "dev", "node_id": "model.insurance_demo.stg_policy_types"} */
alter table "postgres"."public"."stg_policy_types" rename to "stg_policy_types__dbt_backup"
[0m13:20:40.846016 [debug] [Thread-3 (]: SQL status: ALTER TABLE in 0.002 seconds
[0m13:20:40.847524 [debug] [Thread-1 (]: Began compiling node test.insurance_demo.unique_stg_claims_claim_id.0e20e780e5
[0m13:20:40.847769 [debug] [Thread-4 (]: On test.insurance_demo.not_null_stg_claims_claim_id.f8032ece86: Close
[0m13:20:40.848735 [debug] [Thread-3 (]: On model.insurance_demo.stg_policies: COMMIT
[0m13:20:40.849079 [debug] [Thread-2 (]: SQL status: ALTER TABLE in 0.001 seconds
[0m13:20:40.853587 [debug] [Thread-1 (]: Writing injected SQL for node "test.insurance_demo.unique_stg_claims_claim_id.0e20e780e5"
[0m13:20:40.854140 [debug] [Thread-3 (]: Using postgres connection "model.insurance_demo.stg_policies"
[0m13:20:40.854557 [info ] [Thread-4 (]: 7 of 19 PASS not_null_stg_claims_claim_id ...................................... [[32mPASS[0m in 0.14s]
[0m13:20:40.857692 [debug] [Thread-4 (]: Finished running node test.insurance_demo.not_null_stg_claims_claim_id.f8032ece86
[0m13:20:40.856648 [debug] [Thread-2 (]: Using postgres connection "model.insurance_demo.stg_policy_types"
[0m13:20:40.858113 [debug] [Thread-2 (]: On model.insurance_demo.stg_policy_types: /* {"app": "dbt", "dbt_version": "1.12.0b3", "profile_name": "insurance_profile", "target_name": "dev", "node_id": "model.insurance_demo.stg_policy_types"} */
alter table "postgres"."public"."stg_policy_types__dbt_tmp" rename to "stg_policy_types"
[0m13:20:40.857221 [debug] [Thread-3 (]: On model.insurance_demo.stg_policies: COMMIT
[0m13:20:40.858981 [debug] [Thread-1 (]: Began executing node test.insurance_demo.unique_stg_claims_claim_id.0e20e780e5
[0m13:20:40.861139 [debug] [Thread-1 (]: Writing runtime sql for node "test.insurance_demo.unique_stg_claims_claim_id.0e20e780e5"
[0m13:20:40.861500 [debug] [Thread-3 (]: SQL status: COMMIT in 0.003 seconds
[0m13:20:40.859327 [debug] [Thread-2 (]: SQL status: ALTER TABLE in 0.001 seconds
[0m13:20:40.864624 [debug] [Thread-2 (]: On model.insurance_demo.stg_policy_types: COMMIT
[0m13:20:40.864929 [debug] [Thread-2 (]: Using postgres connection "model.insurance_demo.stg_policy_types"
[0m13:20:40.863525 [debug] [Thread-3 (]: Applying DROP to: "postgres"."public"."stg_policies__dbt_backup"
[0m13:20:40.866298 [debug] [Thread-3 (]: Using postgres connection "model.insurance_demo.stg_policies"
[0m13:20:40.866685 [debug] [Thread-3 (]: On model.insurance_demo.stg_policies: /* {"app": "dbt", "dbt_version": "1.12.0b3", "profile_name": "insurance_profile", "target_name": "dev", "node_id": "model.insurance_demo.stg_policies"} */
drop view if exists "postgres"."public"."stg_policies__dbt_backup" cascade
[0m13:20:40.865499 [debug] [Thread-1 (]: Using postgres connection "test.insurance_demo.unique_stg_claims_claim_id.0e20e780e5"
[0m13:20:40.865184 [debug] [Thread-2 (]: On model.insurance_demo.stg_policy_types: COMMIT
[0m13:20:40.867232 [debug] [Thread-1 (]: On test.insurance_demo.unique_stg_claims_claim_id.0e20e780e5: /* {"app": "dbt", "dbt_version": "1.12.0b3", "profile_name": "insurance_profile", "target_name": "dev", "node_id": "test.insurance_demo.unique_stg_claims_claim_id.0e20e780e5"} */

    
    select
      count(*) as failures,
      count(*) != 0 as should_warn,
      count(*) != 0 as should_error
    from (
      
    
  
    
    

select
    claim_id as unique_field,
    count(*) as n_records

from "postgres"."public"."stg_claims"
where claim_id is not null
group by claim_id
having count(*) > 1



  
  
      
    ) dbt_internal_test
[0m13:20:40.867906 [debug] [Thread-1 (]: Opening a new connection, currently in state closed
[0m13:20:40.868698 [debug] [Thread-2 (]: SQL status: COMMIT in 0.001 seconds
[0m13:20:40.870931 [debug] [Thread-2 (]: Applying DROP to: "postgres"."public"."stg_policy_types__dbt_backup"
[0m13:20:40.869238 [debug] [Thread-3 (]: SQL status: DROP VIEW in 0.002 seconds
[0m13:20:40.872427 [debug] [Thread-3 (]: On model.insurance_demo.stg_policies: Close
[0m13:20:40.871469 [debug] [Thread-2 (]: Using postgres connection "model.insurance_demo.stg_policy_types"
[0m13:20:40.872788 [debug] [Thread-2 (]: On model.insurance_demo.stg_policy_types: /* {"app": "dbt", "dbt_version": "1.12.0b3", "profile_name": "insurance_profile", "target_name": "dev", "node_id": "model.insurance_demo.stg_policy_types"} */
drop view if exists "postgres"."public"."stg_policy_types__dbt_backup" cascade
[0m13:20:40.873248 [debug] [Thread-3 (]: Sending event: {'category': 'dbt', 'action': 'run_model', 'label': '78f6d62f-d55b-49c6-a296-8311d0e62e53', 'context': [<snowplow_tracker.self_describing_json.SelfDescribingJson object at 0x0000020F384F7550>]}
[0m13:20:40.874101 [info ] [Thread-3 (]: 5 of 19 OK created sql view model public.stg_policies .......................... [[32mCREATE VIEW[0m in 0.17s]
[0m13:20:40.874960 [debug] [Thread-3 (]: Finished running node model.insurance_demo.stg_policies
[0m13:20:40.875564 [debug] [Thread-2 (]: SQL status: DROP VIEW in 0.002 seconds
[0m13:20:40.876721 [debug] [Thread-2 (]: On model.insurance_demo.stg_policy_types: Close
[0m13:20:40.877206 [debug] [Thread-4 (]: Began running node test.insurance_demo.not_null_stg_policies_customer_id.6c3638fada
[0m13:20:40.877963 [debug] [Thread-2 (]: Sending event: {'category': 'dbt', 'action': 'run_model', 'label': '78f6d62f-d55b-49c6-a296-8311d0e62e53', 'context': [<snowplow_tracker.self_describing_json.SelfDescribingJson object at 0x0000020F3839B8C0>]}
[0m13:20:40.878374 [debug] [Thread-3 (]: Began running node test.insurance_demo.not_null_stg_policies_policy_id.83c6a6a32c
[0m13:20:40.879318 [info ] [Thread-2 (]: 6 of 19 OK created sql view model public.stg_policy_types ...................... [[32mCREATE VIEW[0m in 0.17s]
[0m13:20:40.880467 [debug] [Thread-2 (]: Finished running node model.insurance_demo.stg_policy_types
[0m13:20:40.880834 [debug] [Thread-2 (]: Began running node test.insurance_demo.relationships_stg_claims_policy_id__policy_id__ref_stg_policies_.f863c76852
[0m13:20:40.878672 [info ] [Thread-4 (]: 10 of 19 START test not_null_stg_policies_customer_id .......................... [RUN]
[0m13:20:40.879695 [info ] [Thread-3 (]: 11 of 19 START test not_null_stg_policies_policy_id ............................ [RUN]
[0m13:20:40.882365 [debug] [Thread-3 (]: Re-using an available connection from the pool (formerly model.insurance_demo.stg_policies, now test.insurance_demo.not_null_stg_policies_policy_id.83c6a6a32c)
[0m13:20:40.882771 [debug] [Thread-3 (]: Began compiling node test.insurance_demo.not_null_stg_policies_policy_id.83c6a6a32c
[0m13:20:40.881257 [info ] [Thread-2 (]: 12 of 19 START test relationships_stg_claims_policy_id__policy_id__ref_stg_policies_  [RUN]
[0m13:20:40.881829 [debug] [Thread-4 (]: Re-using an available connection from the pool (formerly test.insurance_demo.not_null_stg_claims_claim_id.f8032ece86, now test.insurance_demo.not_null_stg_policies_customer_id.6c3638fada)
[0m13:20:40.887985 [debug] [Thread-4 (]: Began compiling node test.insurance_demo.not_null_stg_policies_customer_id.6c3638fada
[0m13:20:40.890716 [debug] [Thread-4 (]: Writing injected SQL for node "test.insurance_demo.not_null_stg_policies_customer_id.6c3638fada"
[0m13:20:40.887104 [debug] [Thread-3 (]: Writing injected SQL for node "test.insurance_demo.not_null_stg_policies_policy_id.83c6a6a32c"
[0m13:20:40.887584 [debug] [Thread-2 (]: Re-using an available connection from the pool (formerly model.insurance_demo.stg_policy_types, now test.insurance_demo.relationships_stg_claims_policy_id__policy_id__ref_stg_policies_.f863c76852)
[0m13:20:40.891286 [debug] [Thread-2 (]: Began compiling node test.insurance_demo.relationships_stg_claims_policy_id__policy_id__ref_stg_policies_.f863c76852
[0m13:20:40.899281 [debug] [Thread-2 (]: Writing injected SQL for node "test.insurance_demo.relationships_stg_claims_policy_id__policy_id__ref_stg_policies_.f863c76852"
[0m13:20:40.901131 [debug] [Thread-3 (]: Began executing node test.insurance_demo.not_null_stg_policies_policy_id.83c6a6a32c
[0m13:20:40.904586 [debug] [Thread-3 (]: Writing runtime sql for node "test.insurance_demo.not_null_stg_policies_policy_id.83c6a6a32c"
[0m13:20:40.905177 [debug] [Thread-2 (]: Began executing node test.insurance_demo.relationships_stg_claims_policy_id__policy_id__ref_stg_policies_.f863c76852
[0m13:20:40.901789 [debug] [Thread-4 (]: Began executing node test.insurance_demo.not_null_stg_policies_customer_id.6c3638fada
[0m13:20:40.908597 [debug] [Thread-4 (]: Writing runtime sql for node "test.insurance_demo.not_null_stg_policies_customer_id.6c3638fada"
[0m13:20:40.906994 [debug] [Thread-2 (]: Writing runtime sql for node "test.insurance_demo.relationships_stg_claims_policy_id__policy_id__ref_stg_policies_.f863c76852"
[0m13:20:40.909565 [debug] [Thread-3 (]: Using postgres connection "test.insurance_demo.not_null_stg_policies_policy_id.83c6a6a32c"
[0m13:20:40.910183 [debug] [Thread-3 (]: On test.insurance_demo.not_null_stg_policies_policy_id.83c6a6a32c: /* {"app": "dbt", "dbt_version": "1.12.0b3", "profile_name": "insurance_profile", "target_name": "dev", "node_id": "test.insurance_demo.not_null_stg_policies_policy_id.83c6a6a32c"} */

    
    select
      count(*) as failures,
      count(*) != 0 as should_warn,
      count(*) != 0 as should_error
    from (
      
    
  
    
    



select policy_id
from "postgres"."public"."stg_policies"
where policy_id is null



  
  
      
    ) dbt_internal_test
[0m13:20:40.910866 [debug] [Thread-3 (]: Opening a new connection, currently in state closed
[0m13:20:40.910557 [debug] [Thread-4 (]: Using postgres connection "test.insurance_demo.not_null_stg_policies_customer_id.6c3638fada"
[0m13:20:40.911357 [debug] [Thread-4 (]: On test.insurance_demo.not_null_stg_policies_customer_id.6c3638fada: /* {"app": "dbt", "dbt_version": "1.12.0b3", "profile_name": "insurance_profile", "target_name": "dev", "node_id": "test.insurance_demo.not_null_stg_policies_customer_id.6c3638fada"} */

    
    select
      count(*) as failures,
      count(*) != 0 as should_warn,
      count(*) != 0 as should_error
    from (
      
    
  
    
    



select customer_id
from "postgres"."public"."stg_policies"
where customer_id is null



  
  
      
    ) dbt_internal_test
[0m13:20:40.912009 [debug] [Thread-4 (]: Opening a new connection, currently in state closed
[0m13:20:40.911704 [debug] [Thread-2 (]: Using postgres connection "test.insurance_demo.relationships_stg_claims_policy_id__policy_id__ref_stg_policies_.f863c76852"
[0m13:20:40.912598 [debug] [Thread-2 (]: On test.insurance_demo.relationships_stg_claims_policy_id__policy_id__ref_stg_policies_.f863c76852: /* {"app": "dbt", "dbt_version": "1.12.0b3", "profile_name": "insurance_profile", "target_name": "dev", "node_id": "test.insurance_demo.relationships_stg_claims_policy_id__policy_id__ref_stg_policies_.f863c76852"} */

    
    select
      count(*) as failures,
      count(*) != 0 as should_warn,
      count(*) != 0 as should_error
    from (
      
    
  
    
    

with child as (
    select policy_id as from_field
    from "postgres"."public"."stg_claims"
    where policy_id is not null
),

parent as (
    select policy_id as to_field
    from "postgres"."public"."stg_policies"
)

select
    from_field

from child
left join parent
    on child.from_field = parent.to_field

where parent.to_field is null



  
  
      
    ) dbt_internal_test
[0m13:20:40.913194 [debug] [Thread-2 (]: Opening a new connection, currently in state closed
[0m13:20:40.948460 [debug] [Thread-1 (]: SQL status: SELECT 1 in 0.080 seconds
[0m13:20:40.950255 [debug] [Thread-1 (]: On test.insurance_demo.unique_stg_claims_claim_id.0e20e780e5: ROLLBACK
[0m13:20:40.951046 [debug] [Thread-1 (]: On test.insurance_demo.unique_stg_claims_claim_id.0e20e780e5: Close
[0m13:20:40.951972 [info ] [Thread-1 (]: 9 of 19 PASS unique_stg_claims_claim_id ........................................ [[32mPASS[0m in 0.11s]
[0m13:20:40.952853 [debug] [Thread-1 (]: Finished running node test.insurance_demo.unique_stg_claims_claim_id.0e20e780e5
[0m13:20:40.953376 [debug] [Thread-1 (]: Began running node test.insurance_demo.relationships_stg_policies_customer_id__customer_id__ref_stg_customers_.b5a40ed1d6
[0m13:20:40.953961 [info ] [Thread-1 (]: 13 of 19 START test relationships_stg_policies_customer_id__customer_id__ref_stg_customers_  [RUN]
[0m13:20:40.954783 [debug] [Thread-1 (]: Re-using an available connection from the pool (formerly test.insurance_demo.unique_stg_claims_claim_id.0e20e780e5, now test.insurance_demo.relationships_stg_policies_customer_id__customer_id__ref_stg_customers_.b5a40ed1d6)
[0m13:20:40.955309 [debug] [Thread-1 (]: Began compiling node test.insurance_demo.relationships_stg_policies_customer_id__customer_id__ref_stg_customers_.b5a40ed1d6
[0m13:20:40.961694 [debug] [Thread-1 (]: Writing injected SQL for node "test.insurance_demo.relationships_stg_policies_customer_id__customer_id__ref_stg_customers_.b5a40ed1d6"
[0m13:20:40.963931 [debug] [Thread-1 (]: Began executing node test.insurance_demo.relationships_stg_policies_customer_id__customer_id__ref_stg_customers_.b5a40ed1d6
[0m13:20:40.965802 [debug] [Thread-1 (]: Writing runtime sql for node "test.insurance_demo.relationships_stg_policies_customer_id__customer_id__ref_stg_customers_.b5a40ed1d6"
[0m13:20:40.967751 [debug] [Thread-1 (]: Using postgres connection "test.insurance_demo.relationships_stg_policies_customer_id__customer_id__ref_stg_customers_.b5a40ed1d6"
[0m13:20:40.968314 [debug] [Thread-1 (]: On test.insurance_demo.relationships_stg_policies_customer_id__customer_id__ref_stg_customers_.b5a40ed1d6: /* {"app": "dbt", "dbt_version": "1.12.0b3", "profile_name": "insurance_profile", "target_name": "dev", "node_id": "test.insurance_demo.relationships_stg_policies_customer_id__customer_id__ref_stg_customers_.b5a40ed1d6"} */

    
    select
      count(*) as failures,
      count(*) != 0 as should_warn,
      count(*) != 0 as should_error
    from (
      
    
  
    
    

with child as (
    select customer_id as from_field
    from "postgres"."public"."stg_policies"
    where customer_id is not null
),

parent as (
    select customer_id as to_field
    from "postgres"."public"."stg_customers"
)

select
    from_field

from child
left join parent
    on child.from_field = parent.to_field

where parent.to_field is null



  
  
      
    ) dbt_internal_test
[0m13:20:40.968763 [debug] [Thread-1 (]: Opening a new connection, currently in state closed
[0m13:20:40.988541 [debug] [Thread-3 (]: SQL status: SELECT 1 in 0.078 seconds
[0m13:20:40.990481 [debug] [Thread-3 (]: On test.insurance_demo.not_null_stg_policies_policy_id.83c6a6a32c: ROLLBACK
[0m13:20:40.991316 [debug] [Thread-3 (]: On test.insurance_demo.not_null_stg_policies_policy_id.83c6a6a32c: Close
[0m13:20:40.991993 [info ] [Thread-3 (]: 11 of 19 PASS not_null_stg_policies_policy_id .................................. [[32mPASS[0m in 0.11s]
[0m13:20:40.992575 [debug] [Thread-3 (]: Finished running node test.insurance_demo.not_null_stg_policies_policy_id.83c6a6a32c
[0m13:20:40.992937 [debug] [Thread-3 (]: Began running node test.insurance_demo.unique_stg_policies_policy_id.cb33dd12e6
[0m13:20:40.993292 [info ] [Thread-3 (]: 14 of 19 START test unique_stg_policies_policy_id .............................. [RUN]
[0m13:20:40.994077 [debug] [Thread-3 (]: Re-using an available connection from the pool (formerly test.insurance_demo.not_null_stg_policies_policy_id.83c6a6a32c, now test.insurance_demo.unique_stg_policies_policy_id.cb33dd12e6)
[0m13:20:40.994737 [debug] [Thread-3 (]: Began compiling node test.insurance_demo.unique_stg_policies_policy_id.cb33dd12e6
[0m13:20:40.998792 [debug] [Thread-3 (]: Writing injected SQL for node "test.insurance_demo.unique_stg_policies_policy_id.cb33dd12e6"
[0m13:20:41.000913 [debug] [Thread-3 (]: Began executing node test.insurance_demo.unique_stg_policies_policy_id.cb33dd12e6
[0m13:20:41.003164 [debug] [Thread-3 (]: Writing runtime sql for node "test.insurance_demo.unique_stg_policies_policy_id.cb33dd12e6"
[0m13:20:41.001416 [debug] [Thread-4 (]: SQL status: SELECT 1 in 0.089 seconds
[0m13:20:41.004738 [debug] [Thread-4 (]: On test.insurance_demo.not_null_stg_policies_customer_id.6c3638fada: ROLLBACK
[0m13:20:41.005466 [debug] [Thread-4 (]: On test.insurance_demo.not_null_stg_policies_customer_id.6c3638fada: Close
[0m13:20:41.006071 [info ] [Thread-4 (]: 10 of 19 PASS not_null_stg_policies_customer_id ................................ [[32mPASS[0m in 0.12s]
[0m13:20:41.007032 [debug] [Thread-4 (]: Finished running node test.insurance_demo.not_null_stg_policies_customer_id.6c3638fada
[0m13:20:41.007863 [debug] [Thread-4 (]: Began running node model.insurance_demo.int_claims_per_policy
[0m13:20:41.008255 [info ] [Thread-4 (]: 15 of 19 START sql view model public.int_claims_per_policy ..................... [RUN]
[0m13:20:41.006590 [debug] [Thread-3 (]: Using postgres connection "test.insurance_demo.unique_stg_policies_policy_id.cb33dd12e6"
[0m13:20:41.007398 [debug] [Thread-2 (]: SQL status: SELECT 1 in 0.094 seconds
[0m13:20:41.010682 [debug] [Thread-2 (]: On test.insurance_demo.relationships_stg_claims_policy_id__policy_id__ref_stg_policies_.f863c76852: ROLLBACK
[0m13:20:41.009046 [debug] [Thread-3 (]: On test.insurance_demo.unique_stg_policies_policy_id.cb33dd12e6: /* {"app": "dbt", "dbt_version": "1.12.0b3", "profile_name": "insurance_profile", "target_name": "dev", "node_id": "test.insurance_demo.unique_stg_policies_policy_id.cb33dd12e6"} */

    
    select
      count(*) as failures,
      count(*) != 0 as should_warn,
      count(*) != 0 as should_error
    from (
      
    
  
    
    

select
    policy_id as unique_field,
    count(*) as n_records

from "postgres"."public"."stg_policies"
where policy_id is not null
group by policy_id
having count(*) > 1



  
  
      
    ) dbt_internal_test
[0m13:20:41.008707 [debug] [Thread-4 (]: Re-using an available connection from the pool (formerly test.insurance_demo.not_null_stg_policies_customer_id.6c3638fada, now model.insurance_demo.int_claims_per_policy)
[0m13:20:41.011816 [debug] [Thread-4 (]: Began compiling node model.insurance_demo.int_claims_per_policy
[0m13:20:41.013726 [debug] [Thread-4 (]: Writing injected SQL for node "model.insurance_demo.int_claims_per_policy"
[0m13:20:41.011274 [debug] [Thread-3 (]: Opening a new connection, currently in state closed
[0m13:20:41.011553 [debug] [Thread-2 (]: On test.insurance_demo.relationships_stg_claims_policy_id__policy_id__ref_stg_policies_.f863c76852: Close
[0m13:20:41.014499 [info ] [Thread-2 (]: 12 of 19 PASS relationships_stg_claims_policy_id__policy_id__ref_stg_policies_ . [[32mPASS[0m in 0.13s]
[0m13:20:41.015027 [debug] [Thread-2 (]: Finished running node test.insurance_demo.relationships_stg_claims_policy_id__policy_id__ref_stg_policies_.f863c76852
[0m13:20:41.015449 [debug] [Thread-2 (]: Began running node model.insurance_demo.int_payments_per_policy
[0m13:20:41.015999 [info ] [Thread-2 (]: 16 of 19 START sql view model public.int_payments_per_policy ................... [RUN]
[0m13:20:41.017425 [debug] [Thread-2 (]: Re-using an available connection from the pool (formerly test.insurance_demo.relationships_stg_claims_policy_id__policy_id__ref_stg_policies_.f863c76852, now model.insurance_demo.int_payments_per_policy)
[0m13:20:41.018049 [debug] [Thread-2 (]: Began compiling node model.insurance_demo.int_payments_per_policy
[0m13:20:41.016731 [debug] [Thread-4 (]: Began executing node model.insurance_demo.int_claims_per_policy
[0m13:20:41.022605 [debug] [Thread-4 (]: Writing runtime sql for node "model.insurance_demo.int_claims_per_policy"
[0m13:20:41.020294 [debug] [Thread-2 (]: Writing injected SQL for node "model.insurance_demo.int_payments_per_policy"
[0m13:20:41.024370 [debug] [Thread-2 (]: Began executing node model.insurance_demo.int_payments_per_policy
[0m13:20:41.027001 [debug] [Thread-2 (]: Writing runtime sql for node "model.insurance_demo.int_payments_per_policy"
[0m13:20:41.028090 [debug] [Thread-4 (]: Using postgres connection "model.insurance_demo.int_claims_per_policy"
[0m13:20:41.028447 [debug] [Thread-4 (]: On model.insurance_demo.int_claims_per_policy: /* {"app": "dbt", "dbt_version": "1.12.0b3", "profile_name": "insurance_profile", "target_name": "dev", "node_id": "model.insurance_demo.int_claims_per_policy"} */

  create view "postgres"."public"."int_claims_per_policy__dbt_tmp"
    
    
  as (
    with claims as (
    select * from "postgres"."public"."stg_claims"
)

select 
    policy_id,
    count(*) as claim_count,
    sum(claim_amount) as total_claim_amount
from claims
where claim_date >= current_date - interval '12 months'
group by policy_id
  );
[0m13:20:41.028726 [debug] [Thread-4 (]: Opening a new connection, currently in state closed
[0m13:20:41.029185 [debug] [Thread-2 (]: Using postgres connection "model.insurance_demo.int_payments_per_policy"
[0m13:20:41.029543 [debug] [Thread-2 (]: On model.insurance_demo.int_payments_per_policy: /* {"app": "dbt", "dbt_version": "1.12.0b3", "profile_name": "insurance_profile", "target_name": "dev", "node_id": "model.insurance_demo.int_payments_per_policy"} */

  create view "postgres"."public"."int_payments_per_policy__dbt_tmp"
    
    
  as (
    with claims as (
    select * from "postgres"."public"."stg_claims"
),
claim_payments as (
    select * from "postgres"."public"."stg_claim_payments"
)

select 
    c.policy_id,
    sum(cp.payment_amount) as total_claim_payments
from claims c 
join claim_payments cp on cp.claim_id = c.claim_id
where c.claim_date >= current_date - interval '12 months'
group by c.policy_id
  );
[0m13:20:41.029841 [debug] [Thread-2 (]: Opening a new connection, currently in state closed
[0m13:20:41.040702 [debug] [Thread-1 (]: SQL status: SELECT 1 in 0.072 seconds
[0m13:20:41.042341 [debug] [Thread-1 (]: On test.insurance_demo.relationships_stg_policies_customer_id__customer_id__ref_stg_customers_.b5a40ed1d6: ROLLBACK
[0m13:20:41.043124 [debug] [Thread-1 (]: On test.insurance_demo.relationships_stg_policies_customer_id__customer_id__ref_stg_customers_.b5a40ed1d6: Close
[0m13:20:41.043968 [info ] [Thread-1 (]: 13 of 19 PASS relationships_stg_policies_customer_id__customer_id__ref_stg_customers_  [[32mPASS[0m in 0.09s]
[0m13:20:41.044635 [debug] [Thread-1 (]: Finished running node test.insurance_demo.relationships_stg_policies_customer_id__customer_id__ref_stg_customers_.b5a40ed1d6
[0m13:20:41.085186 [debug] [Thread-3 (]: SQL status: SELECT 1 in 0.074 seconds
[0m13:20:41.086317 [debug] [Thread-3 (]: On test.insurance_demo.unique_stg_policies_policy_id.cb33dd12e6: ROLLBACK
[0m13:20:41.086868 [debug] [Thread-3 (]: On test.insurance_demo.unique_stg_policies_policy_id.cb33dd12e6: Close
[0m13:20:41.087439 [info ] [Thread-3 (]: 14 of 19 PASS unique_stg_policies_policy_id .................................... [[32mPASS[0m in 0.09s]
[0m13:20:41.087908 [debug] [Thread-3 (]: Finished running node test.insurance_demo.unique_stg_policies_policy_id.cb33dd12e6
[0m13:20:41.100516 [debug] [Thread-4 (]: SQL status: CREATE VIEW in 0.072 seconds
[0m13:20:41.102530 [debug] [Thread-4 (]: Using postgres connection "model.insurance_demo.int_claims_per_policy"
[0m13:20:41.102865 [debug] [Thread-4 (]: On model.insurance_demo.int_claims_per_policy: /* {"app": "dbt", "dbt_version": "1.12.0b3", "profile_name": "insurance_profile", "target_name": "dev", "node_id": "model.insurance_demo.int_claims_per_policy"} */
alter table "postgres"."public"."int_claims_per_policy__dbt_tmp" rename to "int_claims_per_policy"
[0m13:20:41.103475 [debug] [Thread-4 (]: SQL status: ALTER TABLE in 0.000 seconds
[0m13:20:41.104392 [debug] [Thread-4 (]: On model.insurance_demo.int_claims_per_policy: COMMIT
[0m13:20:41.104647 [debug] [Thread-4 (]: Using postgres connection "model.insurance_demo.int_claims_per_policy"
[0m13:20:41.104865 [debug] [Thread-4 (]: On model.insurance_demo.int_claims_per_policy: COMMIT
[0m13:20:41.105791 [debug] [Thread-4 (]: SQL status: COMMIT in 0.001 seconds
[0m13:20:41.107225 [debug] [Thread-4 (]: Applying DROP to: "postgres"."public"."int_claims_per_policy__dbt_backup"
[0m13:20:41.108018 [debug] [Thread-4 (]: Using postgres connection "model.insurance_demo.int_claims_per_policy"
[0m13:20:41.108275 [debug] [Thread-4 (]: On model.insurance_demo.int_claims_per_policy: /* {"app": "dbt", "dbt_version": "1.12.0b3", "profile_name": "insurance_profile", "target_name": "dev", "node_id": "model.insurance_demo.int_claims_per_policy"} */
drop view if exists "postgres"."public"."int_claims_per_policy__dbt_backup" cascade
[0m13:20:41.107543 [debug] [Thread-2 (]: SQL status: CREATE VIEW in 0.078 seconds
[0m13:20:41.110033 [debug] [Thread-2 (]: Using postgres connection "model.insurance_demo.int_payments_per_policy"
[0m13:20:41.110601 [debug] [Thread-2 (]: On model.insurance_demo.int_payments_per_policy: /* {"app": "dbt", "dbt_version": "1.12.0b3", "profile_name": "insurance_profile", "target_name": "dev", "node_id": "model.insurance_demo.int_payments_per_policy"} */
alter table "postgres"."public"."int_payments_per_policy__dbt_tmp" rename to "int_payments_per_policy"
[0m13:20:41.110310 [debug] [Thread-4 (]: SQL status: DROP VIEW in 0.002 seconds
[0m13:20:41.111483 [debug] [Thread-4 (]: On model.insurance_demo.int_claims_per_policy: Close
[0m13:20:41.111911 [debug] [Thread-4 (]: Sending event: {'category': 'dbt', 'action': 'run_model', 'label': '78f6d62f-d55b-49c6-a296-8311d0e62e53', 'context': [<snowplow_tracker.self_describing_json.SelfDescribingJson object at 0x0000020F38566CF0>]}
[0m13:20:41.112335 [info ] [Thread-4 (]: 15 of 19 OK created sql view model public.int_claims_per_policy ................ [[32mCREATE VIEW[0m in 0.10s]
[0m13:20:41.112990 [debug] [Thread-4 (]: Finished running node model.insurance_demo.int_claims_per_policy
[0m13:20:41.112648 [debug] [Thread-2 (]: SQL status: ALTER TABLE in 0.002 seconds
[0m13:20:41.114561 [debug] [Thread-2 (]: On model.insurance_demo.int_payments_per_policy: COMMIT
[0m13:20:41.114892 [debug] [Thread-2 (]: Using postgres connection "model.insurance_demo.int_payments_per_policy"
[0m13:20:41.115123 [debug] [Thread-2 (]: On model.insurance_demo.int_payments_per_policy: COMMIT
[0m13:20:41.115959 [debug] [Thread-2 (]: SQL status: COMMIT in 0.001 seconds
[0m13:20:41.117951 [debug] [Thread-2 (]: Applying DROP to: "postgres"."public"."int_payments_per_policy__dbt_backup"
[0m13:20:41.118870 [debug] [Thread-2 (]: Using postgres connection "model.insurance_demo.int_payments_per_policy"
[0m13:20:41.119305 [debug] [Thread-2 (]: On model.insurance_demo.int_payments_per_policy: /* {"app": "dbt", "dbt_version": "1.12.0b3", "profile_name": "insurance_profile", "target_name": "dev", "node_id": "model.insurance_demo.int_payments_per_policy"} */
drop view if exists "postgres"."public"."int_payments_per_policy__dbt_backup" cascade
[0m13:20:41.120089 [debug] [Thread-2 (]: SQL status: DROP VIEW in 0.000 seconds
[0m13:20:41.120970 [debug] [Thread-2 (]: On model.insurance_demo.int_payments_per_policy: Close
[0m13:20:41.121419 [debug] [Thread-2 (]: Sending event: {'category': 'dbt', 'action': 'run_model', 'label': '78f6d62f-d55b-49c6-a296-8311d0e62e53', 'context': [<snowplow_tracker.self_describing_json.SelfDescribingJson object at 0x0000020F38567770>]}
[0m13:20:41.121861 [info ] [Thread-2 (]: 16 of 19 OK created sql view model public.int_payments_per_policy .............. [[32mCREATE VIEW[0m in 0.10s]
[0m13:20:41.122263 [debug] [Thread-2 (]: Finished running node model.insurance_demo.int_payments_per_policy
[0m13:20:41.123011 [debug] [Thread-1 (]: Began running node model.insurance_demo.claim_risk_report
[0m13:20:41.123704 [info ] [Thread-1 (]: 17 of 19 START sql table model public.claim_risk_report ........................ [RUN]
[0m13:20:41.124453 [debug] [Thread-1 (]: Re-using an available connection from the pool (formerly test.insurance_demo.relationships_stg_policies_customer_id__customer_id__ref_stg_customers_.b5a40ed1d6, now model.insurance_demo.claim_risk_report)
[0m13:20:41.124865 [debug] [Thread-1 (]: Began compiling node model.insurance_demo.claim_risk_report
[0m13:20:41.127988 [debug] [Thread-1 (]: Writing injected SQL for node "model.insurance_demo.claim_risk_report"
[0m13:20:41.129398 [debug] [Thread-1 (]: Began executing node model.insurance_demo.claim_risk_report
[0m13:20:41.143594 [debug] [Thread-1 (]: Writing runtime sql for node "model.insurance_demo.claim_risk_report"
[0m13:20:41.145097 [debug] [Thread-1 (]: Using postgres connection "model.insurance_demo.claim_risk_report"
[0m13:20:41.145437 [debug] [Thread-1 (]: On model.insurance_demo.claim_risk_report: /* {"app": "dbt", "dbt_version": "1.12.0b3", "profile_name": "insurance_profile", "target_name": "dev", "node_id": "model.insurance_demo.claim_risk_report"} */

  
    

  create  table "postgres"."public"."claim_risk_report__dbt_tmp"
  
  
    as
  
  (
    with policies as (
    select * from "postgres"."public"."stg_policies"
),
customers as (
    select * from "postgres"."public"."stg_customers"
),
agents as (
    select * from "postgres"."public"."stg_agents"
),
policy_types as (
    select * from "postgres"."public"."stg_policy_types"
),
claims_agg as (
    select * from "postgres"."public"."int_claims_per_policy"
),
pay_agg as (
    select * from "postgres"."public"."int_payments_per_policy"
),
report as (
    select 
        cu.customer_name,
        cu.city,
        pt.policy_type_name as policy_type,
        ag.agent_name,
        p.premium as total_premium_collected,
        ca.total_claim_amount,
        coalesce(pa.total_claim_payments, 0) as total_claim_payments,
        ca.claim_count,
        round(coalesce(pa.total_claim_payments, 0) * 100.0 / nullif(p.premium, 0), 2) as claim_ratio
    from policies p
    join customers cu on cu.customer_id = p.customer_id
    join agents ag on ag.agent_id = p.agent_id
    join policy_types pt on pt.policy_type_id = p.policy_type_id
    join claims_agg ca on ca.policy_id = p.policy_id
    left join pay_agg pa on pa.policy_id = p.policy_id
    where ca.claim_count >= 2
)

select 
    customer_name,
    city,
    policy_type,
    agent_name,
    total_premium_collected,
    total_claim_amount,
    total_claim_payments,
    claim_ratio,
    case
        when claim_ratio > 80 then 'High Risk'
        when claim_ratio >= 40 then 'Medium Risk'
        else 'Low Risk'
    end as risk_category,
    rank() over(partition by city order by claim_ratio desc) as rank_in_city
from report
order by city, rank_in_city
  );
  
[0m13:20:41.145716 [debug] [Thread-1 (]: Opening a new connection, currently in state closed
[0m13:20:41.278032 [debug] [Thread-1 (]: SQL status: SELECT 50 in 0.132 seconds
[0m13:20:41.284122 [debug] [Thread-1 (]: Using postgres connection "model.insurance_demo.claim_risk_report"
[0m13:20:41.285118 [debug] [Thread-1 (]: On model.insurance_demo.claim_risk_report: /* {"app": "dbt", "dbt_version": "1.12.0b3", "profile_name": "insurance_profile", "target_name": "dev", "node_id": "model.insurance_demo.claim_risk_report"} */
alter table "postgres"."public"."claim_risk_report" rename to "claim_risk_report__dbt_backup"
[0m13:20:41.287226 [debug] [Thread-1 (]: SQL status: ALTER TABLE in 0.001 seconds
[0m13:20:41.290384 [debug] [Thread-1 (]: Using postgres connection "model.insurance_demo.claim_risk_report"
[0m13:20:41.290791 [debug] [Thread-1 (]: On model.insurance_demo.claim_risk_report: /* {"app": "dbt", "dbt_version": "1.12.0b3", "profile_name": "insurance_profile", "target_name": "dev", "node_id": "model.insurance_demo.claim_risk_report"} */
alter table "postgres"."public"."claim_risk_report__dbt_tmp" rename to "claim_risk_report"
[0m13:20:41.292100 [debug] [Thread-1 (]: SQL status: ALTER TABLE in 0.001 seconds
[0m13:20:41.293083 [debug] [Thread-1 (]: On model.insurance_demo.claim_risk_report: COMMIT
[0m13:20:41.293331 [debug] [Thread-1 (]: Using postgres connection "model.insurance_demo.claim_risk_report"
[0m13:20:41.293542 [debug] [Thread-1 (]: On model.insurance_demo.claim_risk_report: COMMIT
[0m13:20:41.294558 [debug] [Thread-1 (]: SQL status: COMMIT in 0.001 seconds
[0m13:20:41.296085 [debug] [Thread-1 (]: Applying DROP to: "postgres"."public"."claim_risk_report__dbt_backup"
[0m13:20:41.298021 [debug] [Thread-1 (]: Using postgres connection "model.insurance_demo.claim_risk_report"
[0m13:20:41.298359 [debug] [Thread-1 (]: On model.insurance_demo.claim_risk_report: /* {"app": "dbt", "dbt_version": "1.12.0b3", "profile_name": "insurance_profile", "target_name": "dev", "node_id": "model.insurance_demo.claim_risk_report"} */
drop table if exists "postgres"."public"."claim_risk_report__dbt_backup" cascade
[0m13:20:41.306789 [debug] [Thread-1 (]: SQL status: DROP TABLE in 0.008 seconds
[0m13:20:41.307947 [debug] [Thread-1 (]: On model.insurance_demo.claim_risk_report: Close
[0m13:20:41.308488 [debug] [Thread-1 (]: Sending event: {'category': 'dbt', 'action': 'run_model', 'label': '78f6d62f-d55b-49c6-a296-8311d0e62e53', 'context': [<snowplow_tracker.self_describing_json.SelfDescribingJson object at 0x0000020F38565F70>]}
[0m13:20:41.309010 [info ] [Thread-1 (]: 17 of 19 OK created sql table model public.claim_risk_report ................... [[32mSELECT 50[0m in 0.18s]
[0m13:20:41.309521 [debug] [Thread-1 (]: Finished running node model.insurance_demo.claim_risk_report
[0m13:20:41.310333 [debug] [Thread-4 (]: Began running node test.insurance_demo.not_null_claim_risk_report_risk_category.a715a78e61
[0m13:20:41.312489 [info ] [Thread-4 (]: 19 of 19 START test not_null_claim_risk_report_risk_category ................... [RUN]
[0m13:20:41.313170 [debug] [Thread-4 (]: Re-using an available connection from the pool (formerly model.insurance_demo.int_claims_per_policy, now test.insurance_demo.not_null_claim_risk_report_risk_category.a715a78e61)
[0m13:20:41.311350 [debug] [Thread-3 (]: Began running node test.insurance_demo.accepted_values_claim_risk_report_risk_category__High_Risk__Medium_Risk__Low_Risk.5d4ee805c9
[0m13:20:41.314217 [info ] [Thread-3 (]: 18 of 19 START test accepted_values_claim_risk_report_risk_category__High_Risk__Medium_Risk__Low_Risk  [RUN]
[0m13:20:41.314757 [debug] [Thread-3 (]: Re-using an available connection from the pool (formerly test.insurance_demo.unique_stg_policies_policy_id.cb33dd12e6, now test.insurance_demo.accepted_values_claim_risk_report_risk_category__High_Risk__Medium_Risk__Low_Risk.5d4ee805c9)
[0m13:20:41.315011 [debug] [Thread-3 (]: Began compiling node test.insurance_demo.accepted_values_claim_risk_report_risk_category__High_Risk__Medium_Risk__Low_Risk.5d4ee805c9
[0m13:20:41.313634 [debug] [Thread-4 (]: Began compiling node test.insurance_demo.not_null_claim_risk_report_risk_category.a715a78e61
[0m13:20:41.329318 [debug] [Thread-4 (]: Writing injected SQL for node "test.insurance_demo.not_null_claim_risk_report_risk_category.a715a78e61"
[0m13:20:41.326634 [debug] [Thread-3 (]: Writing injected SQL for node "test.insurance_demo.accepted_values_claim_risk_report_risk_category__High_Risk__Medium_Risk__Low_Risk.5d4ee805c9"
[0m13:20:41.331480 [debug] [Thread-4 (]: Began executing node test.insurance_demo.not_null_claim_risk_report_risk_category.a715a78e61
[0m13:20:41.333283 [debug] [Thread-4 (]: Writing runtime sql for node "test.insurance_demo.not_null_claim_risk_report_risk_category.a715a78e61"
[0m13:20:41.334574 [debug] [Thread-3 (]: Began executing node test.insurance_demo.accepted_values_claim_risk_report_risk_category__High_Risk__Medium_Risk__Low_Risk.5d4ee805c9
[0m13:20:41.336135 [debug] [Thread-3 (]: Writing runtime sql for node "test.insurance_demo.accepted_values_claim_risk_report_risk_category__High_Risk__Medium_Risk__Low_Risk.5d4ee805c9"
[0m13:20:41.336494 [debug] [Thread-4 (]: Using postgres connection "test.insurance_demo.not_null_claim_risk_report_risk_category.a715a78e61"
[0m13:20:41.336915 [debug] [Thread-4 (]: On test.insurance_demo.not_null_claim_risk_report_risk_category.a715a78e61: /* {"app": "dbt", "dbt_version": "1.12.0b3", "profile_name": "insurance_profile", "target_name": "dev", "node_id": "test.insurance_demo.not_null_claim_risk_report_risk_category.a715a78e61"} */

    
    select
      count(*) as failures,
      count(*) != 0 as should_warn,
      count(*) != 0 as should_error
    from (
      
    
  
    
    



select risk_category
from "postgres"."public"."claim_risk_report"
where risk_category is null



  
  
      
    ) dbt_internal_test
[0m13:20:41.337874 [debug] [Thread-4 (]: Opening a new connection, currently in state closed
[0m13:20:41.338729 [debug] [Thread-3 (]: Using postgres connection "test.insurance_demo.accepted_values_claim_risk_report_risk_category__High_Risk__Medium_Risk__Low_Risk.5d4ee805c9"
[0m13:20:41.339275 [debug] [Thread-3 (]: On test.insurance_demo.accepted_values_claim_risk_report_risk_category__High_Risk__Medium_Risk__Low_Risk.5d4ee805c9: /* {"app": "dbt", "dbt_version": "1.12.0b3", "profile_name": "insurance_profile", "target_name": "dev", "node_id": "test.insurance_demo.accepted_values_claim_risk_report_risk_category__High_Risk__Medium_Risk__Low_Risk.5d4ee805c9"} */

    
    select
      count(*) as failures,
      count(*) != 0 as should_warn,
      count(*) != 0 as should_error
    from (
      
    
  
    
    

with all_values as (

    select
        risk_category as value_field,
        count(*) as n_records

    from "postgres"."public"."claim_risk_report"
    group by risk_category

)

select *
from all_values
where value_field not in (
    'High Risk','Medium Risk','Low Risk'
)



  
  
      
    ) dbt_internal_test
[0m13:20:41.339705 [debug] [Thread-3 (]: Opening a new connection, currently in state closed
[0m13:20:41.468909 [debug] [Thread-4 (]: SQL status: SELECT 1 in 0.131 seconds
[0m13:20:41.470015 [debug] [Thread-4 (]: On test.insurance_demo.not_null_claim_risk_report_risk_category.a715a78e61: ROLLBACK
[0m13:20:41.470581 [debug] [Thread-4 (]: On test.insurance_demo.not_null_claim_risk_report_risk_category.a715a78e61: Close
[0m13:20:41.471066 [info ] [Thread-4 (]: 19 of 19 PASS not_null_claim_risk_report_risk_category ......................... [[32mPASS[0m in 0.16s]
[0m13:20:41.471496 [debug] [Thread-4 (]: Finished running node test.insurance_demo.not_null_claim_risk_report_risk_category.a715a78e61
[0m13:20:41.476550 [debug] [Thread-3 (]: SQL status: SELECT 1 in 0.137 seconds
[0m13:20:41.477557 [debug] [Thread-3 (]: On test.insurance_demo.accepted_values_claim_risk_report_risk_category__High_Risk__Medium_Risk__Low_Risk.5d4ee805c9: ROLLBACK
[0m13:20:41.478098 [debug] [Thread-3 (]: On test.insurance_demo.accepted_values_claim_risk_report_risk_category__High_Risk__Medium_Risk__Low_Risk.5d4ee805c9: Close
[0m13:20:41.478631 [info ] [Thread-3 (]: 18 of 19 PASS accepted_values_claim_risk_report_risk_category__High_Risk__Medium_Risk__Low_Risk  [[32mPASS[0m in 0.16s]
[0m13:20:41.479062 [debug] [Thread-3 (]: Finished running node test.insurance_demo.accepted_values_claim_risk_report_risk_category__High_Risk__Medium_Risk__Low_Risk.5d4ee805c9
[0m13:20:41.480324 [debug] [MainThread]: On master: COMMIT
[0m13:20:41.480622 [debug] [MainThread]: Using postgres connection "master"
[0m13:20:41.480830 [debug] [MainThread]: On master: COMMIT
[0m13:20:41.481025 [debug] [MainThread]: Opening a new connection, currently in state closed
[0m13:20:41.573986 [debug] [MainThread]: SQL status: COMMIT in 0.093 seconds
[0m13:20:41.574344 [debug] [MainThread]: On master: Close
[0m13:20:41.574722 [debug] [MainThread]: Connection 'master' was properly closed.
[0m13:20:41.574944 [debug] [MainThread]: Connection 'list_postgres' was properly closed.
[0m13:20:41.575117 [debug] [MainThread]: Connection 'list_postgres_public' was properly closed.
[0m13:20:41.575273 [debug] [MainThread]: Connection 'model.insurance_demo.int_payments_per_policy' was properly closed.
[0m13:20:41.575423 [debug] [MainThread]: Connection 'model.insurance_demo.claim_risk_report' was properly closed.
[0m13:20:41.575569 [debug] [MainThread]: Connection 'test.insurance_demo.not_null_claim_risk_report_risk_category.a715a78e61' was properly closed.
[0m13:20:41.575736 [debug] [MainThread]: Connection 'test.insurance_demo.accepted_values_claim_risk_report_risk_category__High_Risk__Medium_Risk__Low_Risk.5d4ee805c9' was properly closed.
[0m13:20:41.575994 [info ] [MainThread]: 
[0m13:20:41.576301 [info ] [MainThread]: Finished running 1 table model, 10 data tests, 8 view models in 0 hours 0 minutes and 1.84 seconds (1.84s).
[0m13:20:41.578208 [debug] [MainThread]: Command end result
[0m13:20:41.597130 [debug] [MainThread]: Wrote artifact WritableManifest to C:\Users\User\Downloads\dbt_insurance_demo\target\manifest.json
[0m13:20:41.600606 [debug] [MainThread]: Wrote artifact SemanticManifest to C:\Users\User\Downloads\dbt_insurance_demo\target\semantic_manifest.json
[0m13:20:41.603711 [debug] [MainThread]: Wrote artifact OsiDocument to C:\Users\User\Downloads\dbt_insurance_demo\target\osi_document.json
[0m13:20:41.610479 [debug] [MainThread]: Wrote artifact RunExecutionResult to C:\Users\User\Downloads\dbt_insurance_demo\target\run_results.json
[0m13:20:41.610779 [info ] [MainThread]: 
[0m13:20:41.611073 [info ] [MainThread]: [32mCompleted successfully[0m
[0m13:20:41.611325 [info ] [MainThread]: 
[0m13:20:41.611560 [info ] [MainThread]: Done. PASS=19 WARN=0 ERROR=0 SKIP=0 NO-OP=0 REUSED=0 TOTAL=19
[0m13:20:41.612116 [debug] [MainThread]: Command `dbt build` succeeded at 13:20:41.612035 after 3.07 seconds
[0m13:20:41.612371 [debug] [MainThread]: Sending event: {'category': 'dbt', 'action': 'invocation', 'label': 'end', 'context': [<snowplow_tracker.self_describing_json.SelfDescribingJson object at 0x0000020F32428290>, <snowplow_tracker.self_describing_json.SelfDescribingJson object at 0x0000020F387BE270>, <snowplow_tracker.self_describing_json.SelfDescribingJson object at 0x0000020F387BE3F0>]}
[0m13:20:41.612615 [debug] [MainThread]: Flushing usage events
[0m13:20:43.382489 [debug] [MainThread]: An error was encountered while trying to flush usage events
[0m13:21:49.847663 [debug] [MainThread]: Sending event: {'category': 'dbt', 'action': 'invocation', 'label': 'start', 'context': [<snowplow_tracker.self_describing_json.SelfDescribingJson object at 0x0000028F028C7CB0>, <snowplow_tracker.self_describing_json.SelfDescribingJson object at 0x0000028F0021D310>, <snowplow_tracker.self_describing_json.SelfDescribingJson object at 0x0000028F051EFC50>]}


============================== 13:21:49.850821 | 25d8b9fa-0e23-4557-b47a-2bd53c42167b ==============================
[0m13:21:49.850821 [info ] [MainThread]: Running with dbt=1.12.0-b3
[0m13:21:49.851263 [debug] [MainThread]: running dbt with arguments {'static_parser': 'True', 'no_print': 'None', 'version_check': 'True', 'target_path': 'None', 'warn_error_options': 'WarnErrorOptionsV2(error=[], warn=[], silence=[])', 'maximum_seed_size_mib': '1', 'printer_width': '80', 'write_json': 'True', 'empty': 'False', 'log_cache_events': 'False', 'introspect': 'True', 'cache_selected_only': 'False', 'log_format': 'default', 'debug': 'False', 'fail_fast': 'False', 'partial_parse': 'True', 'send_anonymous_usage_stats': 'True', 'quiet': 'False', 'warn_error': 'None', 'profiles_dir': 'C:\\Users\\User\\.dbt', 'indirect_selection': 'eager', 'invocation_command': 'dbt build', 'use_colors': 'True', 'use_experimental_parser': 'False', 'log_path': 'C:\\Users\\User\\Downloads\\dbt_insurance_demo\\logs'}
[0m13:21:50.003084 [debug] [MainThread]: Sending event: {'category': 'dbt', 'action': 'project_id', 'label': '25d8b9fa-0e23-4557-b47a-2bd53c42167b', 'context': [<snowplow_tracker.self_describing_json.SelfDescribingJson object at 0x0000028F05195CD0>]}
[0m13:21:50.055317 [debug] [MainThread]: Sending event: {'category': 'dbt', 'action': 'adapter_info', 'label': '25d8b9fa-0e23-4557-b47a-2bd53c42167b', 'context': [<snowplow_tracker.self_describing_json.SelfDescribingJson object at 0x0000028F04FABBD0>]}
[0m13:21:50.056340 [info ] [MainThread]: Registered adapter: postgres=1.10.2
[0m13:21:50.214838 [debug] [MainThread]: checksum: f835d38e27f2c851a434d54286ec57eea49b211f2d0074fee97ef59e7c153b04, vars: {}, profile: insurance_profile, target: dev, version: 1.12.0b3
[0m13:21:50.357618 [debug] [MainThread]: Partial parsing enabled: 0 files deleted, 0 files added, 0 files changed.
[0m13:21:50.357923 [debug] [MainThread]: Nothing changed, skipping partial parsing.
[0m13:21:50.358109 [debug] [MainThread]: Partial parsing enabled, no changes found, skipping parsing
[0m13:21:50.389379 [debug] [MainThread]: Sending event: {'category': 'dbt', 'action': 'load_project', 'label': '25d8b9fa-0e23-4557-b47a-2bd53c42167b', 'context': [<snowplow_tracker.self_describing_json.SelfDescribingJson object at 0x0000028F05D98250>]}
[0m13:21:50.453226 [debug] [MainThread]: Wrote artifact WritableManifest to C:\Users\User\Downloads\dbt_insurance_demo\target\manifest.json
[0m13:21:50.456723 [debug] [MainThread]: Wrote artifact SemanticManifest to C:\Users\User\Downloads\dbt_insurance_demo\target\semantic_manifest.json
[0m13:21:50.474032 [debug] [MainThread]: Wrote artifact OsiDocument to C:\Users\User\Downloads\dbt_insurance_demo\target\osi_document.json
[0m13:21:50.494860 [debug] [MainThread]: Sending event: {'category': 'dbt', 'action': 'resource_counts', 'label': '25d8b9fa-0e23-4557-b47a-2bd53c42167b', 'context': [<snowplow_tracker.self_describing_json.SelfDescribingJson object at 0x0000028F05ED36B0>]}
[0m13:21:50.495256 [info ] [MainThread]: Found 9 models, 10 data tests, 6 sources, 475 macros
[0m13:21:50.497598 [info ] [MainThread]: 
[0m13:21:50.497914 [info ] [MainThread]: Concurrency: 4 threads (target='dev')
[0m13:21:50.498319 [info ] [MainThread]: 
[0m13:21:50.498695 [debug] [MainThread]: Acquiring new postgres connection 'master'
[0m13:21:50.501753 [debug] [ThreadPool]: Acquiring new postgres connection 'list_postgres'
[0m13:21:50.586486 [debug] [ThreadPool]: Using postgres connection "list_postgres"
[0m13:21:50.586791 [debug] [ThreadPool]: On list_postgres: /* {"app": "dbt", "dbt_version": "1.12.0b3", "profile_name": "insurance_profile", "target_name": "dev", "connection_name": "list_postgres"} */

    select distinct nspname from pg_namespace
  
[0m13:21:50.586996 [debug] [ThreadPool]: Opening a new connection, currently in state init
[0m13:21:50.651414 [debug] [ThreadPool]: SQL status: SELECT 4 in 0.064 seconds
[0m13:21:50.652302 [debug] [ThreadPool]: On list_postgres: Close
[0m13:21:50.653896 [debug] [ThreadPool]: Acquiring new postgres connection 'list_postgres_public'
[0m13:21:50.657906 [debug] [ThreadPool]: Using postgres connection "list_postgres_public"
[0m13:21:50.658246 [debug] [ThreadPool]: On list_postgres_public: /* {"app": "dbt", "dbt_version": "1.12.0b3", "profile_name": "insurance_profile", "target_name": "dev", "connection_name": "list_postgres_public"} */
select
      'postgres' as database,
      tablename as name,
      schemaname as schema,
      'table' as type
    from pg_tables
    where schemaname ilike 'public'
    union all
    select
      'postgres' as database,
      viewname as name,
      schemaname as schema,
      'view' as type
    from pg_views
    where schemaname ilike 'public'
    union all
    select
      'postgres' as database,
      matviewname as name,
      schemaname as schema,
      'materialized_view' as type
    from pg_matviews
    where schemaname ilike 'public'
  
[0m13:21:50.658554 [debug] [ThreadPool]: Opening a new connection, currently in state init
[0m13:21:50.853004 [debug] [ThreadPool]: SQL status: SELECT 15 in 0.194 seconds
[0m13:21:50.854077 [debug] [ThreadPool]: On list_postgres_public: ROLLBACK
[0m13:21:50.854732 [debug] [ThreadPool]: On list_postgres_public: Close
[0m13:21:50.859625 [debug] [MainThread]: Using postgres connection "master"
[0m13:21:50.859979 [debug] [MainThread]: On master: /* {"app": "dbt", "dbt_version": "1.12.0b3", "profile_name": "insurance_profile", "target_name": "dev", "connection_name": "master"} */
select distinct
        dependent_namespace.nspname as dependent_schema,
        dependent_class.relname as dependent_name,
        referenced_namespace.nspname as referenced_schema,
        referenced_class.relname as referenced_name

    -- Query for views: views are entries in pg_class with an entry in pg_rewrite, but we avoid
    -- a seq scan on pg_rewrite by leveraging the fact there is an "internal" row in pg_depend for
    -- the view...
    from pg_class as dependent_class
    join pg_namespace as dependent_namespace on dependent_namespace.oid = dependent_class.relnamespace
    join pg_depend as dependent_depend on dependent_depend.refobjid = dependent_class.oid
        and dependent_depend.classid = 'pg_rewrite'::regclass
        and dependent_depend.refclassid = 'pg_class'::regclass
        and dependent_depend.deptype = 'i'

    -- ... and via pg_depend (that has a row per column, hence the need for "distinct" above, and
    -- making sure to exclude the internal row to avoid a view appearing to depend on itself)...
    join pg_depend as joining_depend on joining_depend.objid = dependent_depend.objid
        and joining_depend.classid = 'pg_rewrite'::regclass
        and joining_depend.refclassid = 'pg_class'::regclass
        and joining_depend.refobjid != dependent_depend.refobjid

    -- ... we can find the tables they query from in pg_class, but excluding system tables. Note we
    -- don't need need to exclude _dependent_ system tables, because they only query from other
    -- system tables, and so are automatically excluded by excluding _referenced_ system tables
    join pg_class as referenced_class on referenced_class.oid = joining_depend.refobjid
    join pg_namespace as referenced_namespace on referenced_namespace.oid = referenced_class.relnamespace
        and referenced_namespace.nspname != 'information_schema'
        and referenced_namespace.nspname not like 'pg\_%'

    order by
        dependent_schema, dependent_name, referenced_schema, referenced_name;
[0m13:21:50.860250 [debug] [MainThread]: Opening a new connection, currently in state init
[0m13:21:50.930720 [debug] [MainThread]: SQL status: SELECT 9 in 0.070 seconds
[0m13:21:50.932549 [debug] [MainThread]: Sending event: {'category': 'dbt', 'action': 'runnable_timing', 'label': '25d8b9fa-0e23-4557-b47a-2bd53c42167b', 'context': [<snowplow_tracker.self_describing_json.SelfDescribingJson object at 0x0000028F05F46DD0>]}
[0m13:21:50.932866 [debug] [MainThread]: On master: ROLLBACK
[0m13:21:50.933277 [debug] [MainThread]: On master: COMMIT
[0m13:21:50.933550 [debug] [MainThread]: Using postgres connection "master"
[0m13:21:50.933750 [debug] [MainThread]: On master: COMMIT
[0m13:21:50.934107 [debug] [MainThread]: SQL status: COMMIT in 0.000 seconds
[0m13:21:50.934323 [debug] [MainThread]: On master: Close
[0m13:21:50.938166 [debug] [Thread-2 (]: Began running node model.insurance_demo.stg_claim_payments
[0m13:21:50.938593 [debug] [Thread-4 (]: Began running node model.insurance_demo.stg_customers
[0m13:21:50.939827 [info ] [Thread-4 (]: 4 of 19 START sql view model public.stg_customers .............................. [RUN]
[0m13:21:50.940257 [debug] [Thread-4 (]: Acquiring new postgres connection 'model.insurance_demo.stg_customers'
[0m13:21:50.940515 [debug] [Thread-4 (]: Began compiling node model.insurance_demo.stg_customers
[0m13:21:50.938858 [debug] [Thread-1 (]: Began running node model.insurance_demo.stg_agents
[0m13:21:50.939061 [debug] [Thread-3 (]: Began running node model.insurance_demo.stg_claims
[0m13:21:50.939378 [info ] [Thread-2 (]: 2 of 19 START sql view model public.stg_claim_payments ......................... [RUN]
[0m13:21:50.946293 [debug] [Thread-2 (]: Acquiring new postgres connection 'model.insurance_demo.stg_claim_payments'
[0m13:21:50.946647 [debug] [Thread-2 (]: Began compiling node model.insurance_demo.stg_claim_payments
[0m13:21:50.948447 [debug] [Thread-2 (]: Writing injected SQL for node "model.insurance_demo.stg_claim_payments"
[0m13:21:50.945555 [info ] [Thread-1 (]: 1 of 19 START sql view model public.stg_agents ................................. [RUN]
[0m13:21:50.945200 [debug] [Thread-4 (]: Writing injected SQL for node "model.insurance_demo.stg_customers"
[0m13:21:50.945905 [info ] [Thread-3 (]: 3 of 19 START sql view model public.stg_claims ................................. [RUN]
[0m13:21:50.949908 [debug] [Thread-3 (]: Acquiring new postgres connection 'model.insurance_demo.stg_claims'
[0m13:21:50.950511 [debug] [Thread-3 (]: Began compiling node model.insurance_demo.stg_claims
[0m13:21:50.953220 [debug] [Thread-3 (]: Writing injected SQL for node "model.insurance_demo.stg_claims"
[0m13:21:50.948984 [debug] [Thread-1 (]: Acquiring new postgres connection 'model.insurance_demo.stg_agents'
[0m13:21:50.951371 [debug] [Thread-2 (]: Began executing node model.insurance_demo.stg_claim_payments
[0m13:21:50.953666 [debug] [Thread-1 (]: Began compiling node model.insurance_demo.stg_agents
[0m13:21:50.978340 [debug] [Thread-1 (]: Writing injected SQL for node "model.insurance_demo.stg_agents"
[0m13:21:50.976767 [debug] [Thread-4 (]: Began executing node model.insurance_demo.stg_customers
[0m13:21:50.976454 [debug] [Thread-2 (]: Writing runtime sql for node "model.insurance_demo.stg_claim_payments"
[0m13:21:50.981500 [debug] [Thread-4 (]: Writing runtime sql for node "model.insurance_demo.stg_customers"
[0m13:21:50.979544 [debug] [Thread-3 (]: Began executing node model.insurance_demo.stg_claims
[0m13:21:50.984316 [debug] [Thread-3 (]: Writing runtime sql for node "model.insurance_demo.stg_claims"
[0m13:21:50.985002 [debug] [Thread-1 (]: Began executing node model.insurance_demo.stg_agents
[0m13:21:50.989144 [debug] [Thread-1 (]: Writing runtime sql for node "model.insurance_demo.stg_agents"
[0m13:21:50.990823 [debug] [Thread-4 (]: Using postgres connection "model.insurance_demo.stg_customers"
[0m13:21:50.992036 [debug] [Thread-4 (]: On model.insurance_demo.stg_customers: /* {"app": "dbt", "dbt_version": "1.12.0b3", "profile_name": "insurance_profile", "target_name": "dev", "node_id": "model.insurance_demo.stg_customers"} */

  create view "postgres"."public"."stg_customers__dbt_tmp"
    
    
  as (
    select
    customer_id,
    customer_name,
    city
from "postgres"."public"."customers"
  );
[0m13:21:50.992425 [debug] [Thread-4 (]: Opening a new connection, currently in state init
[0m13:21:50.991700 [debug] [Thread-3 (]: Using postgres connection "model.insurance_demo.stg_claims"
[0m13:21:50.993133 [debug] [Thread-3 (]: On model.insurance_demo.stg_claims: /* {"app": "dbt", "dbt_version": "1.12.0b3", "profile_name": "insurance_profile", "target_name": "dev", "node_id": "model.insurance_demo.stg_claims"} */

  create view "postgres"."public"."stg_claims__dbt_tmp"
    
    
  as (
    select
    claim_id,
    policy_id,
    claim_date,
    claim_amount
from "postgres"."public"."claims"
  );
[0m13:21:50.991313 [debug] [Thread-2 (]: Using postgres connection "model.insurance_demo.stg_claim_payments"
[0m13:21:50.993622 [debug] [Thread-2 (]: On model.insurance_demo.stg_claim_payments: /* {"app": "dbt", "dbt_version": "1.12.0b3", "profile_name": "insurance_profile", "target_name": "dev", "node_id": "model.insurance_demo.stg_claim_payments"} */

  create view "postgres"."public"."stg_claim_payments__dbt_tmp"
    
    
  as (
    select
    payment_id,
    claim_id,
    payment_date,
    payment_amount
from "postgres"."public"."claim_payments"
  );
[0m13:21:50.993900 [debug] [Thread-2 (]: Opening a new connection, currently in state init
[0m13:21:50.992883 [debug] [Thread-1 (]: Using postgres connection "model.insurance_demo.stg_agents"
[0m13:21:50.994280 [debug] [Thread-1 (]: On model.insurance_demo.stg_agents: /* {"app": "dbt", "dbt_version": "1.12.0b3", "profile_name": "insurance_profile", "target_name": "dev", "node_id": "model.insurance_demo.stg_agents"} */

  create view "postgres"."public"."stg_agents__dbt_tmp"
    
    
  as (
    select
    agent_id,
    agent_name
from "postgres"."public"."agents"
  );
[0m13:21:50.994542 [debug] [Thread-1 (]: Opening a new connection, currently in state init
[0m13:21:50.993382 [debug] [Thread-3 (]: Opening a new connection, currently in state init
[0m13:21:51.057414 [debug] [Thread-4 (]: SQL status: CREATE VIEW in 0.065 seconds
[0m13:21:51.063566 [debug] [Thread-4 (]: Using postgres connection "model.insurance_demo.stg_customers"
[0m13:21:51.064045 [debug] [Thread-4 (]: On model.insurance_demo.stg_customers: /* {"app": "dbt", "dbt_version": "1.12.0b3", "profile_name": "insurance_profile", "target_name": "dev", "node_id": "model.insurance_demo.stg_customers"} */
alter table "postgres"."public"."stg_customers" rename to "stg_customers__dbt_backup"
[0m13:21:51.064932 [debug] [Thread-4 (]: SQL status: ALTER TABLE in 0.000 seconds
[0m13:21:51.067014 [debug] [Thread-4 (]: Using postgres connection "model.insurance_demo.stg_customers"
[0m13:21:51.067438 [debug] [Thread-4 (]: On model.insurance_demo.stg_customers: /* {"app": "dbt", "dbt_version": "1.12.0b3", "profile_name": "insurance_profile", "target_name": "dev", "node_id": "model.insurance_demo.stg_customers"} */
alter table "postgres"."public"."stg_customers__dbt_tmp" rename to "stg_customers"
[0m13:21:51.068244 [debug] [Thread-4 (]: SQL status: ALTER TABLE in 0.000 seconds
[0m13:21:51.079121 [debug] [Thread-2 (]: SQL status: CREATE VIEW in 0.085 seconds
[0m13:21:51.081213 [debug] [Thread-2 (]: Using postgres connection "model.insurance_demo.stg_claim_payments"
[0m13:21:51.081517 [debug] [Thread-2 (]: On model.insurance_demo.stg_claim_payments: /* {"app": "dbt", "dbt_version": "1.12.0b3", "profile_name": "insurance_profile", "target_name": "dev", "node_id": "model.insurance_demo.stg_claim_payments"} */
alter table "postgres"."public"."stg_claim_payments" rename to "stg_claim_payments__dbt_backup"
[0m13:21:51.083936 [debug] [Thread-1 (]: SQL status: CREATE VIEW in 0.089 seconds
[0m13:21:51.085830 [debug] [Thread-1 (]: Using postgres connection "model.insurance_demo.stg_agents"
[0m13:21:51.083373 [debug] [Thread-4 (]: On model.insurance_demo.stg_customers: COMMIT
[0m13:21:51.086379 [debug] [Thread-4 (]: Using postgres connection "model.insurance_demo.stg_customers"
[0m13:21:51.083641 [debug] [Thread-3 (]: SQL status: CREATE VIEW in 0.090 seconds
[0m13:21:51.088516 [debug] [Thread-3 (]: Using postgres connection "model.insurance_demo.stg_claims"
[0m13:21:51.086795 [debug] [Thread-2 (]: SQL status: ALTER TABLE in 0.003 seconds
[0m13:21:51.086124 [debug] [Thread-1 (]: On model.insurance_demo.stg_agents: /* {"app": "dbt", "dbt_version": "1.12.0b3", "profile_name": "insurance_profile", "target_name": "dev", "node_id": "model.insurance_demo.stg_agents"} */
alter table "postgres"."public"."stg_agents" rename to "stg_agents__dbt_backup"
[0m13:21:51.088778 [debug] [Thread-3 (]: On model.insurance_demo.stg_claims: /* {"app": "dbt", "dbt_version": "1.12.0b3", "profile_name": "insurance_profile", "target_name": "dev", "node_id": "model.insurance_demo.stg_claims"} */
alter table "postgres"."public"."stg_claims" rename to "stg_claims__dbt_backup"
[0m13:21:51.086601 [debug] [Thread-4 (]: On model.insurance_demo.stg_customers: COMMIT
[0m13:21:51.090312 [debug] [Thread-2 (]: Using postgres connection "model.insurance_demo.stg_claim_payments"
[0m13:21:51.090936 [debug] [Thread-2 (]: On model.insurance_demo.stg_claim_payments: /* {"app": "dbt", "dbt_version": "1.12.0b3", "profile_name": "insurance_profile", "target_name": "dev", "node_id": "model.insurance_demo.stg_claim_payments"} */
alter table "postgres"."public"."stg_claim_payments__dbt_tmp" rename to "stg_claim_payments"
[0m13:21:51.091293 [debug] [Thread-3 (]: SQL status: ALTER TABLE in 0.000 seconds
[0m13:21:51.093484 [debug] [Thread-3 (]: Using postgres connection "model.insurance_demo.stg_claims"
[0m13:21:51.091816 [debug] [Thread-1 (]: SQL status: ALTER TABLE in 0.001 seconds
[0m13:21:51.091569 [debug] [Thread-2 (]: SQL status: ALTER TABLE in 0.000 seconds
[0m13:21:51.093775 [debug] [Thread-4 (]: SQL status: COMMIT in 0.003 seconds
[0m13:21:51.093998 [debug] [Thread-3 (]: On model.insurance_demo.stg_claims: /* {"app": "dbt", "dbt_version": "1.12.0b3", "profile_name": "insurance_profile", "target_name": "dev", "node_id": "model.insurance_demo.stg_claims"} */
alter table "postgres"."public"."stg_claims__dbt_tmp" rename to "stg_claims"
[0m13:21:51.095731 [debug] [Thread-1 (]: Using postgres connection "model.insurance_demo.stg_agents"
[0m13:21:51.096812 [debug] [Thread-2 (]: On model.insurance_demo.stg_claim_payments: COMMIT
[0m13:21:51.101891 [debug] [Thread-2 (]: Using postgres connection "model.insurance_demo.stg_claim_payments"
[0m13:21:51.102157 [debug] [Thread-2 (]: On model.insurance_demo.stg_claim_payments: COMMIT
[0m13:21:51.101631 [debug] [Thread-3 (]: SQL status: ALTER TABLE in 0.000 seconds
[0m13:21:51.100913 [debug] [Thread-4 (]: Applying DROP to: "postgres"."public"."stg_customers__dbt_backup"
[0m13:21:51.101338 [debug] [Thread-1 (]: On model.insurance_demo.stg_agents: /* {"app": "dbt", "dbt_version": "1.12.0b3", "profile_name": "insurance_profile", "target_name": "dev", "node_id": "model.insurance_demo.stg_agents"} */
alter table "postgres"."public"."stg_agents__dbt_tmp" rename to "stg_agents"
[0m13:21:51.103182 [debug] [Thread-3 (]: On model.insurance_demo.stg_claims: COMMIT
[0m13:21:51.106884 [debug] [Thread-3 (]: Using postgres connection "model.insurance_demo.stg_claims"
[0m13:21:51.107391 [debug] [Thread-3 (]: On model.insurance_demo.stg_claims: COMMIT
[0m13:21:51.107119 [debug] [Thread-1 (]: SQL status: ALTER TABLE in 0.000 seconds
[0m13:21:51.106222 [debug] [Thread-4 (]: Using postgres connection "model.insurance_demo.stg_customers"
[0m13:21:51.106493 [debug] [Thread-2 (]: SQL status: COMMIT in 0.004 seconds
[0m13:21:51.110519 [debug] [Thread-2 (]: Applying DROP to: "postgres"."public"."stg_claim_payments__dbt_backup"
[0m13:21:51.108727 [debug] [Thread-4 (]: On model.insurance_demo.stg_customers: /* {"app": "dbt", "dbt_version": "1.12.0b3", "profile_name": "insurance_profile", "target_name": "dev", "node_id": "model.insurance_demo.stg_customers"} */
drop view if exists "postgres"."public"."stg_customers__dbt_backup" cascade
[0m13:21:51.108958 [debug] [Thread-3 (]: SQL status: COMMIT in 0.001 seconds
[0m13:21:51.108421 [debug] [Thread-1 (]: On model.insurance_demo.stg_agents: COMMIT
[0m13:21:51.111135 [debug] [Thread-2 (]: Using postgres connection "model.insurance_demo.stg_claim_payments"
[0m13:21:51.114177 [debug] [Thread-2 (]: On model.insurance_demo.stg_claim_payments: /* {"app": "dbt", "dbt_version": "1.12.0b3", "profile_name": "insurance_profile", "target_name": "dev", "node_id": "model.insurance_demo.stg_claim_payments"} */
drop view if exists "postgres"."public"."stg_claim_payments__dbt_backup" cascade
[0m13:21:51.113510 [debug] [Thread-4 (]: SQL status: DROP VIEW in 0.002 seconds
[0m13:21:51.116021 [debug] [Thread-4 (]: On model.insurance_demo.stg_customers: Close
[0m13:21:51.113098 [debug] [Thread-3 (]: Applying DROP to: "postgres"."public"."stg_claims__dbt_backup"
[0m13:21:51.113824 [debug] [Thread-1 (]: Using postgres connection "model.insurance_demo.stg_agents"
[0m13:21:51.116364 [debug] [Thread-2 (]: SQL status: DROP VIEW in 0.002 seconds
[0m13:21:51.116929 [debug] [Thread-3 (]: Using postgres connection "model.insurance_demo.stg_claims"
[0m13:21:51.118060 [debug] [Thread-1 (]: On model.insurance_demo.stg_agents: COMMIT
[0m13:21:51.119072 [debug] [Thread-2 (]: On model.insurance_demo.stg_claim_payments: Close
[0m13:21:51.119405 [debug] [Thread-3 (]: On model.insurance_demo.stg_claims: /* {"app": "dbt", "dbt_version": "1.12.0b3", "profile_name": "insurance_profile", "target_name": "dev", "node_id": "model.insurance_demo.stg_claims"} */
drop view if exists "postgres"."public"."stg_claims__dbt_backup" cascade
[0m13:21:51.120277 [debug] [Thread-2 (]: Sending event: {'category': 'dbt', 'action': 'run_model', 'label': '25d8b9fa-0e23-4557-b47a-2bd53c42167b', 'context': [<snowplow_tracker.self_describing_json.SelfDescribingJson object at 0x0000028F05F6FB90>]}
[0m13:21:51.120790 [info ] [Thread-2 (]: 2 of 19 OK created sql view model public.stg_claim_payments .................... [[32mCREATE VIEW[0m in 0.17s]
[0m13:21:51.121285 [debug] [Thread-2 (]: Finished running node model.insurance_demo.stg_claim_payments
[0m13:21:51.119726 [debug] [Thread-4 (]: Sending event: {'category': 'dbt', 'action': 'run_model', 'label': '25d8b9fa-0e23-4557-b47a-2bd53c42167b', 'context': [<snowplow_tracker.self_describing_json.SelfDescribingJson object at 0x0000028F0647EF70>]}
[0m13:21:51.121643 [debug] [Thread-2 (]: Began running node model.insurance_demo.stg_policies
[0m13:21:51.122115 [debug] [Thread-1 (]: SQL status: COMMIT in 0.002 seconds
[0m13:21:51.122653 [debug] [Thread-3 (]: SQL status: DROP VIEW in 0.002 seconds
[0m13:21:51.123421 [info ] [Thread-4 (]: 4 of 19 OK created sql view model public.stg_customers ......................... [[32mCREATE VIEW[0m in 0.18s]
[0m13:21:51.124335 [info ] [Thread-2 (]: 5 of 19 START sql view model public.stg_policies ............................... [RUN]
[0m13:21:51.126495 [debug] [Thread-1 (]: Applying DROP to: "postgres"."public"."stg_agents__dbt_backup"
[0m13:21:51.128692 [debug] [Thread-1 (]: Using postgres connection "model.insurance_demo.stg_agents"
[0m13:21:51.128951 [debug] [Thread-1 (]: On model.insurance_demo.stg_agents: /* {"app": "dbt", "dbt_version": "1.12.0b3", "profile_name": "insurance_profile", "target_name": "dev", "node_id": "model.insurance_demo.stg_agents"} */
drop view if exists "postgres"."public"."stg_agents__dbt_backup" cascade
[0m13:21:51.128167 [debug] [Thread-2 (]: Re-using an available connection from the pool (formerly model.insurance_demo.stg_claim_payments, now model.insurance_demo.stg_policies)
[0m13:21:51.127411 [debug] [Thread-3 (]: On model.insurance_demo.stg_claims: Close
[0m13:21:51.127815 [debug] [Thread-4 (]: Finished running node model.insurance_demo.stg_customers
[0m13:21:51.130174 [debug] [Thread-4 (]: Began running node model.insurance_demo.stg_policy_types
[0m13:21:51.129312 [debug] [Thread-2 (]: Began compiling node model.insurance_demo.stg_policies
[0m13:21:51.133332 [debug] [Thread-2 (]: Writing injected SQL for node "model.insurance_demo.stg_policies"
[0m13:21:51.130877 [info ] [Thread-4 (]: 6 of 19 START sql view model public.stg_policy_types ........................... [RUN]
[0m13:21:51.129809 [debug] [Thread-3 (]: Sending event: {'category': 'dbt', 'action': 'run_model', 'label': '25d8b9fa-0e23-4557-b47a-2bd53c42167b', 'context': [<snowplow_tracker.self_describing_json.SelfDescribingJson object at 0x0000028F0658BB70>]}
[0m13:21:51.130533 [debug] [Thread-1 (]: SQL status: DROP VIEW in 0.001 seconds
[0m13:21:51.135300 [debug] [Thread-1 (]: On model.insurance_demo.stg_agents: Close
[0m13:21:51.133879 [debug] [Thread-4 (]: Re-using an available connection from the pool (formerly model.insurance_demo.stg_customers, now model.insurance_demo.stg_policy_types)
[0m13:21:51.135761 [debug] [Thread-4 (]: Began compiling node model.insurance_demo.stg_policy_types
[0m13:21:51.134383 [info ] [Thread-3 (]: 3 of 19 OK created sql view model public.stg_claims ............................ [[32mCREATE VIEW[0m in 0.18s]
[0m13:21:51.136143 [debug] [Thread-1 (]: Sending event: {'category': 'dbt', 'action': 'run_model', 'label': '25d8b9fa-0e23-4557-b47a-2bd53c42167b', 'context': [<snowplow_tracker.self_describing_json.SelfDescribingJson object at 0x0000028F0641EE90>]}
[0m13:21:51.137546 [debug] [Thread-2 (]: Began executing node model.insurance_demo.stg_policies
[0m13:21:51.138679 [debug] [Thread-4 (]: Writing injected SQL for node "model.insurance_demo.stg_policy_types"
[0m13:21:51.139274 [debug] [Thread-3 (]: Finished running node model.insurance_demo.stg_claims
[0m13:21:51.140174 [info ] [Thread-1 (]: 1 of 19 OK created sql view model public.stg_agents ............................ [[32mCREATE VIEW[0m in 0.19s]
[0m13:21:51.144024 [debug] [Thread-1 (]: Finished running node model.insurance_demo.stg_agents
[0m13:21:51.143022 [debug] [Thread-2 (]: Writing runtime sql for node "model.insurance_demo.stg_policies"
[0m13:21:51.144396 [debug] [Thread-3 (]: Began running node test.insurance_demo.not_null_stg_claims_claim_id.f8032ece86
[0m13:21:51.144741 [debug] [Thread-1 (]: Began running node test.insurance_demo.not_null_stg_claims_policy_id.7e20e3e912
[0m13:21:51.145168 [info ] [Thread-3 (]: 7 of 19 START test not_null_stg_claims_claim_id ................................ [RUN]
[0m13:21:51.146263 [debug] [Thread-3 (]: Re-using an available connection from the pool (formerly model.insurance_demo.stg_claims, now test.insurance_demo.not_null_stg_claims_claim_id.f8032ece86)
[0m13:21:51.146593 [debug] [Thread-3 (]: Began compiling node test.insurance_demo.not_null_stg_claims_claim_id.f8032ece86
[0m13:21:51.154396 [debug] [Thread-3 (]: Writing injected SQL for node "test.insurance_demo.not_null_stg_claims_claim_id.f8032ece86"
[0m13:21:51.145960 [debug] [Thread-4 (]: Began executing node model.insurance_demo.stg_policy_types
[0m13:21:51.145547 [info ] [Thread-1 (]: 8 of 19 START test not_null_stg_claims_policy_id ............................... [RUN]
[0m13:21:51.157677 [debug] [Thread-1 (]: Re-using an available connection from the pool (formerly model.insurance_demo.stg_agents, now test.insurance_demo.not_null_stg_claims_policy_id.7e20e3e912)
[0m13:21:51.158253 [debug] [Thread-1 (]: Began compiling node test.insurance_demo.not_null_stg_claims_policy_id.7e20e3e912
[0m13:21:51.156691 [debug] [Thread-4 (]: Writing runtime sql for node "model.insurance_demo.stg_policy_types"
[0m13:21:51.157078 [debug] [Thread-2 (]: Using postgres connection "model.insurance_demo.stg_policies"
[0m13:21:51.158583 [debug] [Thread-3 (]: Began executing node test.insurance_demo.not_null_stg_claims_claim_id.f8032ece86
[0m13:21:51.161758 [debug] [Thread-1 (]: Writing injected SQL for node "test.insurance_demo.not_null_stg_claims_policy_id.7e20e3e912"
[0m13:21:51.162259 [debug] [Thread-2 (]: On model.insurance_demo.stg_policies: /* {"app": "dbt", "dbt_version": "1.12.0b3", "profile_name": "insurance_profile", "target_name": "dev", "node_id": "model.insurance_demo.stg_policies"} */

  create view "postgres"."public"."stg_policies__dbt_tmp"
    
    
  as (
    select
    policy_id,
    customer_id,
    agent_id,
    policy_type_id,
    premium,
    start_date
from "postgres"."public"."policies"
  );
[0m13:21:51.176195 [debug] [Thread-2 (]: Opening a new connection, currently in state closed
[0m13:21:51.175786 [debug] [Thread-4 (]: Using postgres connection "model.insurance_demo.stg_policy_types"
[0m13:21:51.175181 [debug] [Thread-3 (]: Writing runtime sql for node "test.insurance_demo.not_null_stg_claims_claim_id.f8032ece86"
[0m13:21:51.176720 [debug] [Thread-4 (]: On model.insurance_demo.stg_policy_types: /* {"app": "dbt", "dbt_version": "1.12.0b3", "profile_name": "insurance_profile", "target_name": "dev", "node_id": "model.insurance_demo.stg_policy_types"} */

  create view "postgres"."public"."stg_policy_types__dbt_tmp"
    
    
  as (
    select
    policy_type_id,
    policy_type_name
from "postgres"."public"."policy_types"
  );
[0m13:21:51.177267 [debug] [Thread-4 (]: Opening a new connection, currently in state closed
[0m13:21:51.177775 [debug] [Thread-1 (]: Began executing node test.insurance_demo.not_null_stg_claims_policy_id.7e20e3e912
[0m13:21:51.179472 [debug] [Thread-1 (]: Writing runtime sql for node "test.insurance_demo.not_null_stg_claims_policy_id.7e20e3e912"
[0m13:21:51.180218 [debug] [Thread-3 (]: Using postgres connection "test.insurance_demo.not_null_stg_claims_claim_id.f8032ece86"
[0m13:21:51.180534 [debug] [Thread-3 (]: On test.insurance_demo.not_null_stg_claims_claim_id.f8032ece86: /* {"app": "dbt", "dbt_version": "1.12.0b3", "profile_name": "insurance_profile", "target_name": "dev", "node_id": "test.insurance_demo.not_null_stg_claims_claim_id.f8032ece86"} */

    
    select
      count(*) as failures,
      count(*) != 0 as should_warn,
      count(*) != 0 as should_error
    from (
      
    
  
    
    



select claim_id
from "postgres"."public"."stg_claims"
where claim_id is null



  
  
      
    ) dbt_internal_test
[0m13:21:51.181370 [debug] [Thread-3 (]: Opening a new connection, currently in state closed
[0m13:21:51.180929 [debug] [Thread-1 (]: Using postgres connection "test.insurance_demo.not_null_stg_claims_policy_id.7e20e3e912"
[0m13:21:51.181962 [debug] [Thread-1 (]: On test.insurance_demo.not_null_stg_claims_policy_id.7e20e3e912: /* {"app": "dbt", "dbt_version": "1.12.0b3", "profile_name": "insurance_profile", "target_name": "dev", "node_id": "test.insurance_demo.not_null_stg_claims_policy_id.7e20e3e912"} */

    
    select
      count(*) as failures,
      count(*) != 0 as should_warn,
      count(*) != 0 as should_error
    from (
      
    
  
    
    



select policy_id
from "postgres"."public"."stg_claims"
where policy_id is null



  
  
      
    ) dbt_internal_test
[0m13:21:51.182489 [debug] [Thread-1 (]: Opening a new connection, currently in state closed
[0m13:21:51.247612 [debug] [Thread-2 (]: SQL status: CREATE VIEW in 0.071 seconds
[0m13:21:51.249997 [debug] [Thread-2 (]: Using postgres connection "model.insurance_demo.stg_policies"
[0m13:21:51.250454 [debug] [Thread-2 (]: On model.insurance_demo.stg_policies: /* {"app": "dbt", "dbt_version": "1.12.0b3", "profile_name": "insurance_profile", "target_name": "dev", "node_id": "model.insurance_demo.stg_policies"} */
alter table "postgres"."public"."stg_policies" rename to "stg_policies__dbt_backup"
[0m13:21:51.251100 [debug] [Thread-2 (]: SQL status: ALTER TABLE in 0.000 seconds
[0m13:21:51.252897 [debug] [Thread-2 (]: Using postgres connection "model.insurance_demo.stg_policies"
[0m13:21:51.253176 [debug] [Thread-2 (]: On model.insurance_demo.stg_policies: /* {"app": "dbt", "dbt_version": "1.12.0b3", "profile_name": "insurance_profile", "target_name": "dev", "node_id": "model.insurance_demo.stg_policies"} */
alter table "postgres"."public"."stg_policies__dbt_tmp" rename to "stg_policies"
[0m13:21:51.253432 [debug] [Thread-4 (]: SQL status: CREATE VIEW in 0.076 seconds
[0m13:21:51.255494 [debug] [Thread-4 (]: Using postgres connection "model.insurance_demo.stg_policy_types"
[0m13:21:51.256118 [debug] [Thread-4 (]: On model.insurance_demo.stg_policy_types: /* {"app": "dbt", "dbt_version": "1.12.0b3", "profile_name": "insurance_profile", "target_name": "dev", "node_id": "model.insurance_demo.stg_policy_types"} */
alter table "postgres"."public"."stg_policy_types" rename to "stg_policy_types__dbt_backup"
[0m13:21:51.255825 [debug] [Thread-2 (]: SQL status: ALTER TABLE in 0.002 seconds
[0m13:21:51.257159 [debug] [Thread-2 (]: On model.insurance_demo.stg_policies: COMMIT
[0m13:21:51.257458 [debug] [Thread-2 (]: Using postgres connection "model.insurance_demo.stg_policies"
[0m13:21:51.257967 [debug] [Thread-2 (]: On model.insurance_demo.stg_policies: COMMIT
[0m13:21:51.257710 [debug] [Thread-4 (]: SQL status: ALTER TABLE in 0.001 seconds
[0m13:21:51.259740 [debug] [Thread-4 (]: Using postgres connection "model.insurance_demo.stg_policy_types"
[0m13:21:51.260241 [debug] [Thread-4 (]: On model.insurance_demo.stg_policy_types: /* {"app": "dbt", "dbt_version": "1.12.0b3", "profile_name": "insurance_profile", "target_name": "dev", "node_id": "model.insurance_demo.stg_policy_types"} */
alter table "postgres"."public"."stg_policy_types__dbt_tmp" rename to "stg_policy_types"
[0m13:21:51.260001 [debug] [Thread-2 (]: SQL status: COMMIT in 0.002 seconds
[0m13:21:51.261685 [debug] [Thread-2 (]: Applying DROP to: "postgres"."public"."stg_policies__dbt_backup"
[0m13:21:51.262458 [debug] [Thread-2 (]: Using postgres connection "model.insurance_demo.stg_policies"
[0m13:21:51.262797 [debug] [Thread-2 (]: On model.insurance_demo.stg_policies: /* {"app": "dbt", "dbt_version": "1.12.0b3", "profile_name": "insurance_profile", "target_name": "dev", "node_id": "model.insurance_demo.stg_policies"} */
drop view if exists "postgres"."public"."stg_policies__dbt_backup" cascade
[0m13:21:51.261998 [debug] [Thread-4 (]: SQL status: ALTER TABLE in 0.001 seconds
[0m13:21:51.263824 [debug] [Thread-4 (]: On model.insurance_demo.stg_policy_types: COMMIT
[0m13:21:51.264872 [debug] [Thread-4 (]: Using postgres connection "model.insurance_demo.stg_policy_types"
[0m13:21:51.265105 [debug] [Thread-4 (]: On model.insurance_demo.stg_policy_types: COMMIT
[0m13:21:51.264640 [debug] [Thread-3 (]: SQL status: SELECT 1 in 0.083 seconds
[0m13:21:51.264130 [debug] [Thread-2 (]: SQL status: DROP VIEW in 0.001 seconds
[0m13:21:51.264403 [debug] [Thread-1 (]: SQL status: SELECT 1 in 0.082 seconds
[0m13:21:51.267470 [debug] [Thread-3 (]: On test.insurance_demo.not_null_stg_claims_claim_id.f8032ece86: ROLLBACK
[0m13:21:51.268462 [debug] [Thread-2 (]: On model.insurance_demo.stg_policies: Close
[0m13:21:51.268756 [debug] [Thread-4 (]: SQL status: COMMIT in 0.003 seconds
[0m13:21:51.271472 [debug] [Thread-4 (]: Applying DROP to: "postgres"."public"."stg_policy_types__dbt_backup"
[0m13:21:51.269672 [debug] [Thread-1 (]: On test.insurance_demo.not_null_stg_claims_policy_id.7e20e3e912: ROLLBACK
[0m13:21:51.271876 [debug] [Thread-3 (]: On test.insurance_demo.not_null_stg_claims_claim_id.f8032ece86: Close
[0m13:21:51.272297 [debug] [Thread-2 (]: Sending event: {'category': 'dbt', 'action': 'run_model', 'label': '25d8b9fa-0e23-4557-b47a-2bd53c42167b', 'context': [<snowplow_tracker.self_describing_json.SelfDescribingJson object at 0x0000028F066CFB50>]}
[0m13:21:51.274080 [debug] [Thread-1 (]: On test.insurance_demo.not_null_stg_claims_policy_id.7e20e3e912: Close
[0m13:21:51.272788 [debug] [Thread-4 (]: Using postgres connection "model.insurance_demo.stg_policy_types"
[0m13:21:51.274444 [debug] [Thread-4 (]: On model.insurance_demo.stg_policy_types: /* {"app": "dbt", "dbt_version": "1.12.0b3", "profile_name": "insurance_profile", "target_name": "dev", "node_id": "model.insurance_demo.stg_policy_types"} */
drop view if exists "postgres"."public"."stg_policy_types__dbt_backup" cascade
[0m13:21:51.273384 [info ] [Thread-3 (]: 7 of 19 PASS not_null_stg_claims_claim_id ...................................... [[32mPASS[0m in 0.13s]
[0m13:21:51.275918 [debug] [Thread-3 (]: Finished running node test.insurance_demo.not_null_stg_claims_claim_id.f8032ece86
[0m13:21:51.276863 [debug] [Thread-3 (]: Began running node test.insurance_demo.unique_stg_claims_claim_id.0e20e780e5
[0m13:21:51.273835 [info ] [Thread-2 (]: 5 of 19 OK created sql view model public.stg_policies .......................... [[32mCREATE VIEW[0m in 0.14s]
[0m13:21:51.278357 [debug] [Thread-2 (]: Finished running node model.insurance_demo.stg_policies
[0m13:21:51.274934 [info ] [Thread-1 (]: 8 of 19 PASS not_null_stg_claims_policy_id ..................................... [[32mPASS[0m in 0.12s]
[0m13:21:51.277370 [debug] [Thread-4 (]: SQL status: DROP VIEW in 0.002 seconds
[0m13:21:51.280330 [debug] [Thread-4 (]: On model.insurance_demo.stg_policy_types: Close
[0m13:21:51.279107 [debug] [Thread-1 (]: Finished running node test.insurance_demo.not_null_stg_claims_policy_id.7e20e3e912
[0m13:21:51.279361 [debug] [Thread-2 (]: Began running node test.insurance_demo.not_null_stg_policies_customer_id.6c3638fada
[0m13:21:51.277807 [info ] [Thread-3 (]: 9 of 19 START test unique_stg_claims_claim_id .................................. [RUN]
[0m13:21:51.281887 [debug] [Thread-3 (]: Re-using an available connection from the pool (formerly test.insurance_demo.not_null_stg_claims_claim_id.f8032ece86, now test.insurance_demo.unique_stg_claims_claim_id.0e20e780e5)
[0m13:21:51.282289 [debug] [Thread-3 (]: Began compiling node test.insurance_demo.unique_stg_claims_claim_id.0e20e780e5
[0m13:21:51.281531 [info ] [Thread-2 (]: 10 of 19 START test not_null_stg_policies_customer_id .......................... [RUN]
[0m13:21:51.280797 [debug] [Thread-1 (]: Began running node test.insurance_demo.not_null_stg_policies_policy_id.83c6a6a32c
[0m13:21:51.281161 [debug] [Thread-4 (]: Sending event: {'category': 'dbt', 'action': 'run_model', 'label': '25d8b9fa-0e23-4557-b47a-2bd53c42167b', 'context': [<snowplow_tracker.self_describing_json.SelfDescribingJson object at 0x0000028F065C3E00>]}
[0m13:21:51.288361 [debug] [Thread-3 (]: Writing injected SQL for node "test.insurance_demo.unique_stg_claims_claim_id.0e20e780e5"
[0m13:21:51.288801 [debug] [Thread-2 (]: Re-using an available connection from the pool (formerly model.insurance_demo.stg_policies, now test.insurance_demo.not_null_stg_policies_customer_id.6c3638fada)
[0m13:21:51.290496 [debug] [Thread-2 (]: Began compiling node test.insurance_demo.not_null_stg_policies_customer_id.6c3638fada
[0m13:21:51.293359 [debug] [Thread-2 (]: Writing injected SQL for node "test.insurance_demo.not_null_stg_policies_customer_id.6c3638fada"
[0m13:21:51.289264 [info ] [Thread-1 (]: 11 of 19 START test not_null_stg_policies_policy_id ............................ [RUN]
[0m13:21:51.289896 [info ] [Thread-4 (]: 6 of 19 OK created sql view model public.stg_policy_types ...................... [[32mCREATE VIEW[0m in 0.15s]
[0m13:21:51.294584 [debug] [Thread-4 (]: Finished running node model.insurance_demo.stg_policy_types
[0m13:21:51.295223 [debug] [Thread-4 (]: Began running node test.insurance_demo.relationships_stg_claims_policy_id__policy_id__ref_stg_policies_.f863c76852
[0m13:21:51.293981 [debug] [Thread-1 (]: Re-using an available connection from the pool (formerly test.insurance_demo.not_null_stg_claims_policy_id.7e20e3e912, now test.insurance_demo.not_null_stg_policies_policy_id.83c6a6a32c)
[0m13:21:51.295910 [debug] [Thread-1 (]: Began compiling node test.insurance_demo.not_null_stg_policies_policy_id.83c6a6a32c
[0m13:21:51.294891 [debug] [Thread-3 (]: Began executing node test.insurance_demo.unique_stg_claims_claim_id.0e20e780e5
[0m13:21:51.295592 [info ] [Thread-4 (]: 12 of 19 START test relationships_stg_claims_policy_id__policy_id__ref_stg_policies_  [RUN]
[0m13:21:51.296182 [debug] [Thread-2 (]: Began executing node test.insurance_demo.not_null_stg_policies_customer_id.6c3638fada
[0m13:21:51.298905 [debug] [Thread-1 (]: Writing injected SQL for node "test.insurance_demo.not_null_stg_policies_policy_id.83c6a6a32c"
[0m13:21:51.300410 [debug] [Thread-3 (]: Writing runtime sql for node "test.insurance_demo.unique_stg_claims_claim_id.0e20e780e5"
[0m13:21:51.300804 [debug] [Thread-4 (]: Re-using an available connection from the pool (formerly model.insurance_demo.stg_policy_types, now test.insurance_demo.relationships_stg_claims_policy_id__policy_id__ref_stg_policies_.f863c76852)
[0m13:21:51.302637 [debug] [Thread-4 (]: Began compiling node test.insurance_demo.relationships_stg_claims_policy_id__policy_id__ref_stg_policies_.f863c76852
[0m13:21:51.308544 [debug] [Thread-4 (]: Writing injected SQL for node "test.insurance_demo.relationships_stg_claims_policy_id__policy_id__ref_stg_policies_.f863c76852"
[0m13:21:51.309577 [debug] [Thread-1 (]: Began executing node test.insurance_demo.not_null_stg_policies_policy_id.83c6a6a32c
[0m13:21:51.302140 [debug] [Thread-2 (]: Writing runtime sql for node "test.insurance_demo.not_null_stg_policies_customer_id.6c3638fada"
[0m13:21:51.311840 [debug] [Thread-1 (]: Writing runtime sql for node "test.insurance_demo.not_null_stg_policies_policy_id.83c6a6a32c"
[0m13:21:51.309047 [debug] [Thread-3 (]: Using postgres connection "test.insurance_demo.unique_stg_claims_claim_id.0e20e780e5"
[0m13:21:51.312578 [debug] [Thread-3 (]: On test.insurance_demo.unique_stg_claims_claim_id.0e20e780e5: /* {"app": "dbt", "dbt_version": "1.12.0b3", "profile_name": "insurance_profile", "target_name": "dev", "node_id": "test.insurance_demo.unique_stg_claims_claim_id.0e20e780e5"} */

    
    select
      count(*) as failures,
      count(*) != 0 as should_warn,
      count(*) != 0 as should_error
    from (
      
    
  
    
    

select
    claim_id as unique_field,
    count(*) as n_records

from "postgres"."public"."stg_claims"
where claim_id is not null
group by claim_id
having count(*) > 1



  
  
      
    ) dbt_internal_test
[0m13:21:51.313177 [debug] [Thread-3 (]: Opening a new connection, currently in state closed
[0m13:21:51.312897 [debug] [Thread-4 (]: Began executing node test.insurance_demo.relationships_stg_claims_policy_id__policy_id__ref_stg_policies_.f863c76852
[0m13:21:51.314827 [debug] [Thread-4 (]: Writing runtime sql for node "test.insurance_demo.relationships_stg_claims_policy_id__policy_id__ref_stg_policies_.f863c76852"
[0m13:21:51.315188 [debug] [Thread-2 (]: Using postgres connection "test.insurance_demo.not_null_stg_policies_customer_id.6c3638fada"
[0m13:21:51.315859 [debug] [Thread-2 (]: On test.insurance_demo.not_null_stg_policies_customer_id.6c3638fada: /* {"app": "dbt", "dbt_version": "1.12.0b3", "profile_name": "insurance_profile", "target_name": "dev", "node_id": "test.insurance_demo.not_null_stg_policies_customer_id.6c3638fada"} */

    
    select
      count(*) as failures,
      count(*) != 0 as should_warn,
      count(*) != 0 as should_error
    from (
      
    
  
    
    



select customer_id
from "postgres"."public"."stg_policies"
where customer_id is null



  
  
      
    ) dbt_internal_test
[0m13:21:51.316121 [debug] [Thread-2 (]: Opening a new connection, currently in state closed
[0m13:21:51.315609 [debug] [Thread-1 (]: Using postgres connection "test.insurance_demo.not_null_stg_policies_policy_id.83c6a6a32c"
[0m13:21:51.316517 [debug] [Thread-1 (]: On test.insurance_demo.not_null_stg_policies_policy_id.83c6a6a32c: /* {"app": "dbt", "dbt_version": "1.12.0b3", "profile_name": "insurance_profile", "target_name": "dev", "node_id": "test.insurance_demo.not_null_stg_policies_policy_id.83c6a6a32c"} */

    
    select
      count(*) as failures,
      count(*) != 0 as should_warn,
      count(*) != 0 as should_error
    from (
      
    
  
    
    



select policy_id
from "postgres"."public"."stg_policies"
where policy_id is null



  
  
      
    ) dbt_internal_test
[0m13:21:51.316788 [debug] [Thread-1 (]: Opening a new connection, currently in state closed
[0m13:21:51.317210 [debug] [Thread-4 (]: Using postgres connection "test.insurance_demo.relationships_stg_claims_policy_id__policy_id__ref_stg_policies_.f863c76852"
[0m13:21:51.317495 [debug] [Thread-4 (]: On test.insurance_demo.relationships_stg_claims_policy_id__policy_id__ref_stg_policies_.f863c76852: /* {"app": "dbt", "dbt_version": "1.12.0b3", "profile_name": "insurance_profile", "target_name": "dev", "node_id": "test.insurance_demo.relationships_stg_claims_policy_id__policy_id__ref_stg_policies_.f863c76852"} */

    
    select
      count(*) as failures,
      count(*) != 0 as should_warn,
      count(*) != 0 as should_error
    from (
      
    
  
    
    

with child as (
    select policy_id as from_field
    from "postgres"."public"."stg_claims"
    where policy_id is not null
),

parent as (
    select policy_id as to_field
    from "postgres"."public"."stg_policies"
)

select
    from_field

from child
left join parent
    on child.from_field = parent.to_field

where parent.to_field is null



  
  
      
    ) dbt_internal_test
[0m13:21:51.317752 [debug] [Thread-4 (]: Opening a new connection, currently in state closed
[0m13:21:51.434525 [debug] [Thread-3 (]: SQL status: SELECT 1 in 0.121 seconds
[0m13:21:51.435636 [debug] [Thread-3 (]: On test.insurance_demo.unique_stg_claims_claim_id.0e20e780e5: ROLLBACK
[0m13:21:51.436315 [debug] [Thread-3 (]: On test.insurance_demo.unique_stg_claims_claim_id.0e20e780e5: Close
[0m13:21:51.436913 [info ] [Thread-3 (]: 9 of 19 PASS unique_stg_claims_claim_id ........................................ [[32mPASS[0m in 0.15s]
[0m13:21:51.437422 [debug] [Thread-3 (]: Finished running node test.insurance_demo.unique_stg_claims_claim_id.0e20e780e5
[0m13:21:51.437809 [debug] [Thread-3 (]: Began running node test.insurance_demo.relationships_stg_policies_customer_id__customer_id__ref_stg_customers_.b5a40ed1d6
[0m13:21:51.438321 [info ] [Thread-3 (]: 13 of 19 START test relationships_stg_policies_customer_id__customer_id__ref_stg_customers_  [RUN]
[0m13:21:51.439281 [debug] [Thread-3 (]: Re-using an available connection from the pool (formerly test.insurance_demo.unique_stg_claims_claim_id.0e20e780e5, now test.insurance_demo.relationships_stg_policies_customer_id__customer_id__ref_stg_customers_.b5a40ed1d6)
[0m13:21:51.439944 [debug] [Thread-3 (]: Began compiling node test.insurance_demo.relationships_stg_policies_customer_id__customer_id__ref_stg_customers_.b5a40ed1d6
[0m13:21:51.444613 [debug] [Thread-3 (]: Writing injected SQL for node "test.insurance_demo.relationships_stg_policies_customer_id__customer_id__ref_stg_customers_.b5a40ed1d6"
[0m13:21:51.445984 [debug] [Thread-3 (]: Began executing node test.insurance_demo.relationships_stg_policies_customer_id__customer_id__ref_stg_customers_.b5a40ed1d6
[0m13:21:51.447504 [debug] [Thread-3 (]: Writing runtime sql for node "test.insurance_demo.relationships_stg_policies_customer_id__customer_id__ref_stg_customers_.b5a40ed1d6"
[0m13:21:51.448886 [debug] [Thread-3 (]: Using postgres connection "test.insurance_demo.relationships_stg_policies_customer_id__customer_id__ref_stg_customers_.b5a40ed1d6"
[0m13:21:51.449574 [debug] [Thread-3 (]: On test.insurance_demo.relationships_stg_policies_customer_id__customer_id__ref_stg_customers_.b5a40ed1d6: /* {"app": "dbt", "dbt_version": "1.12.0b3", "profile_name": "insurance_profile", "target_name": "dev", "node_id": "test.insurance_demo.relationships_stg_policies_customer_id__customer_id__ref_stg_customers_.b5a40ed1d6"} */

    
    select
      count(*) as failures,
      count(*) != 0 as should_warn,
      count(*) != 0 as should_error
    from (
      
    
  
    
    

with child as (
    select customer_id as from_field
    from "postgres"."public"."stg_policies"
    where customer_id is not null
),

parent as (
    select customer_id as to_field
    from "postgres"."public"."stg_customers"
)

select
    from_field

from child
left join parent
    on child.from_field = parent.to_field

where parent.to_field is null



  
  
      
    ) dbt_internal_test
[0m13:21:51.449882 [debug] [Thread-3 (]: Opening a new connection, currently in state closed
[0m13:21:51.449230 [debug] [Thread-2 (]: SQL status: SELECT 1 in 0.133 seconds
[0m13:21:51.450912 [debug] [Thread-2 (]: On test.insurance_demo.not_null_stg_policies_customer_id.6c3638fada: ROLLBACK
[0m13:21:51.451351 [debug] [Thread-2 (]: On test.insurance_demo.not_null_stg_policies_customer_id.6c3638fada: Close
[0m13:21:51.451935 [info ] [Thread-2 (]: 10 of 19 PASS not_null_stg_policies_customer_id ................................ [[32mPASS[0m in 0.16s]
[0m13:21:51.452505 [debug] [Thread-2 (]: Finished running node test.insurance_demo.not_null_stg_policies_customer_id.6c3638fada
[0m13:21:51.452860 [debug] [Thread-2 (]: Began running node test.insurance_demo.unique_stg_policies_policy_id.cb33dd12e6
[0m13:21:51.453332 [info ] [Thread-2 (]: 14 of 19 START test unique_stg_policies_policy_id .............................. [RUN]
[0m13:21:51.453830 [debug] [Thread-2 (]: Re-using an available connection from the pool (formerly test.insurance_demo.not_null_stg_policies_customer_id.6c3638fada, now test.insurance_demo.unique_stg_policies_policy_id.cb33dd12e6)
[0m13:21:51.454126 [debug] [Thread-2 (]: Began compiling node test.insurance_demo.unique_stg_policies_policy_id.cb33dd12e6
[0m13:21:51.457388 [debug] [Thread-2 (]: Writing injected SQL for node "test.insurance_demo.unique_stg_policies_policy_id.cb33dd12e6"
[0m13:21:51.458769 [debug] [Thread-2 (]: Began executing node test.insurance_demo.unique_stg_policies_policy_id.cb33dd12e6
[0m13:21:51.460754 [debug] [Thread-2 (]: Writing runtime sql for node "test.insurance_demo.unique_stg_policies_policy_id.cb33dd12e6"
[0m13:21:51.459153 [debug] [Thread-1 (]: SQL status: SELECT 1 in 0.142 seconds
[0m13:21:51.461872 [debug] [Thread-1 (]: On test.insurance_demo.not_null_stg_policies_policy_id.83c6a6a32c: ROLLBACK
[0m13:21:51.462353 [debug] [Thread-1 (]: On test.insurance_demo.not_null_stg_policies_policy_id.83c6a6a32c: Close
[0m13:21:51.463134 [debug] [Thread-2 (]: Using postgres connection "test.insurance_demo.unique_stg_policies_policy_id.cb33dd12e6"
[0m13:21:51.463550 [debug] [Thread-2 (]: On test.insurance_demo.unique_stg_policies_policy_id.cb33dd12e6: /* {"app": "dbt", "dbt_version": "1.12.0b3", "profile_name": "insurance_profile", "target_name": "dev", "node_id": "test.insurance_demo.unique_stg_policies_policy_id.cb33dd12e6"} */

    
    select
      count(*) as failures,
      count(*) != 0 as should_warn,
      count(*) != 0 as should_error
    from (
      
    
  
    
    

select
    policy_id as unique_field,
    count(*) as n_records

from "postgres"."public"."stg_policies"
where policy_id is not null
group by policy_id
having count(*) > 1



  
  
      
    ) dbt_internal_test
[0m13:21:51.463896 [debug] [Thread-2 (]: Opening a new connection, currently in state closed
[0m13:21:51.462843 [info ] [Thread-1 (]: 11 of 19 PASS not_null_stg_policies_policy_id .................................. [[32mPASS[0m in 0.17s]
[0m13:21:51.465077 [debug] [Thread-1 (]: Finished running node test.insurance_demo.not_null_stg_policies_policy_id.83c6a6a32c
[0m13:21:51.465864 [debug] [Thread-1 (]: Began running node model.insurance_demo.int_claims_per_policy
[0m13:21:51.466636 [info ] [Thread-1 (]: 15 of 19 START sql view model public.int_claims_per_policy ..................... [RUN]
[0m13:21:51.467202 [debug] [Thread-1 (]: Re-using an available connection from the pool (formerly test.insurance_demo.not_null_stg_policies_policy_id.83c6a6a32c, now model.insurance_demo.int_claims_per_policy)
[0m13:21:51.467683 [debug] [Thread-1 (]: Began compiling node model.insurance_demo.int_claims_per_policy
[0m13:21:51.470232 [debug] [Thread-1 (]: Writing injected SQL for node "model.insurance_demo.int_claims_per_policy"
[0m13:21:51.471669 [debug] [Thread-1 (]: Began executing node model.insurance_demo.int_claims_per_policy
[0m13:21:51.474164 [debug] [Thread-1 (]: Writing runtime sql for node "model.insurance_demo.int_claims_per_policy"
[0m13:21:51.476029 [debug] [Thread-1 (]: Using postgres connection "model.insurance_demo.int_claims_per_policy"
[0m13:21:51.476769 [debug] [Thread-1 (]: On model.insurance_demo.int_claims_per_policy: /* {"app": "dbt", "dbt_version": "1.12.0b3", "profile_name": "insurance_profile", "target_name": "dev", "node_id": "model.insurance_demo.int_claims_per_policy"} */

  create view "postgres"."public"."int_claims_per_policy__dbt_tmp"
    
    
  as (
    with claims as (
    select * from "postgres"."public"."stg_claims"
)

select 
    policy_id,
    count(*) as claim_count,
    sum(claim_amount) as total_claim_amount
from claims
where claim_date >= current_date - interval '12 months'
group by policy_id
  );
[0m13:21:51.477420 [debug] [Thread-1 (]: Opening a new connection, currently in state closed
[0m13:21:51.524302 [debug] [Thread-3 (]: SQL status: SELECT 1 in 0.074 seconds
[0m13:21:51.525373 [debug] [Thread-3 (]: On test.insurance_demo.relationships_stg_policies_customer_id__customer_id__ref_stg_customers_.b5a40ed1d6: ROLLBACK
[0m13:21:51.525855 [debug] [Thread-3 (]: On test.insurance_demo.relationships_stg_policies_customer_id__customer_id__ref_stg_customers_.b5a40ed1d6: Close
[0m13:21:51.526390 [info ] [Thread-3 (]: 13 of 19 PASS relationships_stg_policies_customer_id__customer_id__ref_stg_customers_  [[32mPASS[0m in 0.09s]
[0m13:21:51.526900 [debug] [Thread-3 (]: Finished running node test.insurance_demo.relationships_stg_policies_customer_id__customer_id__ref_stg_customers_.b5a40ed1d6
[0m13:21:51.527205 [debug] [Thread-3 (]: Began running node model.insurance_demo.int_payments_per_policy
[0m13:21:51.527745 [info ] [Thread-3 (]: 16 of 19 START sql view model public.int_payments_per_policy ................... [RUN]
[0m13:21:51.528180 [debug] [Thread-3 (]: Re-using an available connection from the pool (formerly test.insurance_demo.relationships_stg_policies_customer_id__customer_id__ref_stg_customers_.b5a40ed1d6, now model.insurance_demo.int_payments_per_policy)
[0m13:21:51.528510 [debug] [Thread-3 (]: Began compiling node model.insurance_demo.int_payments_per_policy
[0m13:21:51.530771 [debug] [Thread-3 (]: Writing injected SQL for node "model.insurance_demo.int_payments_per_policy"
[0m13:21:51.532243 [debug] [Thread-3 (]: Began executing node model.insurance_demo.int_payments_per_policy
[0m13:21:51.534547 [debug] [Thread-3 (]: Writing runtime sql for node "model.insurance_demo.int_payments_per_policy"
[0m13:21:51.536013 [debug] [Thread-3 (]: Using postgres connection "model.insurance_demo.int_payments_per_policy"
[0m13:21:51.536375 [debug] [Thread-3 (]: On model.insurance_demo.int_payments_per_policy: /* {"app": "dbt", "dbt_version": "1.12.0b3", "profile_name": "insurance_profile", "target_name": "dev", "node_id": "model.insurance_demo.int_payments_per_policy"} */

  create view "postgres"."public"."int_payments_per_policy__dbt_tmp"
    
    
  as (
    with claims as (
    select * from "postgres"."public"."stg_claims"
),
claim_payments as (
    select * from "postgres"."public"."stg_claim_payments"
)

select 
    c.policy_id,
    sum(cp.payment_amount) as total_claim_payments
from claims c 
join claim_payments cp on cp.claim_id = c.claim_id
where c.claim_date >= current_date - interval '12 months'
group by c.policy_id
  );
[0m13:21:51.536639 [debug] [Thread-3 (]: Opening a new connection, currently in state closed
[0m13:21:51.553251 [debug] [Thread-1 (]: SQL status: CREATE VIEW in 0.076 seconds
[0m13:21:51.556745 [debug] [Thread-1 (]: Using postgres connection "model.insurance_demo.int_claims_per_policy"
[0m13:21:51.557309 [debug] [Thread-1 (]: On model.insurance_demo.int_claims_per_policy: /* {"app": "dbt", "dbt_version": "1.12.0b3", "profile_name": "insurance_profile", "target_name": "dev", "node_id": "model.insurance_demo.int_claims_per_policy"} */
alter table "postgres"."public"."int_claims_per_policy__dbt_tmp" rename to "int_claims_per_policy"
[0m13:21:51.558365 [debug] [Thread-1 (]: SQL status: ALTER TABLE in 0.001 seconds
[0m13:21:51.560024 [debug] [Thread-1 (]: On model.insurance_demo.int_claims_per_policy: COMMIT
[0m13:21:51.560571 [debug] [Thread-1 (]: Using postgres connection "model.insurance_demo.int_claims_per_policy"
[0m13:21:51.560988 [debug] [Thread-1 (]: On model.insurance_demo.int_claims_per_policy: COMMIT
[0m13:21:51.565694 [debug] [Thread-1 (]: SQL status: COMMIT in 0.004 seconds
[0m13:21:51.568490 [debug] [Thread-1 (]: Applying DROP to: "postgres"."public"."int_claims_per_policy__dbt_backup"
[0m13:21:51.569395 [debug] [Thread-1 (]: Using postgres connection "model.insurance_demo.int_claims_per_policy"
[0m13:21:51.569883 [debug] [Thread-1 (]: On model.insurance_demo.int_claims_per_policy: /* {"app": "dbt", "dbt_version": "1.12.0b3", "profile_name": "insurance_profile", "target_name": "dev", "node_id": "model.insurance_demo.int_claims_per_policy"} */
drop view if exists "postgres"."public"."int_claims_per_policy__dbt_backup" cascade
[0m13:21:51.570845 [debug] [Thread-1 (]: SQL status: DROP VIEW in 0.000 seconds
[0m13:21:51.572473 [debug] [Thread-1 (]: On model.insurance_demo.int_claims_per_policy: Close
[0m13:21:51.573313 [debug] [Thread-1 (]: Sending event: {'category': 'dbt', 'action': 'run_model', 'label': '25d8b9fa-0e23-4557-b47a-2bd53c42167b', 'context': [<snowplow_tracker.self_describing_json.SelfDescribingJson object at 0x0000028F067A35F0>]}
[0m13:21:51.574109 [info ] [Thread-1 (]: 15 of 19 OK created sql view model public.int_claims_per_policy ................ [[32mCREATE VIEW[0m in 0.11s]
[0m13:21:51.574892 [debug] [Thread-1 (]: Finished running node model.insurance_demo.int_claims_per_policy
[0m13:21:51.584646 [debug] [Thread-4 (]: SQL status: SELECT 1 in 0.267 seconds
[0m13:21:51.586685 [debug] [Thread-4 (]: On test.insurance_demo.relationships_stg_claims_policy_id__policy_id__ref_stg_policies_.f863c76852: ROLLBACK
[0m13:21:51.587654 [debug] [Thread-4 (]: On test.insurance_demo.relationships_stg_claims_policy_id__policy_id__ref_stg_policies_.f863c76852: Close
[0m13:21:51.588859 [info ] [Thread-4 (]: 12 of 19 PASS relationships_stg_claims_policy_id__policy_id__ref_stg_policies_ . [[32mPASS[0m in 0.29s]
[0m13:21:51.590070 [debug] [Thread-4 (]: Finished running node test.insurance_demo.relationships_stg_claims_policy_id__policy_id__ref_stg_policies_.f863c76852
[0m13:21:51.641490 [debug] [Thread-3 (]: SQL status: CREATE VIEW in 0.105 seconds
[0m13:21:51.643560 [debug] [Thread-3 (]: Using postgres connection "model.insurance_demo.int_payments_per_policy"
[0m13:21:51.643902 [debug] [Thread-3 (]: On model.insurance_demo.int_payments_per_policy: /* {"app": "dbt", "dbt_version": "1.12.0b3", "profile_name": "insurance_profile", "target_name": "dev", "node_id": "model.insurance_demo.int_payments_per_policy"} */
alter table "postgres"."public"."int_payments_per_policy__dbt_tmp" rename to "int_payments_per_policy"
[0m13:21:51.644182 [debug] [Thread-2 (]: SQL status: SELECT 1 in 0.180 seconds
[0m13:21:51.645162 [debug] [Thread-2 (]: On test.insurance_demo.unique_stg_policies_policy_id.cb33dd12e6: ROLLBACK
[0m13:21:51.645473 [debug] [Thread-3 (]: SQL status: ALTER TABLE in 0.001 seconds
[0m13:21:51.646577 [debug] [Thread-3 (]: On model.insurance_demo.int_payments_per_policy: COMMIT
[0m13:21:51.646884 [debug] [Thread-3 (]: Using postgres connection "model.insurance_demo.int_payments_per_policy"
[0m13:21:51.645716 [debug] [Thread-2 (]: On test.insurance_demo.unique_stg_policies_policy_id.cb33dd12e6: Close
[0m13:21:51.647123 [debug] [Thread-3 (]: On model.insurance_demo.int_payments_per_policy: COMMIT
[0m13:21:51.647610 [info ] [Thread-2 (]: 14 of 19 PASS unique_stg_policies_policy_id .................................... [[32mPASS[0m in 0.19s]
[0m13:21:51.648097 [debug] [Thread-2 (]: Finished running node test.insurance_demo.unique_stg_policies_policy_id.cb33dd12e6
[0m13:21:51.648397 [debug] [Thread-3 (]: SQL status: COMMIT in 0.001 seconds
[0m13:21:51.650136 [debug] [Thread-3 (]: Applying DROP to: "postgres"."public"."int_payments_per_policy__dbt_backup"
[0m13:21:51.650663 [debug] [Thread-3 (]: Using postgres connection "model.insurance_demo.int_payments_per_policy"
[0m13:21:51.650915 [debug] [Thread-3 (]: On model.insurance_demo.int_payments_per_policy: /* {"app": "dbt", "dbt_version": "1.12.0b3", "profile_name": "insurance_profile", "target_name": "dev", "node_id": "model.insurance_demo.int_payments_per_policy"} */
drop view if exists "postgres"."public"."int_payments_per_policy__dbt_backup" cascade
[0m13:21:51.651602 [debug] [Thread-3 (]: SQL status: DROP VIEW in 0.000 seconds
[0m13:21:51.652620 [debug] [Thread-3 (]: On model.insurance_demo.int_payments_per_policy: Close
[0m13:21:51.653066 [debug] [Thread-3 (]: Sending event: {'category': 'dbt', 'action': 'run_model', 'label': '25d8b9fa-0e23-4557-b47a-2bd53c42167b', 'context': [<snowplow_tracker.self_describing_json.SelfDescribingJson object at 0x0000028F067A1EB0>]}
[0m13:21:51.653529 [info ] [Thread-3 (]: 16 of 19 OK created sql view model public.int_payments_per_policy .............. [[32mCREATE VIEW[0m in 0.12s]
[0m13:21:51.653954 [debug] [Thread-3 (]: Finished running node model.insurance_demo.int_payments_per_policy
[0m13:21:51.654640 [debug] [Thread-1 (]: Began running node model.insurance_demo.claim_risk_report
[0m13:21:51.655183 [info ] [Thread-1 (]: 17 of 19 START sql table model public.claim_risk_report ........................ [RUN]
[0m13:21:51.655634 [debug] [Thread-1 (]: Re-using an available connection from the pool (formerly model.insurance_demo.int_claims_per_policy, now model.insurance_demo.claim_risk_report)
[0m13:21:51.656032 [debug] [Thread-1 (]: Began compiling node model.insurance_demo.claim_risk_report
[0m13:21:51.659323 [debug] [Thread-1 (]: Writing injected SQL for node "model.insurance_demo.claim_risk_report"
[0m13:21:51.660571 [debug] [Thread-1 (]: Began executing node model.insurance_demo.claim_risk_report
[0m13:21:51.675444 [debug] [Thread-1 (]: Writing runtime sql for node "model.insurance_demo.claim_risk_report"
[0m13:21:51.676863 [debug] [Thread-1 (]: Using postgres connection "model.insurance_demo.claim_risk_report"
[0m13:21:51.677207 [debug] [Thread-1 (]: On model.insurance_demo.claim_risk_report: /* {"app": "dbt", "dbt_version": "1.12.0b3", "profile_name": "insurance_profile", "target_name": "dev", "node_id": "model.insurance_demo.claim_risk_report"} */

  
    

  create  table "postgres"."public"."claim_risk_report__dbt_tmp"
  
  
    as
  
  (
    with policies as (
    select * from "postgres"."public"."stg_policies"
),
customers as (
    select * from "postgres"."public"."stg_customers"
),
agents as (
    select * from "postgres"."public"."stg_agents"
),
policy_types as (
    select * from "postgres"."public"."stg_policy_types"
),
claims_agg as (
    select * from "postgres"."public"."int_claims_per_policy"
),
pay_agg as (
    select * from "postgres"."public"."int_payments_per_policy"
),
report as (
    select 
        cu.customer_name,
        cu.city,
        pt.policy_type_name as policy_type,
        ag.agent_name,
        p.premium as total_premium_collected,
        ca.total_claim_amount,
        coalesce(pa.total_claim_payments, 0) as total_claim_payments,
        ca.claim_count,
        round(coalesce(pa.total_claim_payments, 0) * 100.0 / nullif(p.premium, 0), 2) as claim_ratio
    from policies p
    join customers cu on cu.customer_id = p.customer_id
    join agents ag on ag.agent_id = p.agent_id
    join policy_types pt on pt.policy_type_id = p.policy_type_id
    join claims_agg ca on ca.policy_id = p.policy_id
    left join pay_agg pa on pa.policy_id = p.policy_id
    where ca.claim_count >= 2
)

select 
    customer_name,
    city,
    policy_type,
    agent_name,
    total_premium_collected,
    total_claim_amount,
    total_claim_payments,
    claim_ratio,
    case
        when claim_ratio > 80 then 'High Risk'
        when claim_ratio >= 40 then 'Medium Risk'
        else 'Low Risk'
    end as risk_category,
    rank() over(partition by city order by claim_ratio desc) as rank_in_city
from report
order by city, rank_in_city
  );
  
[0m13:21:51.677491 [debug] [Thread-1 (]: Opening a new connection, currently in state closed
[0m13:21:51.864790 [debug] [Thread-1 (]: SQL status: SELECT 50 in 0.187 seconds
[0m13:21:51.869261 [debug] [Thread-1 (]: Using postgres connection "model.insurance_demo.claim_risk_report"
[0m13:21:51.869586 [debug] [Thread-1 (]: On model.insurance_demo.claim_risk_report: /* {"app": "dbt", "dbt_version": "1.12.0b3", "profile_name": "insurance_profile", "target_name": "dev", "node_id": "model.insurance_demo.claim_risk_report"} */
alter table "postgres"."public"."claim_risk_report" rename to "claim_risk_report__dbt_backup"
[0m13:21:51.870335 [debug] [Thread-1 (]: SQL status: ALTER TABLE in 0.000 seconds
[0m13:21:51.872077 [debug] [Thread-1 (]: Using postgres connection "model.insurance_demo.claim_risk_report"
[0m13:21:51.872498 [debug] [Thread-1 (]: On model.insurance_demo.claim_risk_report: /* {"app": "dbt", "dbt_version": "1.12.0b3", "profile_name": "insurance_profile", "target_name": "dev", "node_id": "model.insurance_demo.claim_risk_report"} */
alter table "postgres"."public"."claim_risk_report__dbt_tmp" rename to "claim_risk_report"
[0m13:21:51.873754 [debug] [Thread-1 (]: SQL status: ALTER TABLE in 0.001 seconds
[0m13:21:51.874948 [debug] [Thread-1 (]: On model.insurance_demo.claim_risk_report: COMMIT
[0m13:21:51.875203 [debug] [Thread-1 (]: Using postgres connection "model.insurance_demo.claim_risk_report"
[0m13:21:51.875431 [debug] [Thread-1 (]: On model.insurance_demo.claim_risk_report: COMMIT
[0m13:21:51.879823 [debug] [Thread-1 (]: SQL status: COMMIT in 0.004 seconds
[0m13:21:51.881310 [debug] [Thread-1 (]: Applying DROP to: "postgres"."public"."claim_risk_report__dbt_backup"
[0m13:21:51.883131 [debug] [Thread-1 (]: Using postgres connection "model.insurance_demo.claim_risk_report"
[0m13:21:51.883414 [debug] [Thread-1 (]: On model.insurance_demo.claim_risk_report: /* {"app": "dbt", "dbt_version": "1.12.0b3", "profile_name": "insurance_profile", "target_name": "dev", "node_id": "model.insurance_demo.claim_risk_report"} */
drop table if exists "postgres"."public"."claim_risk_report__dbt_backup" cascade
[0m13:21:51.887363 [debug] [Thread-1 (]: SQL status: DROP TABLE in 0.004 seconds
[0m13:21:51.888400 [debug] [Thread-1 (]: On model.insurance_demo.claim_risk_report: Close
[0m13:21:51.888917 [debug] [Thread-1 (]: Sending event: {'category': 'dbt', 'action': 'run_model', 'label': '25d8b9fa-0e23-4557-b47a-2bd53c42167b', 'context': [<snowplow_tracker.self_describing_json.SelfDescribingJson object at 0x0000028F067A35F0>]}
[0m13:21:51.889388 [info ] [Thread-1 (]: 17 of 19 OK created sql table model public.claim_risk_report ................... [[32mSELECT 50[0m in 0.23s]
[0m13:21:51.890446 [debug] [Thread-1 (]: Finished running node model.insurance_demo.claim_risk_report
[0m13:21:51.891945 [debug] [Thread-4 (]: Began running node test.insurance_demo.accepted_values_claim_risk_report_risk_category__High_Risk__Medium_Risk__Low_Risk.5d4ee805c9
[0m13:21:51.893583 [info ] [Thread-4 (]: 18 of 19 START test accepted_values_claim_risk_report_risk_category__High_Risk__Medium_Risk__Low_Risk  [RUN]
[0m13:21:51.894422 [debug] [Thread-4 (]: Re-using an available connection from the pool (formerly test.insurance_demo.relationships_stg_claims_policy_id__policy_id__ref_stg_policies_.f863c76852, now test.insurance_demo.accepted_values_claim_risk_report_risk_category__High_Risk__Medium_Risk__Low_Risk.5d4ee805c9)
[0m13:21:51.892802 [debug] [Thread-2 (]: Began running node test.insurance_demo.not_null_claim_risk_report_risk_category.a715a78e61
[0m13:21:51.895266 [debug] [Thread-4 (]: Began compiling node test.insurance_demo.accepted_values_claim_risk_report_risk_category__High_Risk__Medium_Risk__Low_Risk.5d4ee805c9
[0m13:21:51.895795 [info ] [Thread-2 (]: 19 of 19 START test not_null_claim_risk_report_risk_category ................... [RUN]
[0m13:21:51.905830 [debug] [Thread-2 (]: Re-using an available connection from the pool (formerly test.insurance_demo.unique_stg_policies_policy_id.cb33dd12e6, now test.insurance_demo.not_null_claim_risk_report_risk_category.a715a78e61)
[0m13:21:51.906230 [debug] [Thread-2 (]: Began compiling node test.insurance_demo.not_null_claim_risk_report_risk_category.a715a78e61
[0m13:21:51.908872 [debug] [Thread-2 (]: Writing injected SQL for node "test.insurance_demo.not_null_claim_risk_report_risk_category.a715a78e61"
[0m13:21:51.905393 [debug] [Thread-4 (]: Writing injected SQL for node "test.insurance_demo.accepted_values_claim_risk_report_risk_category__High_Risk__Medium_Risk__Low_Risk.5d4ee805c9"
[0m13:21:51.910396 [debug] [Thread-4 (]: Began executing node test.insurance_demo.accepted_values_claim_risk_report_risk_category__High_Risk__Medium_Risk__Low_Risk.5d4ee805c9
[0m13:21:51.912109 [debug] [Thread-4 (]: Writing runtime sql for node "test.insurance_demo.accepted_values_claim_risk_report_risk_category__High_Risk__Medium_Risk__Low_Risk.5d4ee805c9"
[0m13:21:51.910719 [debug] [Thread-2 (]: Began executing node test.insurance_demo.not_null_claim_risk_report_risk_category.a715a78e61
[0m13:21:51.913577 [debug] [Thread-2 (]: Writing runtime sql for node "test.insurance_demo.not_null_claim_risk_report_risk_category.a715a78e61"
[0m13:21:51.914485 [debug] [Thread-4 (]: Using postgres connection "test.insurance_demo.accepted_values_claim_risk_report_risk_category__High_Risk__Medium_Risk__Low_Risk.5d4ee805c9"
[0m13:21:51.915090 [debug] [Thread-4 (]: On test.insurance_demo.accepted_values_claim_risk_report_risk_category__High_Risk__Medium_Risk__Low_Risk.5d4ee805c9: /* {"app": "dbt", "dbt_version": "1.12.0b3", "profile_name": "insurance_profile", "target_name": "dev", "node_id": "test.insurance_demo.accepted_values_claim_risk_report_risk_category__High_Risk__Medium_Risk__Low_Risk.5d4ee805c9"} */

    
    select
      count(*) as failures,
      count(*) != 0 as should_warn,
      count(*) != 0 as should_error
    from (
      
    
  
    
    

with all_values as (

    select
        risk_category as value_field,
        count(*) as n_records

    from "postgres"."public"."claim_risk_report"
    group by risk_category

)

select *
from all_values
where value_field not in (
    'High Risk','Medium Risk','Low Risk'
)



  
  
      
    ) dbt_internal_test
[0m13:21:51.915379 [debug] [Thread-4 (]: Opening a new connection, currently in state closed
[0m13:21:51.914793 [debug] [Thread-2 (]: Using postgres connection "test.insurance_demo.not_null_claim_risk_report_risk_category.a715a78e61"
[0m13:21:51.915811 [debug] [Thread-2 (]: On test.insurance_demo.not_null_claim_risk_report_risk_category.a715a78e61: /* {"app": "dbt", "dbt_version": "1.12.0b3", "profile_name": "insurance_profile", "target_name": "dev", "node_id": "test.insurance_demo.not_null_claim_risk_report_risk_category.a715a78e61"} */

    
    select
      count(*) as failures,
      count(*) != 0 as should_warn,
      count(*) != 0 as should_error
    from (
      
    
  
    
    



select risk_category
from "postgres"."public"."claim_risk_report"
where risk_category is null



  
  
      
    ) dbt_internal_test
[0m13:21:51.916071 [debug] [Thread-2 (]: Opening a new connection, currently in state closed
[0m13:21:52.029905 [debug] [Thread-4 (]: SQL status: SELECT 1 in 0.114 seconds
[0m13:21:52.030966 [debug] [Thread-4 (]: On test.insurance_demo.accepted_values_claim_risk_report_risk_category__High_Risk__Medium_Risk__Low_Risk.5d4ee805c9: ROLLBACK
[0m13:21:52.031435 [debug] [Thread-4 (]: On test.insurance_demo.accepted_values_claim_risk_report_risk_category__High_Risk__Medium_Risk__Low_Risk.5d4ee805c9: Close
[0m13:21:52.031928 [info ] [Thread-4 (]: 18 of 19 PASS accepted_values_claim_risk_report_risk_category__High_Risk__Medium_Risk__Low_Risk  [[32mPASS[0m in 0.14s]
[0m13:21:52.032367 [debug] [Thread-4 (]: Finished running node test.insurance_demo.accepted_values_claim_risk_report_risk_category__High_Risk__Medium_Risk__Low_Risk.5d4ee805c9
[0m13:21:52.037346 [debug] [Thread-2 (]: SQL status: SELECT 1 in 0.121 seconds
[0m13:21:52.038374 [debug] [Thread-2 (]: On test.insurance_demo.not_null_claim_risk_report_risk_category.a715a78e61: ROLLBACK
[0m13:21:52.038876 [debug] [Thread-2 (]: On test.insurance_demo.not_null_claim_risk_report_risk_category.a715a78e61: Close
[0m13:21:52.039394 [info ] [Thread-2 (]: 19 of 19 PASS not_null_claim_risk_report_risk_category ......................... [[32mPASS[0m in 0.13s]
[0m13:21:52.039827 [debug] [Thread-2 (]: Finished running node test.insurance_demo.not_null_claim_risk_report_risk_category.a715a78e61
[0m13:21:52.041288 [debug] [MainThread]: On master: COMMIT
[0m13:21:52.041619 [debug] [MainThread]: Using postgres connection "master"
[0m13:21:52.041938 [debug] [MainThread]: On master: COMMIT
[0m13:21:52.042258 [debug] [MainThread]: Opening a new connection, currently in state closed
[0m13:21:52.140261 [debug] [MainThread]: SQL status: COMMIT in 0.098 seconds
[0m13:21:52.140605 [debug] [MainThread]: On master: Close
[0m13:21:52.140987 [debug] [MainThread]: Connection 'master' was properly closed.
[0m13:21:52.141198 [debug] [MainThread]: Connection 'list_postgres' was properly closed.
[0m13:21:52.141366 [debug] [MainThread]: Connection 'list_postgres_public' was properly closed.
[0m13:21:52.141527 [debug] [MainThread]: Connection 'test.insurance_demo.accepted_values_claim_risk_report_risk_category__High_Risk__Medium_Risk__Low_Risk.5d4ee805c9' was properly closed.
[0m13:21:52.141687 [debug] [MainThread]: Connection 'test.insurance_demo.not_null_claim_risk_report_risk_category.a715a78e61' was properly closed.
[0m13:21:52.141837 [debug] [MainThread]: Connection 'model.insurance_demo.claim_risk_report' was properly closed.
[0m13:21:52.142009 [debug] [MainThread]: Connection 'model.insurance_demo.int_payments_per_policy' was properly closed.
[0m13:21:52.142276 [info ] [MainThread]: 
[0m13:21:52.142521 [info ] [MainThread]: Finished running 1 table model, 10 data tests, 8 view models in 0 hours 0 minutes and 1.64 seconds (1.64s).
[0m13:21:52.144924 [debug] [MainThread]: Command end result
[0m13:21:52.163482 [debug] [MainThread]: Wrote artifact WritableManifest to C:\Users\User\Downloads\dbt_insurance_demo\target\manifest.json
[0m13:21:52.166586 [debug] [MainThread]: Wrote artifact SemanticManifest to C:\Users\User\Downloads\dbt_insurance_demo\target\semantic_manifest.json
[0m13:21:52.169263 [debug] [MainThread]: Wrote artifact OsiDocument to C:\Users\User\Downloads\dbt_insurance_demo\target\osi_document.json
[0m13:21:52.175421 [debug] [MainThread]: Wrote artifact RunExecutionResult to C:\Users\User\Downloads\dbt_insurance_demo\target\run_results.json
[0m13:21:52.175729 [info ] [MainThread]: 
[0m13:21:52.176061 [info ] [MainThread]: [32mCompleted successfully[0m
[0m13:21:52.176343 [info ] [MainThread]: 
[0m13:21:52.176610 [info ] [MainThread]: Done. PASS=19 WARN=0 ERROR=0 SKIP=0 NO-OP=0 REUSED=0 TOTAL=19
[0m13:21:52.177421 [debug] [MainThread]: Command `dbt build` succeeded at 13:21:52.177291 after 2.62 seconds
[0m13:21:52.177775 [debug] [MainThread]: Sending event: {'category': 'dbt', 'action': 'invocation', 'label': 'end', 'context': [<snowplow_tracker.self_describing_json.SelfDescribingJson object at 0x0000028F0521D190>, <snowplow_tracker.self_describing_json.SelfDescribingJson object at 0x0000028F01B623F0>, <snowplow_tracker.self_describing_json.SelfDescribingJson object at 0x0000028F05EAE630>]}
[0m13:21:52.178696 [debug] [MainThread]: Flushing usage events
[0m13:21:53.760563 [debug] [MainThread]: An error was encountered while trying to flush usage events
[0m18:22:51.854614 [debug] [MainThread]: Sending event: {'category': 'dbt', 'action': 'invocation', 'label': 'start', 'context': [<snowplow_tracker.self_describing_json.SelfDescribingJson object at 0x000001F4D2863CB0>, <snowplow_tracker.self_describing_json.SelfDescribingJson object at 0x000001F4D019D310>, <snowplow_tracker.self_describing_json.SelfDescribingJson object at 0x000001F4D518FC50>]}


============================== 18:22:51.857862 | 34c71f91-a6a1-4431-837a-c6e7c0a5baa4 ==============================
[0m18:22:51.857862 [info ] [MainThread]: Running with dbt=1.12.0-b3
[0m18:22:51.858361 [debug] [MainThread]: running dbt with arguments {'maximum_seed_size_mib': '1', 'no_print': 'None', 'version_check': 'True', 'target_path': 'None', 'warn_error_options': 'WarnErrorOptionsV2(error=[], warn=[], silence=[])', 'static_parser': 'True', 'printer_width': '80', 'write_json': 'True', 'empty': 'False', 'log_cache_events': 'False', 'introspect': 'True', 'cache_selected_only': 'False', 'fail_fast': 'False', 'debug': 'False', 'log_format': 'default', 'profiles_dir': 'C:\\Users\\User\\.dbt', 'send_anonymous_usage_stats': 'True', 'quiet': 'False', 'warn_error': 'None', 'partial_parse': 'True', 'use_colors': 'True', 'indirect_selection': 'eager', 'invocation_command': 'dbt build', 'use_experimental_parser': 'False', 'log_path': 'C:\\Users\\User\\Downloads\\dbt_insurance_demo\\logs'}
[0m18:22:52.006277 [debug] [MainThread]: Sending event: {'category': 'dbt', 'action': 'project_id', 'label': '34c71f91-a6a1-4431-837a-c6e7c0a5baa4', 'context': [<snowplow_tracker.self_describing_json.SelfDescribingJson object at 0x000001F4D5131CD0>]}
[0m18:22:52.054798 [debug] [MainThread]: Sending event: {'category': 'dbt', 'action': 'adapter_info', 'label': '34c71f91-a6a1-4431-837a-c6e7c0a5baa4', 'context': [<snowplow_tracker.self_describing_json.SelfDescribingJson object at 0x000001F4D4F4BBD0>]}
[0m18:22:52.055919 [info ] [MainThread]: Registered adapter: postgres=1.10.2
[0m18:22:52.231082 [debug] [MainThread]: checksum: f835d38e27f2c851a434d54286ec57eea49b211f2d0074fee97ef59e7c153b04, vars: {}, profile: insurance_profile, target: dev, version: 1.12.0b3
[0m18:22:52.371414 [debug] [MainThread]: Partial parsing enabled: 0 files deleted, 0 files added, 0 files changed.
[0m18:22:52.371742 [debug] [MainThread]: Nothing changed, skipping partial parsing.
[0m18:22:52.371943 [debug] [MainThread]: Partial parsing enabled, no changes found, skipping parsing
[0m18:22:52.404234 [debug] [MainThread]: Sending event: {'category': 'dbt', 'action': 'load_project', 'label': '34c71f91-a6a1-4431-837a-c6e7c0a5baa4', 'context': [<snowplow_tracker.self_describing_json.SelfDescribingJson object at 0x000001F4D5BC8250>]}
[0m18:22:52.469344 [debug] [MainThread]: Wrote artifact WritableManifest to C:\Users\User\Downloads\dbt_insurance_demo\target\manifest.json
[0m18:22:52.472533 [debug] [MainThread]: Wrote artifact SemanticManifest to C:\Users\User\Downloads\dbt_insurance_demo\target\semantic_manifest.json
[0m18:22:52.491182 [debug] [MainThread]: Wrote artifact OsiDocument to C:\Users\User\Downloads\dbt_insurance_demo\target\osi_document.json
[0m18:22:52.513360 [debug] [MainThread]: Sending event: {'category': 'dbt', 'action': 'resource_counts', 'label': '34c71f91-a6a1-4431-837a-c6e7c0a5baa4', 'context': [<snowplow_tracker.self_describing_json.SelfDescribingJson object at 0x000001F4D5D037A0>]}
[0m18:22:52.513758 [info ] [MainThread]: Found 9 models, 10 data tests, 6 sources, 475 macros
[0m18:22:52.516231 [info ] [MainThread]: 
[0m18:22:52.516665 [info ] [MainThread]: Concurrency: 4 threads (target='dev')
[0m18:22:52.516962 [info ] [MainThread]: 
[0m18:22:52.517444 [debug] [MainThread]: Acquiring new postgres connection 'master'
[0m18:22:52.520643 [debug] [ThreadPool]: Acquiring new postgres connection 'list_postgres'
[0m18:22:52.616388 [debug] [ThreadPool]: Using postgres connection "list_postgres"
[0m18:22:52.616694 [debug] [ThreadPool]: On list_postgres: /* {"app": "dbt", "dbt_version": "1.12.0b3", "profile_name": "insurance_profile", "target_name": "dev", "connection_name": "list_postgres"} */

    select distinct nspname from pg_namespace
  
[0m18:22:52.616912 [debug] [ThreadPool]: Opening a new connection, currently in state init
[0m18:22:52.682511 [debug] [ThreadPool]: SQL status: SELECT 4 in 0.066 seconds
[0m18:22:52.683401 [debug] [ThreadPool]: On list_postgres: Close
[0m18:22:52.685197 [debug] [ThreadPool]: Acquiring new postgres connection 'list_postgres_public'
[0m18:22:52.689166 [debug] [ThreadPool]: Using postgres connection "list_postgres_public"
[0m18:22:52.689500 [debug] [ThreadPool]: On list_postgres_public: /* {"app": "dbt", "dbt_version": "1.12.0b3", "profile_name": "insurance_profile", "target_name": "dev", "connection_name": "list_postgres_public"} */
select
      'postgres' as database,
      tablename as name,
      schemaname as schema,
      'table' as type
    from pg_tables
    where schemaname ilike 'public'
    union all
    select
      'postgres' as database,
      viewname as name,
      schemaname as schema,
      'view' as type
    from pg_views
    where schemaname ilike 'public'
    union all
    select
      'postgres' as database,
      matviewname as name,
      schemaname as schema,
      'materialized_view' as type
    from pg_matviews
    where schemaname ilike 'public'
  
[0m18:22:52.689736 [debug] [ThreadPool]: Opening a new connection, currently in state init
[0m18:22:52.772370 [debug] [ThreadPool]: SQL status: SELECT 15 in 0.083 seconds
[0m18:22:52.773462 [debug] [ThreadPool]: On list_postgres_public: ROLLBACK
[0m18:22:52.773938 [debug] [ThreadPool]: On list_postgres_public: Close
[0m18:22:52.779099 [debug] [MainThread]: Using postgres connection "master"
[0m18:22:52.779690 [debug] [MainThread]: On master: /* {"app": "dbt", "dbt_version": "1.12.0b3", "profile_name": "insurance_profile", "target_name": "dev", "connection_name": "master"} */
select distinct
        dependent_namespace.nspname as dependent_schema,
        dependent_class.relname as dependent_name,
        referenced_namespace.nspname as referenced_schema,
        referenced_class.relname as referenced_name

    -- Query for views: views are entries in pg_class with an entry in pg_rewrite, but we avoid
    -- a seq scan on pg_rewrite by leveraging the fact there is an "internal" row in pg_depend for
    -- the view...
    from pg_class as dependent_class
    join pg_namespace as dependent_namespace on dependent_namespace.oid = dependent_class.relnamespace
    join pg_depend as dependent_depend on dependent_depend.refobjid = dependent_class.oid
        and dependent_depend.classid = 'pg_rewrite'::regclass
        and dependent_depend.refclassid = 'pg_class'::regclass
        and dependent_depend.deptype = 'i'

    -- ... and via pg_depend (that has a row per column, hence the need for "distinct" above, and
    -- making sure to exclude the internal row to avoid a view appearing to depend on itself)...
    join pg_depend as joining_depend on joining_depend.objid = dependent_depend.objid
        and joining_depend.classid = 'pg_rewrite'::regclass
        and joining_depend.refclassid = 'pg_class'::regclass
        and joining_depend.refobjid != dependent_depend.refobjid

    -- ... we can find the tables they query from in pg_class, but excluding system tables. Note we
    -- don't need need to exclude _dependent_ system tables, because they only query from other
    -- system tables, and so are automatically excluded by excluding _referenced_ system tables
    join pg_class as referenced_class on referenced_class.oid = joining_depend.refobjid
    join pg_namespace as referenced_namespace on referenced_namespace.oid = referenced_class.relnamespace
        and referenced_namespace.nspname != 'information_schema'
        and referenced_namespace.nspname not like 'pg\_%'

    order by
        dependent_schema, dependent_name, referenced_schema, referenced_name;
[0m18:22:52.780052 [debug] [MainThread]: Opening a new connection, currently in state init
[0m18:22:52.867508 [debug] [MainThread]: SQL status: SELECT 9 in 0.087 seconds
[0m18:22:52.869392 [debug] [MainThread]: Sending event: {'category': 'dbt', 'action': 'runnable_timing', 'label': '34c71f91-a6a1-4431-837a-c6e7c0a5baa4', 'context': [<snowplow_tracker.self_describing_json.SelfDescribingJson object at 0x000001F4D5D76DD0>]}
[0m18:22:52.869715 [debug] [MainThread]: On master: ROLLBACK
[0m18:22:52.870188 [debug] [MainThread]: On master: COMMIT
[0m18:22:52.870416 [debug] [MainThread]: Using postgres connection "master"
[0m18:22:52.870606 [debug] [MainThread]: On master: COMMIT
[0m18:22:52.871054 [debug] [MainThread]: SQL status: COMMIT in 0.000 seconds
[0m18:22:52.871284 [debug] [MainThread]: On master: Close
[0m18:22:52.875214 [debug] [Thread-4 (]: Began running node model.insurance_demo.stg_customers
[0m18:22:52.876720 [info ] [Thread-4 (]: 4 of 19 START sql view model public.stg_customers .............................. [RUN]
[0m18:22:52.877189 [debug] [Thread-4 (]: Acquiring new postgres connection 'model.insurance_demo.stg_customers'
[0m18:22:52.877474 [debug] [Thread-4 (]: Began compiling node model.insurance_demo.stg_customers
[0m18:22:52.875578 [debug] [Thread-3 (]: Began running node model.insurance_demo.stg_claims
[0m18:22:52.875980 [debug] [Thread-1 (]: Began running node model.insurance_demo.stg_agents
[0m18:22:52.881939 [debug] [Thread-4 (]: Writing injected SQL for node "model.insurance_demo.stg_customers"
[0m18:22:52.882346 [info ] [Thread-3 (]: 3 of 19 START sql view model public.stg_claims ................................. [RUN]
[0m18:22:52.876302 [debug] [Thread-2 (]: Began running node model.insurance_demo.stg_claim_payments
[0m18:22:52.882726 [info ] [Thread-1 (]: 1 of 19 START sql view model public.stg_agents ................................. [RUN]
[0m18:22:52.884585 [debug] [Thread-1 (]: Acquiring new postgres connection 'model.insurance_demo.stg_agents'
[0m18:22:52.884063 [info ] [Thread-2 (]: 2 of 19 START sql view model public.stg_claim_payments ......................... [RUN]
[0m18:22:52.883607 [debug] [Thread-3 (]: Acquiring new postgres connection 'model.insurance_demo.stg_claims'
[0m18:22:52.885300 [debug] [Thread-4 (]: Began executing node model.insurance_demo.stg_customers
[0m18:22:52.886273 [debug] [Thread-1 (]: Began compiling node model.insurance_demo.stg_agents
[0m18:22:52.886852 [debug] [Thread-2 (]: Acquiring new postgres connection 'model.insurance_demo.stg_claim_payments'
[0m18:22:52.887295 [debug] [Thread-3 (]: Began compiling node model.insurance_demo.stg_claims
[0m18:22:52.911822 [debug] [Thread-4 (]: Writing runtime sql for node "model.insurance_demo.stg_customers"
[0m18:22:52.913831 [debug] [Thread-1 (]: Writing injected SQL for node "model.insurance_demo.stg_agents"
[0m18:22:52.914899 [debug] [Thread-2 (]: Began compiling node model.insurance_demo.stg_claim_payments
[0m18:22:52.919662 [debug] [Thread-2 (]: Writing injected SQL for node "model.insurance_demo.stg_claim_payments"
[0m18:22:52.917562 [debug] [Thread-3 (]: Writing injected SQL for node "model.insurance_demo.stg_claims"
[0m18:22:52.920745 [debug] [Thread-4 (]: Using postgres connection "model.insurance_demo.stg_customers"
[0m18:22:52.921624 [debug] [Thread-4 (]: On model.insurance_demo.stg_customers: /* {"app": "dbt", "dbt_version": "1.12.0b3", "profile_name": "insurance_profile", "target_name": "dev", "node_id": "model.insurance_demo.stg_customers"} */

  create view "postgres"."public"."stg_customers__dbt_tmp"
    
    
  as (
    select
    customer_id,
    customer_name,
    city
from "postgres"."public"."customers"
  );
[0m18:22:52.921911 [debug] [Thread-4 (]: Opening a new connection, currently in state init
[0m18:22:52.921069 [debug] [Thread-1 (]: Began executing node model.insurance_demo.stg_agents
[0m18:22:52.924529 [debug] [Thread-1 (]: Writing runtime sql for node "model.insurance_demo.stg_agents"
[0m18:22:52.921318 [debug] [Thread-2 (]: Began executing node model.insurance_demo.stg_claim_payments
[0m18:22:52.922175 [debug] [Thread-3 (]: Began executing node model.insurance_demo.stg_claims
[0m18:22:52.926814 [debug] [Thread-2 (]: Writing runtime sql for node "model.insurance_demo.stg_claim_payments"
[0m18:22:52.930471 [debug] [Thread-3 (]: Writing runtime sql for node "model.insurance_demo.stg_claims"
[0m18:22:52.932510 [debug] [Thread-1 (]: Using postgres connection "model.insurance_demo.stg_agents"
[0m18:22:52.933243 [debug] [Thread-1 (]: On model.insurance_demo.stg_agents: /* {"app": "dbt", "dbt_version": "1.12.0b3", "profile_name": "insurance_profile", "target_name": "dev", "node_id": "model.insurance_demo.stg_agents"} */

  create view "postgres"."public"."stg_agents__dbt_tmp"
    
    
  as (
    select
    agent_id,
    agent_name
from "postgres"."public"."agents"
  );
[0m18:22:52.933841 [debug] [Thread-1 (]: Opening a new connection, currently in state init
[0m18:22:52.936652 [debug] [Thread-2 (]: Using postgres connection "model.insurance_demo.stg_claim_payments"
[0m18:22:52.938637 [debug] [Thread-2 (]: On model.insurance_demo.stg_claim_payments: /* {"app": "dbt", "dbt_version": "1.12.0b3", "profile_name": "insurance_profile", "target_name": "dev", "node_id": "model.insurance_demo.stg_claim_payments"} */

  create view "postgres"."public"."stg_claim_payments__dbt_tmp"
    
    
  as (
    select
    payment_id,
    claim_id,
    payment_date,
    payment_amount
from "postgres"."public"."claim_payments"
  );
[0m18:22:52.939256 [debug] [Thread-2 (]: Opening a new connection, currently in state init
[0m18:22:52.937618 [debug] [Thread-3 (]: Using postgres connection "model.insurance_demo.stg_claims"
[0m18:22:52.940321 [debug] [Thread-3 (]: On model.insurance_demo.stg_claims: /* {"app": "dbt", "dbt_version": "1.12.0b3", "profile_name": "insurance_profile", "target_name": "dev", "node_id": "model.insurance_demo.stg_claims"} */

  create view "postgres"."public"."stg_claims__dbt_tmp"
    
    
  as (
    select
    claim_id,
    policy_id,
    claim_date,
    claim_amount
from "postgres"."public"."claims"
  );
[0m18:22:52.941384 [debug] [Thread-3 (]: Opening a new connection, currently in state init
[0m18:22:53.006738 [debug] [Thread-4 (]: SQL status: CREATE VIEW in 0.085 seconds
[0m18:22:53.011692 [debug] [Thread-4 (]: Using postgres connection "model.insurance_demo.stg_customers"
[0m18:22:53.012070 [debug] [Thread-4 (]: On model.insurance_demo.stg_customers: /* {"app": "dbt", "dbt_version": "1.12.0b3", "profile_name": "insurance_profile", "target_name": "dev", "node_id": "model.insurance_demo.stg_customers"} */
alter table "postgres"."public"."stg_customers" rename to "stg_customers__dbt_backup"
[0m18:22:53.013193 [debug] [Thread-4 (]: SQL status: ALTER TABLE in 0.001 seconds
[0m18:22:53.015313 [debug] [Thread-4 (]: Using postgres connection "model.insurance_demo.stg_customers"
[0m18:22:53.015641 [debug] [Thread-4 (]: On model.insurance_demo.stg_customers: /* {"app": "dbt", "dbt_version": "1.12.0b3", "profile_name": "insurance_profile", "target_name": "dev", "node_id": "model.insurance_demo.stg_customers"} */
alter table "postgres"."public"."stg_customers__dbt_tmp" rename to "stg_customers"
[0m18:22:53.016371 [debug] [Thread-4 (]: SQL status: ALTER TABLE in 0.000 seconds
[0m18:22:53.028249 [debug] [Thread-4 (]: On model.insurance_demo.stg_customers: COMMIT
[0m18:22:53.028799 [debug] [Thread-4 (]: Using postgres connection "model.insurance_demo.stg_customers"
[0m18:22:53.029137 [debug] [Thread-4 (]: On model.insurance_demo.stg_customers: COMMIT
[0m18:22:53.030038 [debug] [Thread-4 (]: SQL status: COMMIT in 0.001 seconds
[0m18:22:53.034322 [debug] [Thread-4 (]: Applying DROP to: "postgres"."public"."stg_customers__dbt_backup"
[0m18:22:53.037658 [debug] [Thread-4 (]: Using postgres connection "model.insurance_demo.stg_customers"
[0m18:22:53.037981 [debug] [Thread-4 (]: On model.insurance_demo.stg_customers: /* {"app": "dbt", "dbt_version": "1.12.0b3", "profile_name": "insurance_profile", "target_name": "dev", "node_id": "model.insurance_demo.stg_customers"} */
drop view if exists "postgres"."public"."stg_customers__dbt_backup" cascade
[0m18:22:53.034692 [debug] [Thread-1 (]: SQL status: CREATE VIEW in 0.101 seconds
[0m18:22:53.040627 [debug] [Thread-1 (]: Using postgres connection "model.insurance_demo.stg_agents"
[0m18:22:53.038587 [debug] [Thread-2 (]: SQL status: CREATE VIEW in 0.099 seconds
[0m18:22:53.043222 [debug] [Thread-2 (]: Using postgres connection "model.insurance_demo.stg_claim_payments"
[0m18:22:53.041214 [debug] [Thread-4 (]: SQL status: DROP VIEW in 0.003 seconds
[0m18:22:53.038256 [debug] [Thread-3 (]: SQL status: CREATE VIEW in 0.097 seconds
[0m18:22:53.040960 [debug] [Thread-1 (]: On model.insurance_demo.stg_agents: /* {"app": "dbt", "dbt_version": "1.12.0b3", "profile_name": "insurance_profile", "target_name": "dev", "node_id": "model.insurance_demo.stg_agents"} */
alter table "postgres"."public"."stg_agents" rename to "stg_agents__dbt_backup"
[0m18:22:53.043524 [debug] [Thread-2 (]: On model.insurance_demo.stg_claim_payments: /* {"app": "dbt", "dbt_version": "1.12.0b3", "profile_name": "insurance_profile", "target_name": "dev", "node_id": "model.insurance_demo.stg_claim_payments"} */
alter table "postgres"."public"."stg_claim_payments" rename to "stg_claim_payments__dbt_backup"
[0m18:22:53.045116 [debug] [Thread-4 (]: On model.insurance_demo.stg_customers: Close
[0m18:22:53.047045 [debug] [Thread-3 (]: Using postgres connection "model.insurance_demo.stg_claims"
[0m18:22:53.047623 [debug] [Thread-3 (]: On model.insurance_demo.stg_claims: /* {"app": "dbt", "dbt_version": "1.12.0b3", "profile_name": "insurance_profile", "target_name": "dev", "node_id": "model.insurance_demo.stg_claims"} */
alter table "postgres"."public"."stg_claims" rename to "stg_claims__dbt_backup"
[0m18:22:53.047932 [debug] [Thread-2 (]: SQL status: ALTER TABLE in 0.000 seconds
[0m18:22:53.051336 [debug] [Thread-2 (]: Using postgres connection "model.insurance_demo.stg_claim_payments"
[0m18:22:53.049104 [debug] [Thread-1 (]: SQL status: ALTER TABLE in 0.002 seconds
[0m18:22:53.054212 [debug] [Thread-1 (]: Using postgres connection "model.insurance_demo.stg_agents"
[0m18:22:53.052097 [debug] [Thread-2 (]: On model.insurance_demo.stg_claim_payments: /* {"app": "dbt", "dbt_version": "1.12.0b3", "profile_name": "insurance_profile", "target_name": "dev", "node_id": "model.insurance_demo.stg_claim_payments"} */
alter table "postgres"."public"."stg_claim_payments__dbt_tmp" rename to "stg_claim_payments"
[0m18:22:53.052470 [debug] [Thread-4 (]: Sending event: {'category': 'dbt', 'action': 'run_model', 'label': '34c71f91-a6a1-4431-837a-c6e7c0a5baa4', 'context': [<snowplow_tracker.self_describing_json.SelfDescribingJson object at 0x000001F4D63129C0>]}
[0m18:22:53.051713 [debug] [Thread-3 (]: SQL status: ALTER TABLE in 0.002 seconds
[0m18:22:53.057354 [debug] [Thread-3 (]: Using postgres connection "model.insurance_demo.stg_claims"
[0m18:22:53.055544 [debug] [Thread-2 (]: SQL status: ALTER TABLE in 0.001 seconds
[0m18:22:53.058727 [debug] [Thread-2 (]: On model.insurance_demo.stg_claim_payments: COMMIT
[0m18:22:53.054556 [debug] [Thread-1 (]: On model.insurance_demo.stg_agents: /* {"app": "dbt", "dbt_version": "1.12.0b3", "profile_name": "insurance_profile", "target_name": "dev", "node_id": "model.insurance_demo.stg_agents"} */
alter table "postgres"."public"."stg_agents__dbt_tmp" rename to "stg_agents"
[0m18:22:53.057735 [debug] [Thread-3 (]: On model.insurance_demo.stg_claims: /* {"app": "dbt", "dbt_version": "1.12.0b3", "profile_name": "insurance_profile", "target_name": "dev", "node_id": "model.insurance_demo.stg_claims"} */
alter table "postgres"."public"."stg_claims__dbt_tmp" rename to "stg_claims"
[0m18:22:53.055188 [info ] [Thread-4 (]: 4 of 19 OK created sql view model public.stg_customers ......................... [[32mCREATE VIEW[0m in 0.17s]
[0m18:22:53.059573 [debug] [Thread-4 (]: Finished running node model.insurance_demo.stg_customers
[0m18:22:53.060326 [debug] [Thread-4 (]: Began running node model.insurance_demo.stg_policies
[0m18:22:53.059019 [debug] [Thread-2 (]: Using postgres connection "model.insurance_demo.stg_claim_payments"
[0m18:22:53.061097 [debug] [Thread-2 (]: On model.insurance_demo.stg_claim_payments: COMMIT
[0m18:22:53.059831 [debug] [Thread-1 (]: SQL status: ALTER TABLE in 0.001 seconds
[0m18:22:53.062114 [debug] [Thread-1 (]: On model.insurance_demo.stg_agents: COMMIT
[0m18:22:53.060065 [debug] [Thread-3 (]: SQL status: ALTER TABLE in 0.001 seconds
[0m18:22:53.060734 [info ] [Thread-4 (]: 5 of 19 START sql view model public.stg_policies ............................... [RUN]
[0m18:22:53.062425 [debug] [Thread-2 (]: SQL status: COMMIT in 0.001 seconds
[0m18:22:53.062664 [debug] [Thread-1 (]: Using postgres connection "model.insurance_demo.stg_agents"
[0m18:22:53.063652 [debug] [Thread-3 (]: On model.insurance_demo.stg_claims: COMMIT
[0m18:22:53.064028 [debug] [Thread-4 (]: Re-using an available connection from the pool (formerly model.insurance_demo.stg_customers, now model.insurance_demo.stg_policies)
[0m18:22:53.066410 [debug] [Thread-4 (]: Began compiling node model.insurance_demo.stg_policies
[0m18:22:53.068082 [debug] [Thread-4 (]: Writing injected SQL for node "model.insurance_demo.stg_policies"
[0m18:22:53.066135 [debug] [Thread-3 (]: Using postgres connection "model.insurance_demo.stg_claims"
[0m18:22:53.065524 [debug] [Thread-2 (]: Applying DROP to: "postgres"."public"."stg_claim_payments__dbt_backup"
[0m18:22:53.065862 [debug] [Thread-1 (]: On model.insurance_demo.stg_agents: COMMIT
[0m18:22:53.068464 [debug] [Thread-3 (]: On model.insurance_demo.stg_claims: COMMIT
[0m18:22:53.068966 [debug] [Thread-2 (]: Using postgres connection "model.insurance_demo.stg_claim_payments"
[0m18:22:53.069458 [debug] [Thread-2 (]: On model.insurance_demo.stg_claim_payments: /* {"app": "dbt", "dbt_version": "1.12.0b3", "profile_name": "insurance_profile", "target_name": "dev", "node_id": "model.insurance_demo.stg_claim_payments"} */
drop view if exists "postgres"."public"."stg_claim_payments__dbt_backup" cascade
[0m18:22:53.069787 [debug] [Thread-4 (]: Began executing node model.insurance_demo.stg_policies
[0m18:22:53.070072 [debug] [Thread-3 (]: SQL status: COMMIT in 0.001 seconds
[0m18:22:53.070526 [debug] [Thread-1 (]: SQL status: COMMIT in 0.001 seconds
[0m18:22:53.075700 [debug] [Thread-4 (]: Writing runtime sql for node "model.insurance_demo.stg_policies"
[0m18:22:53.078154 [debug] [Thread-3 (]: Applying DROP to: "postgres"."public"."stg_claims__dbt_backup"
[0m18:22:53.078574 [debug] [Thread-2 (]: SQL status: DROP VIEW in 0.009 seconds
[0m18:22:53.082477 [debug] [Thread-2 (]: On model.insurance_demo.stg_claim_payments: Close
[0m18:22:53.081492 [debug] [Thread-3 (]: Using postgres connection "model.insurance_demo.stg_claims"
[0m18:22:53.080717 [debug] [Thread-1 (]: Applying DROP to: "postgres"."public"."stg_agents__dbt_backup"
[0m18:22:53.083892 [debug] [Thread-1 (]: Using postgres connection "model.insurance_demo.stg_agents"
[0m18:22:53.084193 [debug] [Thread-1 (]: On model.insurance_demo.stg_agents: /* {"app": "dbt", "dbt_version": "1.12.0b3", "profile_name": "insurance_profile", "target_name": "dev", "node_id": "model.insurance_demo.stg_agents"} */
drop view if exists "postgres"."public"."stg_agents__dbt_backup" cascade
[0m18:22:53.082887 [debug] [Thread-3 (]: On model.insurance_demo.stg_claims: /* {"app": "dbt", "dbt_version": "1.12.0b3", "profile_name": "insurance_profile", "target_name": "dev", "node_id": "model.insurance_demo.stg_claims"} */
drop view if exists "postgres"."public"."stg_claims__dbt_backup" cascade
[0m18:22:53.083296 [debug] [Thread-2 (]: Sending event: {'category': 'dbt', 'action': 'run_model', 'label': '34c71f91-a6a1-4431-837a-c6e7c0a5baa4', 'context': [<snowplow_tracker.self_describing_json.SelfDescribingJson object at 0x000001F4D5D9FB90>]}
[0m18:22:53.084749 [debug] [Thread-4 (]: Using postgres connection "model.insurance_demo.stg_policies"
[0m18:22:53.086899 [debug] [Thread-4 (]: On model.insurance_demo.stg_policies: /* {"app": "dbt", "dbt_version": "1.12.0b3", "profile_name": "insurance_profile", "target_name": "dev", "node_id": "model.insurance_demo.stg_policies"} */

  create view "postgres"."public"."stg_policies__dbt_tmp"
    
    
  as (
    select
    policy_id,
    customer_id,
    agent_id,
    policy_type_id,
    premium,
    start_date
from "postgres"."public"."policies"
  );
[0m18:22:53.088571 [debug] [Thread-4 (]: Opening a new connection, currently in state closed
[0m18:22:53.085529 [info ] [Thread-2 (]: 2 of 19 OK created sql view model public.stg_claim_payments .................... [[32mCREATE VIEW[0m in 0.20s]
[0m18:22:53.089364 [debug] [Thread-2 (]: Finished running node model.insurance_demo.stg_claim_payments
[0m18:22:53.089758 [debug] [Thread-2 (]: Began running node model.insurance_demo.stg_policy_types
[0m18:22:53.087780 [debug] [Thread-1 (]: SQL status: DROP VIEW in 0.003 seconds
[0m18:22:53.088860 [debug] [Thread-3 (]: SQL status: DROP VIEW in 0.004 seconds
[0m18:22:53.090551 [info ] [Thread-2 (]: 6 of 19 START sql view model public.stg_policy_types ........................... [RUN]
[0m18:22:53.093164 [debug] [Thread-1 (]: On model.insurance_demo.stg_agents: Close
[0m18:22:53.095066 [debug] [Thread-3 (]: On model.insurance_demo.stg_claims: Close
[0m18:22:53.095951 [debug] [Thread-2 (]: Re-using an available connection from the pool (formerly model.insurance_demo.stg_claim_payments, now model.insurance_demo.stg_policy_types)
[0m18:22:53.097541 [debug] [Thread-1 (]: Sending event: {'category': 'dbt', 'action': 'run_model', 'label': '34c71f91-a6a1-4431-837a-c6e7c0a5baa4', 'context': [<snowplow_tracker.self_describing_json.SelfDescribingJson object at 0x000001F4D62E6D00>]}
[0m18:22:53.098857 [debug] [Thread-3 (]: Sending event: {'category': 'dbt', 'action': 'run_model', 'label': '34c71f91-a6a1-4431-837a-c6e7c0a5baa4', 'context': [<snowplow_tracker.self_describing_json.SelfDescribingJson object at 0x000001F4D6226FD0>]}
[0m18:22:53.099587 [debug] [Thread-2 (]: Began compiling node model.insurance_demo.stg_policy_types
[0m18:22:53.100768 [info ] [Thread-1 (]: 1 of 19 OK created sql view model public.stg_agents ............................ [[32mCREATE VIEW[0m in 0.21s]
[0m18:22:53.112251 [debug] [Thread-1 (]: Finished running node model.insurance_demo.stg_agents
[0m18:22:53.103016 [info ] [Thread-3 (]: 3 of 19 OK created sql view model public.stg_claims ............................ [[32mCREATE VIEW[0m in 0.22s]
[0m18:22:53.110279 [debug] [Thread-2 (]: Writing injected SQL for node "model.insurance_demo.stg_policy_types"
[0m18:22:53.113783 [debug] [Thread-3 (]: Finished running node model.insurance_demo.stg_claims
[0m18:22:53.115826 [debug] [Thread-3 (]: Began running node test.insurance_demo.not_null_stg_claims_policy_id.7e20e3e912
[0m18:22:53.117367 [debug] [Thread-1 (]: Began running node test.insurance_demo.not_null_stg_claims_claim_id.f8032ece86
[0m18:22:53.118586 [info ] [Thread-1 (]: 7 of 19 START test not_null_stg_claims_claim_id ................................ [RUN]
[0m18:22:53.120346 [debug] [Thread-1 (]: Re-using an available connection from the pool (formerly model.insurance_demo.stg_agents, now test.insurance_demo.not_null_stg_claims_claim_id.f8032ece86)
[0m18:22:53.116650 [info ] [Thread-3 (]: 8 of 19 START test not_null_stg_claims_policy_id ............................... [RUN]
[0m18:22:53.119621 [debug] [Thread-2 (]: Began executing node model.insurance_demo.stg_policy_types
[0m18:22:53.124388 [debug] [Thread-2 (]: Writing runtime sql for node "model.insurance_demo.stg_policy_types"
[0m18:22:53.121698 [debug] [Thread-3 (]: Re-using an available connection from the pool (formerly model.insurance_demo.stg_claims, now test.insurance_demo.not_null_stg_claims_policy_id.7e20e3e912)
[0m18:22:53.120990 [debug] [Thread-1 (]: Began compiling node test.insurance_demo.not_null_stg_claims_claim_id.f8032ece86
[0m18:22:53.141345 [debug] [Thread-1 (]: Writing injected SQL for node "test.insurance_demo.not_null_stg_claims_claim_id.f8032ece86"
[0m18:22:53.125392 [debug] [Thread-3 (]: Began compiling node test.insurance_demo.not_null_stg_claims_policy_id.7e20e3e912
[0m18:22:53.145855 [debug] [Thread-3 (]: Writing injected SQL for node "test.insurance_demo.not_null_stg_claims_policy_id.7e20e3e912"
[0m18:22:53.146322 [debug] [Thread-2 (]: Using postgres connection "model.insurance_demo.stg_policy_types"
[0m18:22:53.146751 [debug] [Thread-2 (]: On model.insurance_demo.stg_policy_types: /* {"app": "dbt", "dbt_version": "1.12.0b3", "profile_name": "insurance_profile", "target_name": "dev", "node_id": "model.insurance_demo.stg_policy_types"} */

  create view "postgres"."public"."stg_policy_types__dbt_tmp"
    
    
  as (
    select
    policy_type_id,
    policy_type_name
from "postgres"."public"."policy_types"
  );
[0m18:22:53.147131 [debug] [Thread-2 (]: Opening a new connection, currently in state closed
[0m18:22:53.147959 [debug] [Thread-1 (]: Began executing node test.insurance_demo.not_null_stg_claims_claim_id.f8032ece86
[0m18:22:53.148373 [debug] [Thread-3 (]: Began executing node test.insurance_demo.not_null_stg_claims_policy_id.7e20e3e912
[0m18:22:53.165755 [debug] [Thread-3 (]: Writing runtime sql for node "test.insurance_demo.not_null_stg_claims_policy_id.7e20e3e912"
[0m18:22:53.163513 [debug] [Thread-1 (]: Writing runtime sql for node "test.insurance_demo.not_null_stg_claims_claim_id.f8032ece86"
[0m18:22:53.167812 [debug] [Thread-1 (]: Using postgres connection "test.insurance_demo.not_null_stg_claims_claim_id.f8032ece86"
[0m18:22:53.169003 [debug] [Thread-1 (]: On test.insurance_demo.not_null_stg_claims_claim_id.f8032ece86: /* {"app": "dbt", "dbt_version": "1.12.0b3", "profile_name": "insurance_profile", "target_name": "dev", "node_id": "test.insurance_demo.not_null_stg_claims_claim_id.f8032ece86"} */

    
    select
      count(*) as failures,
      count(*) != 0 as should_warn,
      count(*) != 0 as should_error
    from (
      
    
  
    
    



select claim_id
from "postgres"."public"."stg_claims"
where claim_id is null



  
  
      
    ) dbt_internal_test
[0m18:22:53.169506 [debug] [Thread-1 (]: Opening a new connection, currently in state closed
[0m18:22:53.168451 [debug] [Thread-3 (]: Using postgres connection "test.insurance_demo.not_null_stg_claims_policy_id.7e20e3e912"
[0m18:22:53.170234 [debug] [Thread-3 (]: On test.insurance_demo.not_null_stg_claims_policy_id.7e20e3e912: /* {"app": "dbt", "dbt_version": "1.12.0b3", "profile_name": "insurance_profile", "target_name": "dev", "node_id": "test.insurance_demo.not_null_stg_claims_policy_id.7e20e3e912"} */

    
    select
      count(*) as failures,
      count(*) != 0 as should_warn,
      count(*) != 0 as should_error
    from (
      
    
  
    
    



select policy_id
from "postgres"."public"."stg_claims"
where policy_id is null



  
  
      
    ) dbt_internal_test
[0m18:22:53.170844 [debug] [Thread-3 (]: Opening a new connection, currently in state closed
[0m18:22:53.183728 [debug] [Thread-4 (]: SQL status: CREATE VIEW in 0.095 seconds
[0m18:22:53.186128 [debug] [Thread-4 (]: Using postgres connection "model.insurance_demo.stg_policies"
[0m18:22:53.186507 [debug] [Thread-4 (]: On model.insurance_demo.stg_policies: /* {"app": "dbt", "dbt_version": "1.12.0b3", "profile_name": "insurance_profile", "target_name": "dev", "node_id": "model.insurance_demo.stg_policies"} */
alter table "postgres"."public"."stg_policies" rename to "stg_policies__dbt_backup"
[0m18:22:53.187445 [debug] [Thread-4 (]: SQL status: ALTER TABLE in 0.001 seconds
[0m18:22:53.190412 [debug] [Thread-4 (]: Using postgres connection "model.insurance_demo.stg_policies"
[0m18:22:53.190969 [debug] [Thread-4 (]: On model.insurance_demo.stg_policies: /* {"app": "dbt", "dbt_version": "1.12.0b3", "profile_name": "insurance_profile", "target_name": "dev", "node_id": "model.insurance_demo.stg_policies"} */
alter table "postgres"."public"."stg_policies__dbt_tmp" rename to "stg_policies"
[0m18:22:53.192041 [debug] [Thread-4 (]: SQL status: ALTER TABLE in 0.001 seconds
[0m18:22:53.194221 [debug] [Thread-4 (]: On model.insurance_demo.stg_policies: COMMIT
[0m18:22:53.194865 [debug] [Thread-4 (]: Using postgres connection "model.insurance_demo.stg_policies"
[0m18:22:53.195438 [debug] [Thread-4 (]: On model.insurance_demo.stg_policies: COMMIT
[0m18:22:53.198085 [debug] [Thread-4 (]: SQL status: COMMIT in 0.002 seconds
[0m18:22:53.200631 [debug] [Thread-4 (]: Applying DROP to: "postgres"."public"."stg_policies__dbt_backup"
[0m18:22:53.201333 [debug] [Thread-4 (]: Using postgres connection "model.insurance_demo.stg_policies"
[0m18:22:53.201703 [debug] [Thread-4 (]: On model.insurance_demo.stg_policies: /* {"app": "dbt", "dbt_version": "1.12.0b3", "profile_name": "insurance_profile", "target_name": "dev", "node_id": "model.insurance_demo.stg_policies"} */
drop view if exists "postgres"."public"."stg_policies__dbt_backup" cascade
[0m18:22:53.203670 [debug] [Thread-4 (]: SQL status: DROP VIEW in 0.001 seconds
[0m18:22:53.205300 [debug] [Thread-4 (]: On model.insurance_demo.stg_policies: Close
[0m18:22:53.205896 [debug] [Thread-4 (]: Sending event: {'category': 'dbt', 'action': 'run_model', 'label': '34c71f91-a6a1-4431-837a-c6e7c0a5baa4', 'context': [<snowplow_tracker.self_describing_json.SelfDescribingJson object at 0x000001F4D6564AD0>]}
[0m18:22:53.206419 [info ] [Thread-4 (]: 5 of 19 OK created sql view model public.stg_policies .......................... [[32mCREATE VIEW[0m in 0.14s]
[0m18:22:53.206946 [debug] [Thread-4 (]: Finished running node model.insurance_demo.stg_policies
[0m18:22:53.207289 [debug] [Thread-4 (]: Began running node test.insurance_demo.unique_stg_claims_claim_id.0e20e780e5
[0m18:22:53.207874 [info ] [Thread-4 (]: 9 of 19 START test unique_stg_claims_claim_id .................................. [RUN]
[0m18:22:53.208803 [debug] [Thread-4 (]: Re-using an available connection from the pool (formerly model.insurance_demo.stg_policies, now test.insurance_demo.unique_stg_claims_claim_id.0e20e780e5)
[0m18:22:53.209277 [debug] [Thread-4 (]: Began compiling node test.insurance_demo.unique_stg_claims_claim_id.0e20e780e5
[0m18:22:53.213878 [debug] [Thread-4 (]: Writing injected SQL for node "test.insurance_demo.unique_stg_claims_claim_id.0e20e780e5"
[0m18:22:53.215344 [debug] [Thread-4 (]: Began executing node test.insurance_demo.unique_stg_claims_claim_id.0e20e780e5
[0m18:22:53.217042 [debug] [Thread-4 (]: Writing runtime sql for node "test.insurance_demo.unique_stg_claims_claim_id.0e20e780e5"
[0m18:22:53.217419 [debug] [Thread-2 (]: SQL status: CREATE VIEW in 0.070 seconds
[0m18:22:53.219902 [debug] [Thread-2 (]: Using postgres connection "model.insurance_demo.stg_policy_types"
[0m18:22:53.220311 [debug] [Thread-2 (]: On model.insurance_demo.stg_policy_types: /* {"app": "dbt", "dbt_version": "1.12.0b3", "profile_name": "insurance_profile", "target_name": "dev", "node_id": "model.insurance_demo.stg_policy_types"} */
alter table "postgres"."public"."stg_policy_types" rename to "stg_policy_types__dbt_backup"
[0m18:22:53.221052 [debug] [Thread-2 (]: SQL status: ALTER TABLE in 0.000 seconds
[0m18:22:53.223567 [debug] [Thread-2 (]: Using postgres connection "model.insurance_demo.stg_policy_types"
[0m18:22:53.221491 [debug] [Thread-4 (]: Using postgres connection "test.insurance_demo.unique_stg_claims_claim_id.0e20e780e5"
[0m18:22:53.224433 [debug] [Thread-4 (]: On test.insurance_demo.unique_stg_claims_claim_id.0e20e780e5: /* {"app": "dbt", "dbt_version": "1.12.0b3", "profile_name": "insurance_profile", "target_name": "dev", "node_id": "test.insurance_demo.unique_stg_claims_claim_id.0e20e780e5"} */

    
    select
      count(*) as failures,
      count(*) != 0 as should_warn,
      count(*) != 0 as should_error
    from (
      
    
  
    
    

select
    claim_id as unique_field,
    count(*) as n_records

from "postgres"."public"."stg_claims"
where claim_id is not null
group by claim_id
having count(*) > 1



  
  
      
    ) dbt_internal_test
[0m18:22:53.225005 [debug] [Thread-4 (]: Opening a new connection, currently in state closed
[0m18:22:53.223950 [debug] [Thread-2 (]: On model.insurance_demo.stg_policy_types: /* {"app": "dbt", "dbt_version": "1.12.0b3", "profile_name": "insurance_profile", "target_name": "dev", "node_id": "model.insurance_demo.stg_policy_types"} */
alter table "postgres"."public"."stg_policy_types__dbt_tmp" rename to "stg_policy_types"
[0m18:22:53.226293 [debug] [Thread-2 (]: SQL status: ALTER TABLE in 0.000 seconds
[0m18:22:53.228165 [debug] [Thread-2 (]: On model.insurance_demo.stg_policy_types: COMMIT
[0m18:22:53.228520 [debug] [Thread-2 (]: Using postgres connection "model.insurance_demo.stg_policy_types"
[0m18:22:53.228793 [debug] [Thread-2 (]: On model.insurance_demo.stg_policy_types: COMMIT
[0m18:22:53.231077 [debug] [Thread-2 (]: SQL status: COMMIT in 0.002 seconds
[0m18:22:53.232631 [debug] [Thread-2 (]: Applying DROP to: "postgres"."public"."stg_policy_types__dbt_backup"
[0m18:22:53.233166 [debug] [Thread-2 (]: Using postgres connection "model.insurance_demo.stg_policy_types"
[0m18:22:53.233425 [debug] [Thread-2 (]: On model.insurance_demo.stg_policy_types: /* {"app": "dbt", "dbt_version": "1.12.0b3", "profile_name": "insurance_profile", "target_name": "dev", "node_id": "model.insurance_demo.stg_policy_types"} */
drop view if exists "postgres"."public"."stg_policy_types__dbt_backup" cascade
[0m18:22:53.234774 [debug] [Thread-2 (]: SQL status: DROP VIEW in 0.001 seconds
[0m18:22:53.235749 [debug] [Thread-2 (]: On model.insurance_demo.stg_policy_types: Close
[0m18:22:53.236247 [debug] [Thread-2 (]: Sending event: {'category': 'dbt', 'action': 'run_model', 'label': '34c71f91-a6a1-4431-837a-c6e7c0a5baa4', 'context': [<snowplow_tracker.self_describing_json.SelfDescribingJson object at 0x000001F4D62F7D20>]}
[0m18:22:53.236747 [info ] [Thread-2 (]: 6 of 19 OK created sql view model public.stg_policy_types ...................... [[32mCREATE VIEW[0m in 0.14s]
[0m18:22:53.237216 [debug] [Thread-2 (]: Finished running node model.insurance_demo.stg_policy_types
[0m18:22:53.237553 [debug] [Thread-2 (]: Began running node test.insurance_demo.not_null_stg_policies_customer_id.6c3638fada
[0m18:22:53.238021 [info ] [Thread-2 (]: 10 of 19 START test not_null_stg_policies_customer_id .......................... [RUN]
[0m18:22:53.238673 [debug] [Thread-2 (]: Re-using an available connection from the pool (formerly model.insurance_demo.stg_policy_types, now test.insurance_demo.not_null_stg_policies_customer_id.6c3638fada)
[0m18:22:53.239755 [debug] [Thread-2 (]: Began compiling node test.insurance_demo.not_null_stg_policies_customer_id.6c3638fada
[0m18:22:53.244248 [debug] [Thread-2 (]: Writing injected SQL for node "test.insurance_demo.not_null_stg_policies_customer_id.6c3638fada"
[0m18:22:53.239185 [debug] [Thread-1 (]: SQL status: SELECT 1 in 0.070 seconds
[0m18:22:53.247862 [debug] [Thread-1 (]: On test.insurance_demo.not_null_stg_claims_claim_id.f8032ece86: ROLLBACK
[0m18:22:53.248245 [debug] [Thread-3 (]: SQL status: SELECT 1 in 0.077 seconds
[0m18:22:53.249391 [debug] [Thread-3 (]: On test.insurance_demo.not_null_stg_claims_policy_id.7e20e3e912: ROLLBACK
[0m18:22:53.250484 [debug] [Thread-2 (]: Began executing node test.insurance_demo.not_null_stg_policies_customer_id.6c3638fada
[0m18:22:53.253446 [debug] [Thread-2 (]: Writing runtime sql for node "test.insurance_demo.not_null_stg_policies_customer_id.6c3638fada"
[0m18:22:53.249847 [debug] [Thread-1 (]: On test.insurance_demo.not_null_stg_claims_claim_id.f8032ece86: Close
[0m18:22:53.250821 [debug] [Thread-3 (]: On test.insurance_demo.not_null_stg_claims_policy_id.7e20e3e912: Close
[0m18:22:53.254617 [info ] [Thread-1 (]: 7 of 19 PASS not_null_stg_claims_claim_id ...................................... [[32mPASS[0m in 0.13s]
[0m18:22:53.256589 [debug] [Thread-1 (]: Finished running node test.insurance_demo.not_null_stg_claims_claim_id.f8032ece86
[0m18:22:53.257614 [debug] [Thread-1 (]: Began running node test.insurance_demo.not_null_stg_policies_policy_id.83c6a6a32c
[0m18:22:53.255414 [info ] [Thread-3 (]: 8 of 19 PASS not_null_stg_claims_policy_id ..................................... [[32mPASS[0m in 0.13s]
[0m18:22:53.259924 [debug] [Thread-3 (]: Finished running node test.insurance_demo.not_null_stg_claims_policy_id.7e20e3e912
[0m18:22:53.260455 [debug] [Thread-3 (]: Began running node test.insurance_demo.relationships_stg_claims_policy_id__policy_id__ref_stg_policies_.f863c76852
[0m18:22:53.258351 [info ] [Thread-1 (]: 11 of 19 START test not_null_stg_policies_policy_id ............................ [RUN]
[0m18:22:53.259206 [debug] [Thread-2 (]: Using postgres connection "test.insurance_demo.not_null_stg_policies_customer_id.6c3638fada"
[0m18:22:53.261811 [debug] [Thread-2 (]: On test.insurance_demo.not_null_stg_policies_customer_id.6c3638fada: /* {"app": "dbt", "dbt_version": "1.12.0b3", "profile_name": "insurance_profile", "target_name": "dev", "node_id": "test.insurance_demo.not_null_stg_policies_customer_id.6c3638fada"} */

    
    select
      count(*) as failures,
      count(*) != 0 as should_warn,
      count(*) != 0 as should_error
    from (
      
    
  
    
    



select customer_id
from "postgres"."public"."stg_policies"
where customer_id is null



  
  
      
    ) dbt_internal_test
[0m18:22:53.262108 [debug] [Thread-2 (]: Opening a new connection, currently in state closed
[0m18:22:53.260938 [info ] [Thread-3 (]: 12 of 19 START test relationships_stg_claims_policy_id__policy_id__ref_stg_policies_  [RUN]
[0m18:22:53.262576 [debug] [Thread-3 (]: Re-using an available connection from the pool (formerly test.insurance_demo.not_null_stg_claims_policy_id.7e20e3e912, now test.insurance_demo.relationships_stg_claims_policy_id__policy_id__ref_stg_policies_.f863c76852)
[0m18:22:53.261431 [debug] [Thread-1 (]: Re-using an available connection from the pool (formerly test.insurance_demo.not_null_stg_claims_claim_id.f8032ece86, now test.insurance_demo.not_null_stg_policies_policy_id.83c6a6a32c)
[0m18:22:53.263480 [debug] [Thread-1 (]: Began compiling node test.insurance_demo.not_null_stg_policies_policy_id.83c6a6a32c
[0m18:22:53.266929 [debug] [Thread-1 (]: Writing injected SQL for node "test.insurance_demo.not_null_stg_policies_policy_id.83c6a6a32c"
[0m18:22:53.262993 [debug] [Thread-3 (]: Began compiling node test.insurance_demo.relationships_stg_claims_policy_id__policy_id__ref_stg_policies_.f863c76852
[0m18:22:53.273077 [debug] [Thread-3 (]: Writing injected SQL for node "test.insurance_demo.relationships_stg_claims_policy_id__policy_id__ref_stg_policies_.f863c76852"
[0m18:22:53.274292 [debug] [Thread-1 (]: Began executing node test.insurance_demo.not_null_stg_policies_policy_id.83c6a6a32c
[0m18:22:53.276741 [debug] [Thread-1 (]: Writing runtime sql for node "test.insurance_demo.not_null_stg_policies_policy_id.83c6a6a32c"
[0m18:22:53.274749 [debug] [Thread-3 (]: Began executing node test.insurance_demo.relationships_stg_claims_policy_id__policy_id__ref_stg_policies_.f863c76852
[0m18:22:53.278827 [debug] [Thread-3 (]: Writing runtime sql for node "test.insurance_demo.relationships_stg_claims_policy_id__policy_id__ref_stg_policies_.f863c76852"
[0m18:22:53.279965 [debug] [Thread-1 (]: Using postgres connection "test.insurance_demo.not_null_stg_policies_policy_id.83c6a6a32c"
[0m18:22:53.280341 [debug] [Thread-1 (]: On test.insurance_demo.not_null_stg_policies_policy_id.83c6a6a32c: /* {"app": "dbt", "dbt_version": "1.12.0b3", "profile_name": "insurance_profile", "target_name": "dev", "node_id": "test.insurance_demo.not_null_stg_policies_policy_id.83c6a6a32c"} */

    
    select
      count(*) as failures,
      count(*) != 0 as should_warn,
      count(*) != 0 as should_error
    from (
      
    
  
    
    



select policy_id
from "postgres"."public"."stg_policies"
where policy_id is null



  
  
      
    ) dbt_internal_test
[0m18:22:53.280645 [debug] [Thread-1 (]: Opening a new connection, currently in state closed
[0m18:22:53.281896 [debug] [Thread-3 (]: Using postgres connection "test.insurance_demo.relationships_stg_claims_policy_id__policy_id__ref_stg_policies_.f863c76852"
[0m18:22:53.282268 [debug] [Thread-3 (]: On test.insurance_demo.relationships_stg_claims_policy_id__policy_id__ref_stg_policies_.f863c76852: /* {"app": "dbt", "dbt_version": "1.12.0b3", "profile_name": "insurance_profile", "target_name": "dev", "node_id": "test.insurance_demo.relationships_stg_claims_policy_id__policy_id__ref_stg_policies_.f863c76852"} */

    
    select
      count(*) as failures,
      count(*) != 0 as should_warn,
      count(*) != 0 as should_error
    from (
      
    
  
    
    

with child as (
    select policy_id as from_field
    from "postgres"."public"."stg_claims"
    where policy_id is not null
),

parent as (
    select policy_id as to_field
    from "postgres"."public"."stg_policies"
)

select
    from_field

from child
left join parent
    on child.from_field = parent.to_field

where parent.to_field is null



  
  
      
    ) dbt_internal_test
[0m18:22:53.282545 [debug] [Thread-3 (]: Opening a new connection, currently in state closed
[0m18:22:53.301322 [debug] [Thread-4 (]: SQL status: SELECT 1 in 0.076 seconds
[0m18:22:53.303257 [debug] [Thread-4 (]: On test.insurance_demo.unique_stg_claims_claim_id.0e20e780e5: ROLLBACK
[0m18:22:53.304134 [debug] [Thread-4 (]: On test.insurance_demo.unique_stg_claims_claim_id.0e20e780e5: Close
[0m18:22:53.305209 [info ] [Thread-4 (]: 9 of 19 PASS unique_stg_claims_claim_id ........................................ [[32mPASS[0m in 0.10s]
[0m18:22:53.306394 [debug] [Thread-4 (]: Finished running node test.insurance_demo.unique_stg_claims_claim_id.0e20e780e5
[0m18:22:53.307130 [debug] [Thread-4 (]: Began running node test.insurance_demo.relationships_stg_policies_customer_id__customer_id__ref_stg_customers_.b5a40ed1d6
[0m18:22:53.307923 [info ] [Thread-4 (]: 13 of 19 START test relationships_stg_policies_customer_id__customer_id__ref_stg_customers_  [RUN]
[0m18:22:53.308945 [debug] [Thread-4 (]: Re-using an available connection from the pool (formerly test.insurance_demo.unique_stg_claims_claim_id.0e20e780e5, now test.insurance_demo.relationships_stg_policies_customer_id__customer_id__ref_stg_customers_.b5a40ed1d6)
[0m18:22:53.309663 [debug] [Thread-4 (]: Began compiling node test.insurance_demo.relationships_stg_policies_customer_id__customer_id__ref_stg_customers_.b5a40ed1d6
[0m18:22:53.317626 [debug] [Thread-4 (]: Writing injected SQL for node "test.insurance_demo.relationships_stg_policies_customer_id__customer_id__ref_stg_customers_.b5a40ed1d6"
[0m18:22:53.319321 [debug] [Thread-4 (]: Began executing node test.insurance_demo.relationships_stg_policies_customer_id__customer_id__ref_stg_customers_.b5a40ed1d6
[0m18:22:53.321074 [debug] [Thread-4 (]: Writing runtime sql for node "test.insurance_demo.relationships_stg_policies_customer_id__customer_id__ref_stg_customers_.b5a40ed1d6"
[0m18:22:53.323273 [debug] [Thread-4 (]: Using postgres connection "test.insurance_demo.relationships_stg_policies_customer_id__customer_id__ref_stg_customers_.b5a40ed1d6"
[0m18:22:53.324133 [debug] [Thread-4 (]: On test.insurance_demo.relationships_stg_policies_customer_id__customer_id__ref_stg_customers_.b5a40ed1d6: /* {"app": "dbt", "dbt_version": "1.12.0b3", "profile_name": "insurance_profile", "target_name": "dev", "node_id": "test.insurance_demo.relationships_stg_policies_customer_id__customer_id__ref_stg_customers_.b5a40ed1d6"} */

    
    select
      count(*) as failures,
      count(*) != 0 as should_warn,
      count(*) != 0 as should_error
    from (
      
    
  
    
    

with child as (
    select customer_id as from_field
    from "postgres"."public"."stg_policies"
    where customer_id is not null
),

parent as (
    select customer_id as to_field
    from "postgres"."public"."stg_customers"
)

select
    from_field

from child
left join parent
    on child.from_field = parent.to_field

where parent.to_field is null



  
  
      
    ) dbt_internal_test
[0m18:22:53.324533 [debug] [Thread-4 (]: Opening a new connection, currently in state closed
[0m18:22:53.345934 [debug] [Thread-2 (]: SQL status: SELECT 1 in 0.084 seconds
[0m18:22:53.347697 [debug] [Thread-2 (]: On test.insurance_demo.not_null_stg_policies_customer_id.6c3638fada: ROLLBACK
[0m18:22:53.348501 [debug] [Thread-2 (]: On test.insurance_demo.not_null_stg_policies_customer_id.6c3638fada: Close
[0m18:22:53.349626 [info ] [Thread-2 (]: 10 of 19 PASS not_null_stg_policies_customer_id ................................ [[32mPASS[0m in 0.11s]
[0m18:22:53.350707 [debug] [Thread-2 (]: Finished running node test.insurance_demo.not_null_stg_policies_customer_id.6c3638fada
[0m18:22:53.351354 [debug] [Thread-2 (]: Began running node test.insurance_demo.unique_stg_policies_policy_id.cb33dd12e6
[0m18:22:53.352067 [info ] [Thread-2 (]: 14 of 19 START test unique_stg_policies_policy_id .............................. [RUN]
[0m18:22:53.352872 [debug] [Thread-2 (]: Re-using an available connection from the pool (formerly test.insurance_demo.not_null_stg_policies_customer_id.6c3638fada, now test.insurance_demo.unique_stg_policies_policy_id.cb33dd12e6)
[0m18:22:53.353800 [debug] [Thread-2 (]: Began compiling node test.insurance_demo.unique_stg_policies_policy_id.cb33dd12e6
[0m18:22:53.353394 [debug] [Thread-1 (]: SQL status: SELECT 1 in 0.073 seconds
[0m18:22:53.358907 [debug] [Thread-1 (]: On test.insurance_demo.not_null_stg_policies_policy_id.83c6a6a32c: ROLLBACK
[0m18:22:53.357213 [debug] [Thread-2 (]: Writing injected SQL for node "test.insurance_demo.unique_stg_policies_policy_id.cb33dd12e6"
[0m18:22:53.359759 [debug] [Thread-1 (]: On test.insurance_demo.not_null_stg_policies_policy_id.83c6a6a32c: Close
[0m18:22:53.360386 [info ] [Thread-1 (]: 11 of 19 PASS not_null_stg_policies_policy_id .................................. [[32mPASS[0m in 0.10s]
[0m18:22:53.360871 [debug] [Thread-1 (]: Finished running node test.insurance_demo.not_null_stg_policies_policy_id.83c6a6a32c
[0m18:22:53.361180 [debug] [Thread-1 (]: Began running node model.insurance_demo.int_claims_per_policy
[0m18:22:53.361489 [debug] [Thread-2 (]: Began executing node test.insurance_demo.unique_stg_policies_policy_id.cb33dd12e6
[0m18:22:53.363871 [debug] [Thread-2 (]: Writing runtime sql for node "test.insurance_demo.unique_stg_policies_policy_id.cb33dd12e6"
[0m18:22:53.361936 [info ] [Thread-1 (]: 15 of 19 START sql view model public.int_claims_per_policy ..................... [RUN]
[0m18:22:53.364456 [debug] [Thread-1 (]: Re-using an available connection from the pool (formerly test.insurance_demo.not_null_stg_policies_policy_id.83c6a6a32c, now model.insurance_demo.int_claims_per_policy)
[0m18:22:53.364799 [debug] [Thread-1 (]: Began compiling node model.insurance_demo.int_claims_per_policy
[0m18:22:53.366722 [debug] [Thread-1 (]: Writing injected SQL for node "model.insurance_demo.int_claims_per_policy"
[0m18:22:53.367113 [debug] [Thread-3 (]: SQL status: SELECT 1 in 0.085 seconds
[0m18:22:53.368059 [debug] [Thread-3 (]: On test.insurance_demo.relationships_stg_claims_policy_id__policy_id__ref_stg_policies_.f863c76852: ROLLBACK
[0m18:22:53.368434 [debug] [Thread-2 (]: Using postgres connection "test.insurance_demo.unique_stg_policies_policy_id.cb33dd12e6"
[0m18:22:53.369007 [debug] [Thread-2 (]: On test.insurance_demo.unique_stg_policies_policy_id.cb33dd12e6: /* {"app": "dbt", "dbt_version": "1.12.0b3", "profile_name": "insurance_profile", "target_name": "dev", "node_id": "test.insurance_demo.unique_stg_policies_policy_id.cb33dd12e6"} */

    
    select
      count(*) as failures,
      count(*) != 0 as should_warn,
      count(*) != 0 as should_error
    from (
      
    
  
    
    

select
    policy_id as unique_field,
    count(*) as n_records

from "postgres"."public"."stg_policies"
where policy_id is not null
group by policy_id
having count(*) > 1



  
  
      
    ) dbt_internal_test
[0m18:22:53.369295 [debug] [Thread-2 (]: Opening a new connection, currently in state closed
[0m18:22:53.368707 [debug] [Thread-3 (]: On test.insurance_demo.relationships_stg_claims_policy_id__policy_id__ref_stg_policies_.f863c76852: Close
[0m18:22:53.370244 [debug] [Thread-1 (]: Began executing node model.insurance_demo.int_claims_per_policy
[0m18:22:53.369947 [info ] [Thread-3 (]: 12 of 19 PASS relationships_stg_claims_policy_id__policy_id__ref_stg_policies_ . [[32mPASS[0m in 0.11s]
[0m18:22:53.374082 [debug] [Thread-3 (]: Finished running node test.insurance_demo.relationships_stg_claims_policy_id__policy_id__ref_stg_policies_.f863c76852
[0m18:22:53.374535 [debug] [Thread-3 (]: Began running node model.insurance_demo.int_payments_per_policy
[0m18:22:53.373385 [debug] [Thread-1 (]: Writing runtime sql for node "model.insurance_demo.int_claims_per_policy"
[0m18:22:53.375063 [info ] [Thread-3 (]: 16 of 19 START sql view model public.int_payments_per_policy ................... [RUN]
[0m18:22:53.375967 [debug] [Thread-3 (]: Re-using an available connection from the pool (formerly test.insurance_demo.relationships_stg_claims_policy_id__policy_id__ref_stg_policies_.f863c76852, now model.insurance_demo.int_payments_per_policy)
[0m18:22:53.376752 [debug] [Thread-3 (]: Began compiling node model.insurance_demo.int_payments_per_policy
[0m18:22:53.379864 [debug] [Thread-3 (]: Writing injected SQL for node "model.insurance_demo.int_payments_per_policy"
[0m18:22:53.380334 [debug] [Thread-1 (]: Using postgres connection "model.insurance_demo.int_claims_per_policy"
[0m18:22:53.380916 [debug] [Thread-1 (]: On model.insurance_demo.int_claims_per_policy: /* {"app": "dbt", "dbt_version": "1.12.0b3", "profile_name": "insurance_profile", "target_name": "dev", "node_id": "model.insurance_demo.int_claims_per_policy"} */

  create view "postgres"."public"."int_claims_per_policy__dbt_tmp"
    
    
  as (
    with claims as (
    select * from "postgres"."public"."stg_claims"
)

select 
    policy_id,
    count(*) as claim_count,
    sum(claim_amount) as total_claim_amount
from claims
where claim_date >= current_date - interval '12 months'
group by policy_id
  );
[0m18:22:53.381290 [debug] [Thread-1 (]: Opening a new connection, currently in state closed
[0m18:22:53.382136 [debug] [Thread-3 (]: Began executing node model.insurance_demo.int_payments_per_policy
[0m18:22:53.384533 [debug] [Thread-3 (]: Writing runtime sql for node "model.insurance_demo.int_payments_per_policy"
[0m18:22:53.386012 [debug] [Thread-3 (]: Using postgres connection "model.insurance_demo.int_payments_per_policy"
[0m18:22:53.386418 [debug] [Thread-3 (]: On model.insurance_demo.int_payments_per_policy: /* {"app": "dbt", "dbt_version": "1.12.0b3", "profile_name": "insurance_profile", "target_name": "dev", "node_id": "model.insurance_demo.int_payments_per_policy"} */

  create view "postgres"."public"."int_payments_per_policy__dbt_tmp"
    
    
  as (
    with claims as (
    select * from "postgres"."public"."stg_claims"
),
claim_payments as (
    select * from "postgres"."public"."stg_claim_payments"
)

select 
    c.policy_id,
    sum(cp.payment_amount) as total_claim_payments
from claims c 
join claim_payments cp on cp.claim_id = c.claim_id
where c.claim_date >= current_date - interval '12 months'
group by c.policy_id
  );
[0m18:22:53.386739 [debug] [Thread-3 (]: Opening a new connection, currently in state closed
[0m18:22:53.435804 [debug] [Thread-2 (]: SQL status: SELECT 1 in 0.066 seconds
[0m18:22:53.436840 [debug] [Thread-2 (]: On test.insurance_demo.unique_stg_policies_policy_id.cb33dd12e6: ROLLBACK
[0m18:22:53.437300 [debug] [Thread-2 (]: On test.insurance_demo.unique_stg_policies_policy_id.cb33dd12e6: Close
[0m18:22:53.437792 [info ] [Thread-2 (]: 14 of 19 PASS unique_stg_policies_policy_id .................................... [[32mPASS[0m in 0.09s]
[0m18:22:53.438332 [debug] [Thread-2 (]: Finished running node test.insurance_demo.unique_stg_policies_policy_id.cb33dd12e6
[0m18:22:53.448758 [debug] [Thread-1 (]: SQL status: CREATE VIEW in 0.067 seconds
[0m18:22:53.450824 [debug] [Thread-1 (]: Using postgres connection "model.insurance_demo.int_claims_per_policy"
[0m18:22:53.451139 [debug] [Thread-1 (]: On model.insurance_demo.int_claims_per_policy: /* {"app": "dbt", "dbt_version": "1.12.0b3", "profile_name": "insurance_profile", "target_name": "dev", "node_id": "model.insurance_demo.int_claims_per_policy"} */
alter table "postgres"."public"."int_claims_per_policy__dbt_tmp" rename to "int_claims_per_policy"
[0m18:22:53.451696 [debug] [Thread-1 (]: SQL status: ALTER TABLE in 0.000 seconds
[0m18:22:53.452601 [debug] [Thread-1 (]: On model.insurance_demo.int_claims_per_policy: COMMIT
[0m18:22:53.452889 [debug] [Thread-1 (]: Using postgres connection "model.insurance_demo.int_claims_per_policy"
[0m18:22:53.453113 [debug] [Thread-1 (]: On model.insurance_demo.int_claims_per_policy: COMMIT
[0m18:22:53.454293 [debug] [Thread-3 (]: SQL status: CREATE VIEW in 0.068 seconds
[0m18:22:53.456369 [debug] [Thread-3 (]: Using postgres connection "model.insurance_demo.int_payments_per_policy"
[0m18:22:53.457074 [debug] [Thread-3 (]: On model.insurance_demo.int_payments_per_policy: /* {"app": "dbt", "dbt_version": "1.12.0b3", "profile_name": "insurance_profile", "target_name": "dev", "node_id": "model.insurance_demo.int_payments_per_policy"} */
alter table "postgres"."public"."int_payments_per_policy__dbt_tmp" rename to "int_payments_per_policy"
[0m18:22:53.456775 [debug] [Thread-1 (]: SQL status: COMMIT in 0.003 seconds
[0m18:22:53.459743 [debug] [Thread-1 (]: Applying DROP to: "postgres"."public"."int_claims_per_policy__dbt_backup"
[0m18:22:53.460833 [debug] [Thread-1 (]: Using postgres connection "model.insurance_demo.int_claims_per_policy"
[0m18:22:53.461387 [debug] [Thread-1 (]: On model.insurance_demo.int_claims_per_policy: /* {"app": "dbt", "dbt_version": "1.12.0b3", "profile_name": "insurance_profile", "target_name": "dev", "node_id": "model.insurance_demo.int_claims_per_policy"} */
drop view if exists "postgres"."public"."int_claims_per_policy__dbt_backup" cascade
[0m18:22:53.460141 [debug] [Thread-3 (]: SQL status: ALTER TABLE in 0.003 seconds
[0m18:22:53.462719 [debug] [Thread-3 (]: On model.insurance_demo.int_payments_per_policy: COMMIT
[0m18:22:53.463339 [debug] [Thread-3 (]: Using postgres connection "model.insurance_demo.int_payments_per_policy"
[0m18:22:53.463602 [debug] [Thread-3 (]: On model.insurance_demo.int_payments_per_policy: COMMIT
[0m18:22:53.463064 [debug] [Thread-1 (]: SQL status: DROP VIEW in 0.001 seconds
[0m18:22:53.464562 [debug] [Thread-1 (]: On model.insurance_demo.int_claims_per_policy: Close
[0m18:22:53.464876 [debug] [Thread-3 (]: SQL status: COMMIT in 0.001 seconds
[0m18:22:53.466811 [debug] [Thread-3 (]: Applying DROP to: "postgres"."public"."int_payments_per_policy__dbt_backup"
[0m18:22:53.465254 [debug] [Thread-1 (]: Sending event: {'category': 'dbt', 'action': 'run_model', 'label': '34c71f91-a6a1-4431-837a-c6e7c0a5baa4', 'context': [<snowplow_tracker.self_describing_json.SelfDescribingJson object at 0x000001F4D6553FB0>]}
[0m18:22:53.467416 [debug] [Thread-3 (]: Using postgres connection "model.insurance_demo.int_payments_per_policy"
[0m18:22:53.468725 [debug] [Thread-3 (]: On model.insurance_demo.int_payments_per_policy: /* {"app": "dbt", "dbt_version": "1.12.0b3", "profile_name": "insurance_profile", "target_name": "dev", "node_id": "model.insurance_demo.int_payments_per_policy"} */
drop view if exists "postgres"."public"."int_payments_per_policy__dbt_backup" cascade
[0m18:22:53.468221 [info ] [Thread-1 (]: 15 of 19 OK created sql view model public.int_claims_per_policy ................ [[32mCREATE VIEW[0m in 0.10s]
[0m18:22:53.469652 [debug] [Thread-1 (]: Finished running node model.insurance_demo.int_claims_per_policy
[0m18:22:53.470073 [debug] [Thread-3 (]: SQL status: DROP VIEW in 0.001 seconds
[0m18:22:53.471168 [debug] [Thread-3 (]: On model.insurance_demo.int_payments_per_policy: Close
[0m18:22:53.471665 [debug] [Thread-3 (]: Sending event: {'category': 'dbt', 'action': 'run_model', 'label': '34c71f91-a6a1-4431-837a-c6e7c0a5baa4', 'context': [<snowplow_tracker.self_describing_json.SelfDescribingJson object at 0x000001F4D66F4D70>]}
[0m18:22:53.472151 [info ] [Thread-3 (]: 16 of 19 OK created sql view model public.int_payments_per_policy .............. [[32mCREATE VIEW[0m in 0.10s]
[0m18:22:53.472744 [debug] [Thread-3 (]: Finished running node model.insurance_demo.int_payments_per_policy
[0m18:22:53.494288 [debug] [Thread-4 (]: SQL status: SELECT 1 in 0.170 seconds
[0m18:22:53.495441 [debug] [Thread-4 (]: On test.insurance_demo.relationships_stg_policies_customer_id__customer_id__ref_stg_customers_.b5a40ed1d6: ROLLBACK
[0m18:22:53.495927 [debug] [Thread-4 (]: On test.insurance_demo.relationships_stg_policies_customer_id__customer_id__ref_stg_customers_.b5a40ed1d6: Close
[0m18:22:53.496457 [info ] [Thread-4 (]: 13 of 19 PASS relationships_stg_policies_customer_id__customer_id__ref_stg_customers_  [[32mPASS[0m in 0.19s]
[0m18:22:53.496926 [debug] [Thread-4 (]: Finished running node test.insurance_demo.relationships_stg_policies_customer_id__customer_id__ref_stg_customers_.b5a40ed1d6
[0m18:22:53.497449 [debug] [Thread-2 (]: Began running node model.insurance_demo.claim_risk_report
[0m18:22:53.497826 [info ] [Thread-2 (]: 17 of 19 START sql table model public.claim_risk_report ........................ [RUN]
[0m18:22:53.498272 [debug] [Thread-2 (]: Re-using an available connection from the pool (formerly test.insurance_demo.unique_stg_policies_policy_id.cb33dd12e6, now model.insurance_demo.claim_risk_report)
[0m18:22:53.498546 [debug] [Thread-2 (]: Began compiling node model.insurance_demo.claim_risk_report
[0m18:22:53.501183 [debug] [Thread-2 (]: Writing injected SQL for node "model.insurance_demo.claim_risk_report"
[0m18:22:53.502526 [debug] [Thread-2 (]: Began executing node model.insurance_demo.claim_risk_report
[0m18:22:53.516619 [debug] [Thread-2 (]: Writing runtime sql for node "model.insurance_demo.claim_risk_report"
[0m18:22:53.518059 [debug] [Thread-2 (]: Using postgres connection "model.insurance_demo.claim_risk_report"
[0m18:22:53.518418 [debug] [Thread-2 (]: On model.insurance_demo.claim_risk_report: /* {"app": "dbt", "dbt_version": "1.12.0b3", "profile_name": "insurance_profile", "target_name": "dev", "node_id": "model.insurance_demo.claim_risk_report"} */

  
    

  create  table "postgres"."public"."claim_risk_report__dbt_tmp"
  
  
    as
  
  (
    with policies as (
    select * from "postgres"."public"."stg_policies"
),
customers as (
    select * from "postgres"."public"."stg_customers"
),
agents as (
    select * from "postgres"."public"."stg_agents"
),
policy_types as (
    select * from "postgres"."public"."stg_policy_types"
),
claims_agg as (
    select * from "postgres"."public"."int_claims_per_policy"
),
pay_agg as (
    select * from "postgres"."public"."int_payments_per_policy"
),
report as (
    select 
        cu.customer_name,
        cu.city,
        pt.policy_type_name as policy_type,
        ag.agent_name,
        p.premium as total_premium_collected,
        ca.total_claim_amount,
        coalesce(pa.total_claim_payments, 0) as total_claim_payments,
        ca.claim_count,
        round(coalesce(pa.total_claim_payments, 0) * 100.0 / nullif(p.premium, 0), 2) as claim_ratio
    from policies p
    join customers cu on cu.customer_id = p.customer_id
    join agents ag on ag.agent_id = p.agent_id
    join policy_types pt on pt.policy_type_id = p.policy_type_id
    join claims_agg ca on ca.policy_id = p.policy_id
    left join pay_agg pa on pa.policy_id = p.policy_id
    where ca.claim_count >= 2
)

select 
    customer_name,
    city,
    policy_type,
    agent_name,
    total_premium_collected,
    total_claim_amount,
    total_claim_payments,
    claim_ratio,
    case
        when claim_ratio > 80 then 'High Risk'
        when claim_ratio >= 40 then 'Medium Risk'
        else 'Low Risk'
    end as risk_category,
    rank() over(partition by city order by claim_ratio desc) as rank_in_city
from report
order by city, rank_in_city
  );
  
[0m18:22:53.518725 [debug] [Thread-2 (]: Opening a new connection, currently in state closed
[0m18:22:53.606552 [debug] [Thread-2 (]: SQL status: SELECT 50 in 0.088 seconds
[0m18:22:53.611066 [debug] [Thread-2 (]: Using postgres connection "model.insurance_demo.claim_risk_report"
[0m18:22:53.611373 [debug] [Thread-2 (]: On model.insurance_demo.claim_risk_report: /* {"app": "dbt", "dbt_version": "1.12.0b3", "profile_name": "insurance_profile", "target_name": "dev", "node_id": "model.insurance_demo.claim_risk_report"} */
alter table "postgres"."public"."claim_risk_report" rename to "claim_risk_report__dbt_backup"
[0m18:22:53.611972 [debug] [Thread-2 (]: SQL status: ALTER TABLE in 0.000 seconds
[0m18:22:53.613715 [debug] [Thread-2 (]: Using postgres connection "model.insurance_demo.claim_risk_report"
[0m18:22:53.614013 [debug] [Thread-2 (]: On model.insurance_demo.claim_risk_report: /* {"app": "dbt", "dbt_version": "1.12.0b3", "profile_name": "insurance_profile", "target_name": "dev", "node_id": "model.insurance_demo.claim_risk_report"} */
alter table "postgres"."public"."claim_risk_report__dbt_tmp" rename to "claim_risk_report"
[0m18:22:53.615213 [debug] [Thread-2 (]: SQL status: ALTER TABLE in 0.001 seconds
[0m18:22:53.616295 [debug] [Thread-2 (]: On model.insurance_demo.claim_risk_report: COMMIT
[0m18:22:53.616580 [debug] [Thread-2 (]: Using postgres connection "model.insurance_demo.claim_risk_report"
[0m18:22:53.616827 [debug] [Thread-2 (]: On model.insurance_demo.claim_risk_report: COMMIT
[0m18:22:53.619276 [debug] [Thread-2 (]: SQL status: COMMIT in 0.002 seconds
[0m18:22:53.621096 [debug] [Thread-2 (]: Applying DROP to: "postgres"."public"."claim_risk_report__dbt_backup"
[0m18:22:53.623405 [debug] [Thread-2 (]: Using postgres connection "model.insurance_demo.claim_risk_report"
[0m18:22:53.623771 [debug] [Thread-2 (]: On model.insurance_demo.claim_risk_report: /* {"app": "dbt", "dbt_version": "1.12.0b3", "profile_name": "insurance_profile", "target_name": "dev", "node_id": "model.insurance_demo.claim_risk_report"} */
drop table if exists "postgres"."public"."claim_risk_report__dbt_backup" cascade
[0m18:22:53.627096 [debug] [Thread-2 (]: SQL status: DROP TABLE in 0.003 seconds
[0m18:22:53.628284 [debug] [Thread-2 (]: On model.insurance_demo.claim_risk_report: Close
[0m18:22:53.628888 [debug] [Thread-2 (]: Sending event: {'category': 'dbt', 'action': 'run_model', 'label': '34c71f91-a6a1-4431-837a-c6e7c0a5baa4', 'context': [<snowplow_tracker.self_describing_json.SelfDescribingJson object at 0x000001F4D66326F0>]}
[0m18:22:53.629449 [info ] [Thread-2 (]: 17 of 19 OK created sql table model public.claim_risk_report ................... [[32mSELECT 50[0m in 0.13s]
[0m18:22:53.629980 [debug] [Thread-2 (]: Finished running node model.insurance_demo.claim_risk_report
[0m18:22:53.630793 [debug] [Thread-1 (]: Began running node test.insurance_demo.accepted_values_claim_risk_report_risk_category__High_Risk__Medium_Risk__Low_Risk.5d4ee805c9
[0m18:22:53.631204 [info ] [Thread-1 (]: 18 of 19 START test accepted_values_claim_risk_report_risk_category__High_Risk__Medium_Risk__Low_Risk  [RUN]
[0m18:22:53.631636 [debug] [Thread-1 (]: Re-using an available connection from the pool (formerly model.insurance_demo.int_claims_per_policy, now test.insurance_demo.accepted_values_claim_risk_report_risk_category__High_Risk__Medium_Risk__Low_Risk.5d4ee805c9)
[0m18:22:53.632019 [debug] [Thread-1 (]: Began compiling node test.insurance_demo.accepted_values_claim_risk_report_risk_category__High_Risk__Medium_Risk__Low_Risk.5d4ee805c9
[0m18:22:53.632296 [debug] [Thread-3 (]: Began running node test.insurance_demo.not_null_claim_risk_report_risk_category.a715a78e61
[0m18:22:53.640169 [info ] [Thread-3 (]: 19 of 19 START test not_null_claim_risk_report_risk_category ................... [RUN]
[0m18:22:53.640782 [debug] [Thread-3 (]: Re-using an available connection from the pool (formerly model.insurance_demo.int_payments_per_policy, now test.insurance_demo.not_null_claim_risk_report_risk_category.a715a78e61)
[0m18:22:53.639698 [debug] [Thread-1 (]: Writing injected SQL for node "test.insurance_demo.accepted_values_claim_risk_report_risk_category__High_Risk__Medium_Risk__Low_Risk.5d4ee805c9"
[0m18:22:53.641152 [debug] [Thread-3 (]: Began compiling node test.insurance_demo.not_null_claim_risk_report_risk_category.a715a78e61
[0m18:22:53.644077 [debug] [Thread-3 (]: Writing injected SQL for node "test.insurance_demo.not_null_claim_risk_report_risk_category.a715a78e61"
[0m18:22:53.645042 [debug] [Thread-1 (]: Began executing node test.insurance_demo.accepted_values_claim_risk_report_risk_category__High_Risk__Medium_Risk__Low_Risk.5d4ee805c9
[0m18:22:53.646539 [debug] [Thread-1 (]: Writing runtime sql for node "test.insurance_demo.accepted_values_claim_risk_report_risk_category__High_Risk__Medium_Risk__Low_Risk.5d4ee805c9"
[0m18:22:53.646858 [debug] [Thread-3 (]: Began executing node test.insurance_demo.not_null_claim_risk_report_risk_category.a715a78e61
[0m18:22:53.648257 [debug] [Thread-3 (]: Writing runtime sql for node "test.insurance_demo.not_null_claim_risk_report_risk_category.a715a78e61"
[0m18:22:53.649222 [debug] [Thread-1 (]: Using postgres connection "test.insurance_demo.accepted_values_claim_risk_report_risk_category__High_Risk__Medium_Risk__Low_Risk.5d4ee805c9"
[0m18:22:53.649851 [debug] [Thread-1 (]: On test.insurance_demo.accepted_values_claim_risk_report_risk_category__High_Risk__Medium_Risk__Low_Risk.5d4ee805c9: /* {"app": "dbt", "dbt_version": "1.12.0b3", "profile_name": "insurance_profile", "target_name": "dev", "node_id": "test.insurance_demo.accepted_values_claim_risk_report_risk_category__High_Risk__Medium_Risk__Low_Risk.5d4ee805c9"} */

    
    select
      count(*) as failures,
      count(*) != 0 as should_warn,
      count(*) != 0 as should_error
    from (
      
    
  
    
    

with all_values as (

    select
        risk_category as value_field,
        count(*) as n_records

    from "postgres"."public"."claim_risk_report"
    group by risk_category

)

select *
from all_values
where value_field not in (
    'High Risk','Medium Risk','Low Risk'
)



  
  
      
    ) dbt_internal_test
[0m18:22:53.650136 [debug] [Thread-1 (]: Opening a new connection, currently in state closed
[0m18:22:53.649530 [debug] [Thread-3 (]: Using postgres connection "test.insurance_demo.not_null_claim_risk_report_risk_category.a715a78e61"
[0m18:22:53.650495 [debug] [Thread-3 (]: On test.insurance_demo.not_null_claim_risk_report_risk_category.a715a78e61: /* {"app": "dbt", "dbt_version": "1.12.0b3", "profile_name": "insurance_profile", "target_name": "dev", "node_id": "test.insurance_demo.not_null_claim_risk_report_risk_category.a715a78e61"} */

    
    select
      count(*) as failures,
      count(*) != 0 as should_warn,
      count(*) != 0 as should_error
    from (
      
    
  
    
    



select risk_category
from "postgres"."public"."claim_risk_report"
where risk_category is null



  
  
      
    ) dbt_internal_test
[0m18:22:53.650739 [debug] [Thread-3 (]: Opening a new connection, currently in state closed
[0m18:22:53.749842 [debug] [Thread-1 (]: SQL status: SELECT 1 in 0.100 seconds
[0m18:22:53.750892 [debug] [Thread-1 (]: On test.insurance_demo.accepted_values_claim_risk_report_risk_category__High_Risk__Medium_Risk__Low_Risk.5d4ee805c9: ROLLBACK
[0m18:22:53.751372 [debug] [Thread-1 (]: On test.insurance_demo.accepted_values_claim_risk_report_risk_category__High_Risk__Medium_Risk__Low_Risk.5d4ee805c9: Close
[0m18:22:53.751884 [info ] [Thread-1 (]: 18 of 19 PASS accepted_values_claim_risk_report_risk_category__High_Risk__Medium_Risk__Low_Risk  [[32mPASS[0m in 0.12s]
[0m18:22:53.752348 [debug] [Thread-1 (]: Finished running node test.insurance_demo.accepted_values_claim_risk_report_risk_category__High_Risk__Medium_Risk__Low_Risk.5d4ee805c9
[0m18:22:53.759182 [debug] [Thread-3 (]: SQL status: SELECT 1 in 0.108 seconds
[0m18:22:53.760240 [debug] [Thread-3 (]: On test.insurance_demo.not_null_claim_risk_report_risk_category.a715a78e61: ROLLBACK
[0m18:22:53.760749 [debug] [Thread-3 (]: On test.insurance_demo.not_null_claim_risk_report_risk_category.a715a78e61: Close
[0m18:22:53.761279 [info ] [Thread-3 (]: 19 of 19 PASS not_null_claim_risk_report_risk_category ......................... [[32mPASS[0m in 0.12s]
[0m18:22:53.761759 [debug] [Thread-3 (]: Finished running node test.insurance_demo.not_null_claim_risk_report_risk_category.a715a78e61
[0m18:22:53.763723 [debug] [MainThread]: On master: COMMIT
[0m18:22:53.764261 [debug] [MainThread]: Using postgres connection "master"
[0m18:22:53.764681 [debug] [MainThread]: On master: COMMIT
[0m18:22:53.765188 [debug] [MainThread]: Opening a new connection, currently in state closed
[0m18:22:53.860417 [debug] [MainThread]: SQL status: COMMIT in 0.095 seconds
[0m18:22:53.860757 [debug] [MainThread]: On master: Close
[0m18:22:53.861115 [debug] [MainThread]: Connection 'master' was properly closed.
[0m18:22:53.861325 [debug] [MainThread]: Connection 'list_postgres' was properly closed.
[0m18:22:53.861496 [debug] [MainThread]: Connection 'list_postgres_public' was properly closed.
[0m18:22:53.861657 [debug] [MainThread]: Connection 'test.insurance_demo.relationships_stg_policies_customer_id__customer_id__ref_stg_customers_.b5a40ed1d6' was properly closed.
[0m18:22:53.861822 [debug] [MainThread]: Connection 'test.insurance_demo.not_null_claim_risk_report_risk_category.a715a78e61' was properly closed.
[0m18:22:53.861985 [debug] [MainThread]: Connection 'test.insurance_demo.accepted_values_claim_risk_report_risk_category__High_Risk__Medium_Risk__Low_Risk.5d4ee805c9' was properly closed.
[0m18:22:53.862214 [debug] [MainThread]: Connection 'model.insurance_demo.claim_risk_report' was properly closed.
[0m18:22:53.862488 [info ] [MainThread]: 
[0m18:22:53.862788 [info ] [MainThread]: Finished running 1 table model, 10 data tests, 8 view models in 0 hours 0 minutes and 1.35 seconds (1.35s).
[0m18:22:53.864959 [debug] [MainThread]: Command end result
[0m18:22:53.884490 [debug] [MainThread]: Wrote artifact WritableManifest to C:\Users\User\Downloads\dbt_insurance_demo\target\manifest.json
[0m18:22:53.887748 [debug] [MainThread]: Wrote artifact SemanticManifest to C:\Users\User\Downloads\dbt_insurance_demo\target\semantic_manifest.json
[0m18:22:53.891448 [debug] [MainThread]: Wrote artifact OsiDocument to C:\Users\User\Downloads\dbt_insurance_demo\target\osi_document.json
[0m18:22:53.897917 [debug] [MainThread]: Wrote artifact RunExecutionResult to C:\Users\User\Downloads\dbt_insurance_demo\target\run_results.json
[0m18:22:53.898212 [info ] [MainThread]: 
[0m18:22:53.898517 [info ] [MainThread]: [32mCompleted successfully[0m
[0m18:22:53.898867 [info ] [MainThread]: 
[0m18:22:53.899211 [info ] [MainThread]: Done. PASS=19 WARN=0 ERROR=0 SKIP=0 NO-OP=0 REUSED=0 TOTAL=19
[0m18:22:53.899913 [debug] [MainThread]: Command `dbt build` succeeded at 18:22:53.899815 after 2.22 seconds
[0m18:22:53.900211 [debug] [MainThread]: Sending event: {'category': 'dbt', 'action': 'invocation', 'label': 'end', 'context': [<snowplow_tracker.self_describing_json.SelfDescribingJson object at 0x000001F4D5155370>, <snowplow_tracker.self_describing_json.SelfDescribingJson object at 0x000001F4D4F36E10>, <snowplow_tracker.self_describing_json.SelfDescribingJson object at 0x000001F4D688A2D0>]}
[0m18:22:53.900543 [debug] [MainThread]: Flushing usage events
[0m18:22:55.659426 [debug] [MainThread]: An error was encountered while trying to flush usage events
[0m18:53:52.460949 [debug] [MainThread]: Sending event: {'category': 'dbt', 'action': 'invocation', 'label': 'start', 'context': [<snowplow_tracker.self_describing_json.SelfDescribingJson object at 0x0000017124E03CB0>, <snowplow_tracker.self_describing_json.SelfDescribingJson object at 0x000001712278D1D0>, <snowplow_tracker.self_describing_json.SelfDescribingJson object at 0x000001712772FC50>]}


============================== 18:53:52.467354 | b18ed874-7b96-4300-97e3-abe1b4963004 ==============================
[0m18:53:52.467354 [info ] [MainThread]: Running with dbt=1.12.0-b3
[0m18:53:52.468003 [debug] [MainThread]: running dbt with arguments {'static_parser': 'True', 'no_print': 'None', 'version_check': 'True', 'target_path': 'None', 'maximum_seed_size_mib': '1', 'warn_error_options': 'WarnErrorOptionsV2(error=[], warn=[], silence=[])', 'printer_width': '80', 'write_json': 'True', 'empty': 'False', 'log_cache_events': 'False', 'introspect': 'True', 'cache_selected_only': 'False', 'fail_fast': 'False', 'debug': 'False', 'log_format': 'default', 'partial_parse': 'True', 'send_anonymous_usage_stats': 'True', 'quiet': 'False', 'warn_error': 'None', 'profiles_dir': 'C:\\Users\\User\\.dbt', 'invocation_command': 'dbt build', 'indirect_selection': 'eager', 'use_colors': 'True', 'use_experimental_parser': 'False', 'log_path': 'C:\\Users\\User\\Downloads\\dbt_insurance_demo\\logs'}
[0m18:53:52.951386 [debug] [MainThread]: Sending event: {'category': 'dbt', 'action': 'project_id', 'label': 'b18ed874-7b96-4300-97e3-abe1b4963004', 'context': [<snowplow_tracker.self_describing_json.SelfDescribingJson object at 0x00000171276D5CD0>]}
[0m18:53:53.224537 [debug] [MainThread]: Sending event: {'category': 'dbt', 'action': 'adapter_info', 'label': 'b18ed874-7b96-4300-97e3-abe1b4963004', 'context': [<snowplow_tracker.self_describing_json.SelfDescribingJson object at 0x00000171274EFBD0>]}
[0m18:53:53.229310 [info ] [MainThread]: Registered adapter: postgres=1.10.2
[0m18:53:54.581955 [debug] [MainThread]: checksum: f835d38e27f2c851a434d54286ec57eea49b211f2d0074fee97ef59e7c153b04, vars: {}, profile: insurance_profile, target: dev, version: 1.12.0b3
[0m18:53:55.376058 [debug] [MainThread]: Partial parsing enabled: 0 files deleted, 0 files added, 0 files changed.
[0m18:53:55.378284 [debug] [MainThread]: Nothing changed, skipping partial parsing.
[0m18:53:55.379461 [debug] [MainThread]: Partial parsing enabled, no changes found, skipping parsing
[0m18:53:55.597703 [debug] [MainThread]: Sending event: {'category': 'dbt', 'action': 'load_project', 'label': 'b18ed874-7b96-4300-97e3-abe1b4963004', 'context': [<snowplow_tracker.self_describing_json.SelfDescribingJson object at 0x0000017128204250>]}
[0m18:53:56.047206 [debug] [MainThread]: Wrote artifact WritableManifest to C:\Users\User\Downloads\dbt_insurance_demo\target\manifest.json
[0m18:53:56.058318 [debug] [MainThread]: Wrote artifact SemanticManifest to C:\Users\User\Downloads\dbt_insurance_demo\target\semantic_manifest.json
[0m18:53:56.167068 [debug] [MainThread]: Wrote artifact OsiDocument to C:\Users\User\Downloads\dbt_insurance_demo\target\osi_document.json
[0m18:53:56.285861 [debug] [MainThread]: Sending event: {'category': 'dbt', 'action': 'resource_counts', 'label': 'b18ed874-7b96-4300-97e3-abe1b4963004', 'context': [<snowplow_tracker.self_describing_json.SelfDescribingJson object at 0x000001712834B7A0>]}
[0m18:53:56.287776 [info ] [MainThread]: Found 9 models, 10 data tests, 6 sources, 475 macros
[0m18:53:56.310935 [info ] [MainThread]: 
[0m18:53:56.312920 [info ] [MainThread]: Concurrency: 4 threads (target='dev')
[0m18:53:56.315223 [info ] [MainThread]: 
[0m18:53:56.317938 [debug] [MainThread]: Acquiring new postgres connection 'master'
[0m18:53:56.351378 [debug] [ThreadPool]: Acquiring new postgres connection 'list_postgres'
[0m18:53:57.145980 [debug] [ThreadPool]: Using postgres connection "list_postgres"
[0m18:53:57.147641 [debug] [ThreadPool]: On list_postgres: /* {"app": "dbt", "dbt_version": "1.12.0b3", "profile_name": "insurance_profile", "target_name": "dev", "connection_name": "list_postgres"} */

    select distinct nspname from pg_namespace
  
[0m18:53:57.148982 [debug] [ThreadPool]: Opening a new connection, currently in state init
[0m18:53:57.363071 [debug] [ThreadPool]: SQL status: SELECT 4 in 0.214 seconds
[0m18:53:57.367498 [debug] [ThreadPool]: On list_postgres: Close
[0m18:53:57.375977 [debug] [ThreadPool]: Acquiring new postgres connection 'list_postgres_public'
[0m18:53:57.396622 [debug] [ThreadPool]: Using postgres connection "list_postgres_public"
[0m18:53:57.398378 [debug] [ThreadPool]: On list_postgres_public: /* {"app": "dbt", "dbt_version": "1.12.0b3", "profile_name": "insurance_profile", "target_name": "dev", "connection_name": "list_postgres_public"} */
select
      'postgres' as database,
      tablename as name,
      schemaname as schema,
      'table' as type
    from pg_tables
    where schemaname ilike 'public'
    union all
    select
      'postgres' as database,
      viewname as name,
      schemaname as schema,
      'view' as type
    from pg_views
    where schemaname ilike 'public'
    union all
    select
      'postgres' as database,
      matviewname as name,
      schemaname as schema,
      'materialized_view' as type
    from pg_matviews
    where schemaname ilike 'public'
  
[0m18:53:57.399842 [debug] [ThreadPool]: Opening a new connection, currently in state init
[0m18:53:57.530582 [debug] [ThreadPool]: SQL status: SELECT 15 in 0.131 seconds
[0m18:53:57.535265 [debug] [ThreadPool]: On list_postgres_public: ROLLBACK
[0m18:53:57.537130 [debug] [ThreadPool]: On list_postgres_public: Close
[0m18:53:57.560387 [debug] [MainThread]: Using postgres connection "master"
[0m18:53:57.562144 [debug] [MainThread]: On master: /* {"app": "dbt", "dbt_version": "1.12.0b3", "profile_name": "insurance_profile", "target_name": "dev", "connection_name": "master"} */
select distinct
        dependent_namespace.nspname as dependent_schema,
        dependent_class.relname as dependent_name,
        referenced_namespace.nspname as referenced_schema,
        referenced_class.relname as referenced_name

    -- Query for views: views are entries in pg_class with an entry in pg_rewrite, but we avoid
    -- a seq scan on pg_rewrite by leveraging the fact there is an "internal" row in pg_depend for
    -- the view...
    from pg_class as dependent_class
    join pg_namespace as dependent_namespace on dependent_namespace.oid = dependent_class.relnamespace
    join pg_depend as dependent_depend on dependent_depend.refobjid = dependent_class.oid
        and dependent_depend.classid = 'pg_rewrite'::regclass
        and dependent_depend.refclassid = 'pg_class'::regclass
        and dependent_depend.deptype = 'i'

    -- ... and via pg_depend (that has a row per column, hence the need for "distinct" above, and
    -- making sure to exclude the internal row to avoid a view appearing to depend on itself)...
    join pg_depend as joining_depend on joining_depend.objid = dependent_depend.objid
        and joining_depend.classid = 'pg_rewrite'::regclass
        and joining_depend.refclassid = 'pg_class'::regclass
        and joining_depend.refobjid != dependent_depend.refobjid

    -- ... we can find the tables they query from in pg_class, but excluding system tables. Note we
    -- don't need need to exclude _dependent_ system tables, because they only query from other
    -- system tables, and so are automatically excluded by excluding _referenced_ system tables
    join pg_class as referenced_class on referenced_class.oid = joining_depend.refobjid
    join pg_namespace as referenced_namespace on referenced_namespace.oid = referenced_class.relnamespace
        and referenced_namespace.nspname != 'information_schema'
        and referenced_namespace.nspname not like 'pg\_%'

    order by
        dependent_schema, dependent_name, referenced_schema, referenced_name;
[0m18:53:57.563866 [debug] [MainThread]: Opening a new connection, currently in state init
[0m18:53:57.729534 [debug] [MainThread]: SQL status: SELECT 9 in 0.166 seconds
[0m18:53:57.737757 [debug] [MainThread]: Sending event: {'category': 'dbt', 'action': 'runnable_timing', 'label': 'b18ed874-7b96-4300-97e3-abe1b4963004', 'context': [<snowplow_tracker.self_describing_json.SelfDescribingJson object at 0x00000171283B6DD0>]}
[0m18:53:57.738825 [debug] [MainThread]: On master: ROLLBACK
[0m18:53:57.740918 [debug] [MainThread]: On master: COMMIT
[0m18:53:57.742202 [debug] [MainThread]: Using postgres connection "master"
[0m18:53:57.743345 [debug] [MainThread]: On master: COMMIT
[0m18:53:57.745038 [debug] [MainThread]: SQL status: COMMIT in 0.001 seconds
[0m18:53:57.746197 [debug] [MainThread]: On master: Close
[0m18:53:57.762127 [debug] [Thread-2 (]: Began running node model.insurance_demo.stg_claim_payments
[0m18:53:57.763711 [debug] [Thread-1 (]: Began running node model.insurance_demo.stg_agents
[0m18:53:57.765164 [debug] [Thread-3 (]: Began running node model.insurance_demo.stg_claims
[0m18:53:57.766673 [debug] [Thread-4 (]: Began running node model.insurance_demo.stg_customers
[0m18:53:57.768810 [info ] [Thread-2 (]: 2 of 19 START sql view model public.stg_claim_payments ......................... [RUN]
[0m18:53:57.771218 [info ] [Thread-1 (]: 1 of 19 START sql view model public.stg_agents ................................. [RUN]
[0m18:53:57.775734 [info ] [Thread-4 (]: 4 of 19 START sql view model public.stg_customers .............................. [RUN]
[0m18:53:57.784482 [debug] [Thread-4 (]: Acquiring new postgres connection 'model.insurance_demo.stg_customers'
[0m18:53:57.777667 [debug] [Thread-2 (]: Acquiring new postgres connection 'model.insurance_demo.stg_claim_payments'
[0m18:53:57.780237 [debug] [Thread-1 (]: Acquiring new postgres connection 'model.insurance_demo.stg_agents'
[0m18:53:57.773326 [info ] [Thread-3 (]: 3 of 19 START sql view model public.stg_claims ................................. [RUN]
[0m18:53:57.788154 [debug] [Thread-4 (]: Began compiling node model.insurance_demo.stg_customers
[0m18:53:57.791620 [debug] [Thread-2 (]: Began compiling node model.insurance_demo.stg_claim_payments
[0m18:53:57.794123 [debug] [Thread-1 (]: Began compiling node model.insurance_demo.stg_agents
[0m18:53:57.796471 [debug] [Thread-3 (]: Acquiring new postgres connection 'model.insurance_demo.stg_claims'
[0m18:53:57.819895 [debug] [Thread-3 (]: Began compiling node model.insurance_demo.stg_claims
[0m18:53:57.851955 [debug] [Thread-4 (]: Writing injected SQL for node "model.insurance_demo.stg_customers"
[0m18:53:57.863310 [debug] [Thread-1 (]: Writing injected SQL for node "model.insurance_demo.stg_agents"
[0m18:53:57.849677 [debug] [Thread-2 (]: Writing injected SQL for node "model.insurance_demo.stg_claim_payments"
[0m18:53:57.887223 [debug] [Thread-3 (]: Writing injected SQL for node "model.insurance_demo.stg_claims"
[0m18:53:57.899799 [debug] [Thread-1 (]: Began executing node model.insurance_demo.stg_agents
[0m18:53:57.898207 [debug] [Thread-2 (]: Began executing node model.insurance_demo.stg_claim_payments
[0m18:53:57.903432 [debug] [Thread-3 (]: Began executing node model.insurance_demo.stg_claims
[0m18:53:57.906471 [debug] [Thread-4 (]: Began executing node model.insurance_demo.stg_customers
[0m18:53:58.144718 [debug] [Thread-2 (]: Writing runtime sql for node "model.insurance_demo.stg_claim_payments"
[0m18:53:58.150890 [debug] [Thread-1 (]: Writing runtime sql for node "model.insurance_demo.stg_agents"
[0m18:53:58.153083 [debug] [Thread-3 (]: Writing runtime sql for node "model.insurance_demo.stg_claims"
[0m18:53:58.154810 [debug] [Thread-4 (]: Writing runtime sql for node "model.insurance_demo.stg_customers"
[0m18:53:58.163748 [debug] [Thread-2 (]: Using postgres connection "model.insurance_demo.stg_claim_payments"
[0m18:53:58.165626 [debug] [Thread-4 (]: Using postgres connection "model.insurance_demo.stg_customers"
[0m18:53:58.166921 [debug] [Thread-3 (]: Using postgres connection "model.insurance_demo.stg_claims"
[0m18:53:58.168481 [debug] [Thread-1 (]: Using postgres connection "model.insurance_demo.stg_agents"
[0m18:53:58.169865 [debug] [Thread-2 (]: On model.insurance_demo.stg_claim_payments: /* {"app": "dbt", "dbt_version": "1.12.0b3", "profile_name": "insurance_profile", "target_name": "dev", "node_id": "model.insurance_demo.stg_claim_payments"} */

  create view "postgres"."public"."stg_claim_payments__dbt_tmp"
    
    
  as (
    select
    payment_id,
    claim_id,
    payment_date,
    payment_amount
from "postgres"."public"."claim_payments"
  );
[0m18:53:58.171376 [debug] [Thread-4 (]: On model.insurance_demo.stg_customers: /* {"app": "dbt", "dbt_version": "1.12.0b3", "profile_name": "insurance_profile", "target_name": "dev", "node_id": "model.insurance_demo.stg_customers"} */

  create view "postgres"."public"."stg_customers__dbt_tmp"
    
    
  as (
    select
    customer_id,
    customer_name,
    city
from "postgres"."public"."customers"
  );
[0m18:53:58.172853 [debug] [Thread-3 (]: On model.insurance_demo.stg_claims: /* {"app": "dbt", "dbt_version": "1.12.0b3", "profile_name": "insurance_profile", "target_name": "dev", "node_id": "model.insurance_demo.stg_claims"} */

  create view "postgres"."public"."stg_claims__dbt_tmp"
    
    
  as (
    select
    claim_id,
    policy_id,
    claim_date,
    claim_amount
from "postgres"."public"."claims"
  );
[0m18:53:58.174497 [debug] [Thread-1 (]: On model.insurance_demo.stg_agents: /* {"app": "dbt", "dbt_version": "1.12.0b3", "profile_name": "insurance_profile", "target_name": "dev", "node_id": "model.insurance_demo.stg_agents"} */

  create view "postgres"."public"."stg_agents__dbt_tmp"
    
    
  as (
    select
    agent_id,
    agent_name
from "postgres"."public"."agents"
  );
[0m18:53:58.175950 [debug] [Thread-2 (]: Opening a new connection, currently in state init
[0m18:53:58.177337 [debug] [Thread-4 (]: Opening a new connection, currently in state init
[0m18:53:58.178953 [debug] [Thread-3 (]: Opening a new connection, currently in state init
[0m18:53:58.180566 [debug] [Thread-1 (]: Opening a new connection, currently in state init
[0m18:53:58.302779 [debug] [Thread-2 (]: SQL status: CREATE VIEW in 0.127 seconds
[0m18:53:58.325597 [debug] [Thread-2 (]: Using postgres connection "model.insurance_demo.stg_claim_payments"
[0m18:53:58.327203 [debug] [Thread-2 (]: On model.insurance_demo.stg_claim_payments: /* {"app": "dbt", "dbt_version": "1.12.0b3", "profile_name": "insurance_profile", "target_name": "dev", "node_id": "model.insurance_demo.stg_claim_payments"} */
alter table "postgres"."public"."stg_claim_payments" rename to "stg_claim_payments__dbt_backup"
[0m18:53:58.329397 [debug] [Thread-2 (]: SQL status: ALTER TABLE in 0.001 seconds
[0m18:53:58.338695 [debug] [Thread-2 (]: Using postgres connection "model.insurance_demo.stg_claim_payments"
[0m18:53:58.340174 [debug] [Thread-3 (]: SQL status: CREATE VIEW in 0.161 seconds
[0m18:53:58.341686 [debug] [Thread-1 (]: SQL status: CREATE VIEW in 0.161 seconds
[0m18:53:58.343020 [debug] [Thread-2 (]: On model.insurance_demo.stg_claim_payments: /* {"app": "dbt", "dbt_version": "1.12.0b3", "profile_name": "insurance_profile", "target_name": "dev", "node_id": "model.insurance_demo.stg_claim_payments"} */
alter table "postgres"."public"."stg_claim_payments__dbt_tmp" rename to "stg_claim_payments"
[0m18:53:58.354436 [debug] [Thread-3 (]: Using postgres connection "model.insurance_demo.stg_claims"
[0m18:53:58.356007 [debug] [Thread-4 (]: SQL status: CREATE VIEW in 0.179 seconds
[0m18:53:58.365688 [debug] [Thread-1 (]: Using postgres connection "model.insurance_demo.stg_agents"
[0m18:53:58.368487 [debug] [Thread-2 (]: SQL status: ALTER TABLE in 0.001 seconds
[0m18:53:58.367657 [debug] [Thread-3 (]: On model.insurance_demo.stg_claims: /* {"app": "dbt", "dbt_version": "1.12.0b3", "profile_name": "insurance_profile", "target_name": "dev", "node_id": "model.insurance_demo.stg_claims"} */
alter table "postgres"."public"."stg_claims" rename to "stg_claims__dbt_backup"
[0m18:53:58.381576 [debug] [Thread-4 (]: Using postgres connection "model.insurance_demo.stg_customers"
[0m18:53:58.383067 [debug] [Thread-1 (]: On model.insurance_demo.stg_agents: /* {"app": "dbt", "dbt_version": "1.12.0b3", "profile_name": "insurance_profile", "target_name": "dev", "node_id": "model.insurance_demo.stg_agents"} */
alter table "postgres"."public"."stg_agents" rename to "stg_agents__dbt_backup"
[0m18:53:58.428893 [debug] [Thread-4 (]: On model.insurance_demo.stg_customers: /* {"app": "dbt", "dbt_version": "1.12.0b3", "profile_name": "insurance_profile", "target_name": "dev", "node_id": "model.insurance_demo.stg_customers"} */
alter table "postgres"."public"."stg_customers" rename to "stg_customers__dbt_backup"
[0m18:53:58.457866 [debug] [Thread-3 (]: SQL status: ALTER TABLE in 0.054 seconds
[0m18:53:58.460335 [debug] [Thread-2 (]: On model.insurance_demo.stg_claim_payments: COMMIT
[0m18:53:58.470173 [debug] [Thread-1 (]: SQL status: ALTER TABLE in 0.008 seconds
[0m18:53:58.471928 [debug] [Thread-4 (]: SQL status: ALTER TABLE in 0.009 seconds
[0m18:53:58.473637 [debug] [Thread-2 (]: Using postgres connection "model.insurance_demo.stg_claim_payments"
[0m18:53:58.476785 [debug] [Thread-3 (]: Using postgres connection "model.insurance_demo.stg_claims"
[0m18:53:58.487225 [debug] [Thread-1 (]: Using postgres connection "model.insurance_demo.stg_agents"
[0m18:53:58.497112 [debug] [Thread-4 (]: Using postgres connection "model.insurance_demo.stg_customers"
[0m18:53:58.498949 [debug] [Thread-2 (]: On model.insurance_demo.stg_claim_payments: COMMIT
[0m18:53:58.500813 [debug] [Thread-3 (]: On model.insurance_demo.stg_claims: /* {"app": "dbt", "dbt_version": "1.12.0b3", "profile_name": "insurance_profile", "target_name": "dev", "node_id": "model.insurance_demo.stg_claims"} */
alter table "postgres"."public"."stg_claims__dbt_tmp" rename to "stg_claims"
[0m18:53:58.503308 [debug] [Thread-1 (]: On model.insurance_demo.stg_agents: /* {"app": "dbt", "dbt_version": "1.12.0b3", "profile_name": "insurance_profile", "target_name": "dev", "node_id": "model.insurance_demo.stg_agents"} */
alter table "postgres"."public"."stg_agents__dbt_tmp" rename to "stg_agents"
[0m18:53:58.505712 [debug] [Thread-4 (]: On model.insurance_demo.stg_customers: /* {"app": "dbt", "dbt_version": "1.12.0b3", "profile_name": "insurance_profile", "target_name": "dev", "node_id": "model.insurance_demo.stg_customers"} */
alter table "postgres"."public"."stg_customers__dbt_tmp" rename to "stg_customers"
[0m18:53:58.509120 [debug] [Thread-3 (]: SQL status: ALTER TABLE in 0.001 seconds
[0m18:53:58.516848 [debug] [Thread-3 (]: On model.insurance_demo.stg_claims: COMMIT
[0m18:53:58.511243 [debug] [Thread-1 (]: SQL status: ALTER TABLE in 0.003 seconds
[0m18:53:58.518569 [debug] [Thread-4 (]: SQL status: ALTER TABLE in 0.010 seconds
[0m18:53:58.520093 [debug] [Thread-3 (]: Using postgres connection "model.insurance_demo.stg_claims"
[0m18:53:58.526255 [debug] [Thread-1 (]: On model.insurance_demo.stg_agents: COMMIT
[0m18:53:58.532103 [debug] [Thread-4 (]: On model.insurance_demo.stg_customers: COMMIT
[0m18:53:58.534372 [debug] [Thread-3 (]: On model.insurance_demo.stg_claims: COMMIT
[0m18:53:58.536330 [debug] [Thread-2 (]: SQL status: COMMIT in 0.029 seconds
[0m18:53:58.538087 [debug] [Thread-1 (]: Using postgres connection "model.insurance_demo.stg_agents"
[0m18:53:58.540020 [debug] [Thread-4 (]: Using postgres connection "model.insurance_demo.stg_customers"
[0m18:53:58.562840 [debug] [Thread-3 (]: SQL status: COMMIT in 0.020 seconds
[0m18:53:58.567290 [debug] [Thread-2 (]: Applying DROP to: "postgres"."public"."stg_claim_payments__dbt_backup"
[0m18:53:58.569471 [debug] [Thread-1 (]: On model.insurance_demo.stg_agents: COMMIT
[0m18:53:58.570968 [debug] [Thread-4 (]: On model.insurance_demo.stg_customers: COMMIT
[0m18:53:58.578648 [debug] [Thread-3 (]: Applying DROP to: "postgres"."public"."stg_claims__dbt_backup"
[0m18:53:58.594931 [debug] [Thread-2 (]: Using postgres connection "model.insurance_demo.stg_claim_payments"
[0m18:53:58.598865 [debug] [Thread-3 (]: Using postgres connection "model.insurance_demo.stg_claims"
[0m18:53:58.600580 [debug] [Thread-1 (]: SQL status: COMMIT in 0.004 seconds
[0m18:53:58.602259 [debug] [Thread-4 (]: SQL status: COMMIT in 0.005 seconds
[0m18:53:58.603592 [debug] [Thread-2 (]: On model.insurance_demo.stg_claim_payments: /* {"app": "dbt", "dbt_version": "1.12.0b3", "profile_name": "insurance_profile", "target_name": "dev", "node_id": "model.insurance_demo.stg_claim_payments"} */
drop view if exists "postgres"."public"."stg_claim_payments__dbt_backup" cascade
[0m18:53:58.605383 [debug] [Thread-3 (]: On model.insurance_demo.stg_claims: /* {"app": "dbt", "dbt_version": "1.12.0b3", "profile_name": "insurance_profile", "target_name": "dev", "node_id": "model.insurance_demo.stg_claims"} */
drop view if exists "postgres"."public"."stg_claims__dbt_backup" cascade
[0m18:53:58.614600 [debug] [Thread-1 (]: Applying DROP to: "postgres"."public"."stg_agents__dbt_backup"
[0m18:53:58.623304 [debug] [Thread-4 (]: Applying DROP to: "postgres"."public"."stg_customers__dbt_backup"
[0m18:53:58.631364 [debug] [Thread-4 (]: Using postgres connection "model.insurance_demo.stg_customers"
[0m18:53:58.627695 [debug] [Thread-1 (]: Using postgres connection "model.insurance_demo.stg_agents"
[0m18:53:58.632909 [debug] [Thread-2 (]: SQL status: DROP VIEW in 0.007 seconds
[0m18:53:58.635425 [debug] [Thread-4 (]: On model.insurance_demo.stg_customers: /* {"app": "dbt", "dbt_version": "1.12.0b3", "profile_name": "insurance_profile", "target_name": "dev", "node_id": "model.insurance_demo.stg_customers"} */
drop view if exists "postgres"."public"."stg_customers__dbt_backup" cascade
[0m18:53:58.637807 [debug] [Thread-3 (]: SQL status: DROP VIEW in 0.012 seconds
[0m18:53:58.639436 [debug] [Thread-1 (]: On model.insurance_demo.stg_agents: /* {"app": "dbt", "dbt_version": "1.12.0b3", "profile_name": "insurance_profile", "target_name": "dev", "node_id": "model.insurance_demo.stg_agents"} */
drop view if exists "postgres"."public"."stg_agents__dbt_backup" cascade
[0m18:53:58.651058 [debug] [Thread-2 (]: On model.insurance_demo.stg_claim_payments: Close
[0m18:53:58.652940 [debug] [Thread-4 (]: SQL status: DROP VIEW in 0.007 seconds
[0m18:53:58.658364 [debug] [Thread-3 (]: On model.insurance_demo.stg_claims: Close
[0m18:53:58.667710 [debug] [Thread-1 (]: SQL status: DROP VIEW in 0.008 seconds
[0m18:53:58.673024 [debug] [Thread-4 (]: On model.insurance_demo.stg_customers: Close
[0m18:53:58.679087 [debug] [Thread-1 (]: On model.insurance_demo.stg_agents: Close
[0m18:53:58.681714 [debug] [Thread-2 (]: Sending event: {'category': 'dbt', 'action': 'run_model', 'label': 'b18ed874-7b96-4300-97e3-abe1b4963004', 'context': [<snowplow_tracker.self_describing_json.SelfDescribingJson object at 0x0000017128A342C0>]}
[0m18:53:58.683829 [debug] [Thread-4 (]: Sending event: {'category': 'dbt', 'action': 'run_model', 'label': 'b18ed874-7b96-4300-97e3-abe1b4963004', 'context': [<snowplow_tracker.self_describing_json.SelfDescribingJson object at 0x00000171283DDC10>]}
[0m18:53:58.685444 [debug] [Thread-3 (]: Sending event: {'category': 'dbt', 'action': 'run_model', 'label': 'b18ed874-7b96-4300-97e3-abe1b4963004', 'context': [<snowplow_tracker.self_describing_json.SelfDescribingJson object at 0x00000171283DF950>]}
[0m18:53:58.690775 [debug] [Thread-1 (]: Sending event: {'category': 'dbt', 'action': 'run_model', 'label': 'b18ed874-7b96-4300-97e3-abe1b4963004', 'context': [<snowplow_tracker.self_describing_json.SelfDescribingJson object at 0x00000171288EC100>]}
[0m18:53:58.688799 [info ] [Thread-2 (]: 2 of 19 OK created sql view model public.stg_claim_payments .................... [[32mCREATE VIEW[0m in 0.89s]
[0m18:53:58.696660 [info ] [Thread-3 (]: 3 of 19 OK created sql view model public.stg_claims ............................ [[32mCREATE VIEW[0m in 0.87s]
[0m18:53:58.693223 [info ] [Thread-4 (]: 4 of 19 OK created sql view model public.stg_customers ......................... [[32mCREATE VIEW[0m in 0.90s]
[0m18:53:58.703595 [debug] [Thread-2 (]: Finished running node model.insurance_demo.stg_claim_payments
[0m18:53:58.714691 [debug] [Thread-2 (]: Began running node model.insurance_demo.stg_policies
[0m18:53:58.706223 [debug] [Thread-3 (]: Finished running node model.insurance_demo.stg_claims
[0m18:53:58.701064 [info ] [Thread-1 (]: 1 of 19 OK created sql view model public.stg_agents ............................ [[32mCREATE VIEW[0m in 0.91s]
[0m18:53:58.711366 [debug] [Thread-4 (]: Finished running node model.insurance_demo.stg_customers
[0m18:53:58.718412 [info ] [Thread-2 (]: 5 of 19 START sql view model public.stg_policies ............................... [RUN]
[0m18:53:58.721675 [debug] [Thread-3 (]: Began running node model.insurance_demo.stg_policy_types
[0m18:53:58.724724 [debug] [Thread-1 (]: Finished running node model.insurance_demo.stg_agents
[0m18:53:58.730050 [debug] [Thread-2 (]: Re-using an available connection from the pool (formerly model.insurance_demo.stg_claim_payments, now model.insurance_demo.stg_policies)
[0m18:53:58.733578 [debug] [Thread-4 (]: Began running node test.insurance_demo.not_null_stg_claims_claim_id.f8032ece86
[0m18:53:58.739505 [debug] [Thread-1 (]: Began running node test.insurance_demo.not_null_stg_claims_policy_id.7e20e3e912
[0m18:53:58.742088 [debug] [Thread-2 (]: Began compiling node model.insurance_demo.stg_policies
[0m18:53:58.736707 [info ] [Thread-3 (]: 6 of 19 START sql view model public.stg_policy_types ........................... [RUN]
[0m18:53:58.749442 [info ] [Thread-4 (]: 7 of 19 START test not_null_stg_claims_claim_id ................................ [RUN]
[0m18:53:58.751822 [info ] [Thread-1 (]: 8 of 19 START test not_null_stg_claims_policy_id ............................... [RUN]
[0m18:53:58.781822 [debug] [Thread-3 (]: Re-using an available connection from the pool (formerly model.insurance_demo.stg_claims, now model.insurance_demo.stg_policy_types)
[0m18:53:58.787844 [debug] [Thread-2 (]: Writing injected SQL for node "model.insurance_demo.stg_policies"
[0m18:53:58.792741 [debug] [Thread-4 (]: Re-using an available connection from the pool (formerly model.insurance_demo.stg_customers, now test.insurance_demo.not_null_stg_claims_claim_id.f8032ece86)
[0m18:53:58.798835 [debug] [Thread-1 (]: Re-using an available connection from the pool (formerly model.insurance_demo.stg_agents, now test.insurance_demo.not_null_stg_claims_policy_id.7e20e3e912)
[0m18:53:58.802735 [debug] [Thread-3 (]: Began compiling node model.insurance_demo.stg_policy_types
[0m18:53:58.805763 [debug] [Thread-4 (]: Began compiling node test.insurance_demo.not_null_stg_claims_claim_id.f8032ece86
[0m18:53:58.809216 [debug] [Thread-1 (]: Began compiling node test.insurance_demo.not_null_stg_claims_policy_id.7e20e3e912
[0m18:53:58.826090 [debug] [Thread-2 (]: Began executing node model.insurance_demo.stg_policies
[0m18:53:58.824831 [debug] [Thread-3 (]: Writing injected SQL for node "model.insurance_demo.stg_policy_types"
[0m18:53:58.915625 [debug] [Thread-1 (]: Writing injected SQL for node "test.insurance_demo.not_null_stg_claims_policy_id.7e20e3e912"
[0m18:53:58.917366 [debug] [Thread-4 (]: Writing injected SQL for node "test.insurance_demo.not_null_stg_claims_claim_id.f8032ece86"
[0m18:53:58.923815 [debug] [Thread-2 (]: Writing runtime sql for node "model.insurance_demo.stg_policies"
[0m18:53:58.933383 [debug] [Thread-1 (]: Began executing node test.insurance_demo.not_null_stg_claims_policy_id.7e20e3e912
[0m18:53:58.936464 [debug] [Thread-3 (]: Began executing node model.insurance_demo.stg_policy_types
[0m18:53:58.938769 [debug] [Thread-2 (]: Using postgres connection "model.insurance_demo.stg_policies"
[0m18:53:58.944257 [debug] [Thread-4 (]: Began executing node test.insurance_demo.not_null_stg_claims_claim_id.f8032ece86
[0m18:53:58.986551 [debug] [Thread-3 (]: Writing runtime sql for node "model.insurance_demo.stg_policy_types"
[0m18:53:59.012339 [debug] [Thread-2 (]: On model.insurance_demo.stg_policies: /* {"app": "dbt", "dbt_version": "1.12.0b3", "profile_name": "insurance_profile", "target_name": "dev", "node_id": "model.insurance_demo.stg_policies"} */

  create view "postgres"."public"."stg_policies__dbt_tmp"
    
    
  as (
    select
    policy_id,
    customer_id,
    agent_id,
    policy_type_id,
    premium,
    start_date
from "postgres"."public"."policies"
  );
[0m18:53:59.046543 [debug] [Thread-1 (]: Writing runtime sql for node "test.insurance_demo.not_null_stg_claims_policy_id.7e20e3e912"
[0m18:53:59.048259 [debug] [Thread-4 (]: Writing runtime sql for node "test.insurance_demo.not_null_stg_claims_claim_id.f8032ece86"
[0m18:53:59.051551 [debug] [Thread-2 (]: Opening a new connection, currently in state closed
[0m18:53:59.058872 [debug] [Thread-3 (]: Using postgres connection "model.insurance_demo.stg_policy_types"
[0m18:53:59.064519 [debug] [Thread-3 (]: On model.insurance_demo.stg_policy_types: /* {"app": "dbt", "dbt_version": "1.12.0b3", "profile_name": "insurance_profile", "target_name": "dev", "node_id": "model.insurance_demo.stg_policy_types"} */

  create view "postgres"."public"."stg_policy_types__dbt_tmp"
    
    
  as (
    select
    policy_type_id,
    policy_type_name
from "postgres"."public"."policy_types"
  );
[0m18:53:59.062486 [debug] [Thread-1 (]: Using postgres connection "test.insurance_demo.not_null_stg_claims_policy_id.7e20e3e912"
[0m18:53:59.066382 [debug] [Thread-4 (]: Using postgres connection "test.insurance_demo.not_null_stg_claims_claim_id.f8032ece86"
[0m18:53:59.067782 [debug] [Thread-3 (]: Opening a new connection, currently in state closed
[0m18:53:59.069383 [debug] [Thread-1 (]: On test.insurance_demo.not_null_stg_claims_policy_id.7e20e3e912: /* {"app": "dbt", "dbt_version": "1.12.0b3", "profile_name": "insurance_profile", "target_name": "dev", "node_id": "test.insurance_demo.not_null_stg_claims_policy_id.7e20e3e912"} */

    
    select
      count(*) as failures,
      count(*) != 0 as should_warn,
      count(*) != 0 as should_error
    from (
      
    
  
    
    



select policy_id
from "postgres"."public"."stg_claims"
where policy_id is null



  
  
      
    ) dbt_internal_test
[0m18:53:59.070954 [debug] [Thread-4 (]: On test.insurance_demo.not_null_stg_claims_claim_id.f8032ece86: /* {"app": "dbt", "dbt_version": "1.12.0b3", "profile_name": "insurance_profile", "target_name": "dev", "node_id": "test.insurance_demo.not_null_stg_claims_claim_id.f8032ece86"} */

    
    select
      count(*) as failures,
      count(*) != 0 as should_warn,
      count(*) != 0 as should_error
    from (
      
    
  
    
    



select claim_id
from "postgres"."public"."stg_claims"
where claim_id is null



  
  
      
    ) dbt_internal_test
[0m18:53:59.075373 [debug] [Thread-4 (]: Opening a new connection, currently in state closed
[0m18:53:59.073748 [debug] [Thread-1 (]: Opening a new connection, currently in state closed
[0m18:53:59.257994 [debug] [Thread-2 (]: SQL status: CREATE VIEW in 0.207 seconds
[0m18:53:59.268049 [debug] [Thread-2 (]: Using postgres connection "model.insurance_demo.stg_policies"
[0m18:53:59.269904 [debug] [Thread-2 (]: On model.insurance_demo.stg_policies: /* {"app": "dbt", "dbt_version": "1.12.0b3", "profile_name": "insurance_profile", "target_name": "dev", "node_id": "model.insurance_demo.stg_policies"} */
alter table "postgres"."public"."stg_policies" rename to "stg_policies__dbt_backup"
[0m18:53:59.272160 [debug] [Thread-2 (]: SQL status: ALTER TABLE in 0.001 seconds
[0m18:53:59.283402 [debug] [Thread-2 (]: Using postgres connection "model.insurance_demo.stg_policies"
[0m18:53:59.285484 [debug] [Thread-2 (]: On model.insurance_demo.stg_policies: /* {"app": "dbt", "dbt_version": "1.12.0b3", "profile_name": "insurance_profile", "target_name": "dev", "node_id": "model.insurance_demo.stg_policies"} */
alter table "postgres"."public"."stg_policies__dbt_tmp" rename to "stg_policies"
[0m18:53:59.287664 [debug] [Thread-2 (]: SQL status: ALTER TABLE in 0.001 seconds
[0m18:53:59.293088 [debug] [Thread-2 (]: On model.insurance_demo.stg_policies: COMMIT
[0m18:53:59.295038 [debug] [Thread-2 (]: Using postgres connection "model.insurance_demo.stg_policies"
[0m18:53:59.297357 [debug] [Thread-2 (]: On model.insurance_demo.stg_policies: COMMIT
[0m18:53:59.302871 [debug] [Thread-2 (]: SQL status: COMMIT in 0.004 seconds
[0m18:53:59.311950 [debug] [Thread-2 (]: Applying DROP to: "postgres"."public"."stg_policies__dbt_backup"
[0m18:53:59.315218 [debug] [Thread-2 (]: Using postgres connection "model.insurance_demo.stg_policies"
[0m18:53:59.318516 [debug] [Thread-2 (]: On model.insurance_demo.stg_policies: /* {"app": "dbt", "dbt_version": "1.12.0b3", "profile_name": "insurance_profile", "target_name": "dev", "node_id": "model.insurance_demo.stg_policies"} */
drop view if exists "postgres"."public"."stg_policies__dbt_backup" cascade
[0m18:53:59.320039 [debug] [Thread-1 (]: SQL status: SELECT 1 in 0.246 seconds
[0m18:53:59.321426 [debug] [Thread-3 (]: SQL status: CREATE VIEW in 0.254 seconds
[0m18:53:59.316882 [debug] [Thread-4 (]: SQL status: SELECT 1 in 0.241 seconds
[0m18:53:59.335418 [debug] [Thread-1 (]: On test.insurance_demo.not_null_stg_claims_policy_id.7e20e3e912: ROLLBACK
[0m18:53:59.348117 [debug] [Thread-3 (]: Using postgres connection "model.insurance_demo.stg_policy_types"
[0m18:53:59.354230 [debug] [Thread-2 (]: SQL status: DROP VIEW in 0.030 seconds
[0m18:53:59.358140 [debug] [Thread-4 (]: On test.insurance_demo.not_null_stg_claims_claim_id.f8032ece86: ROLLBACK
[0m18:53:59.362145 [debug] [Thread-1 (]: On test.insurance_demo.not_null_stg_claims_policy_id.7e20e3e912: Close
[0m18:53:59.360157 [debug] [Thread-3 (]: On model.insurance_demo.stg_policy_types: /* {"app": "dbt", "dbt_version": "1.12.0b3", "profile_name": "insurance_profile", "target_name": "dev", "node_id": "model.insurance_demo.stg_policy_types"} */
alter table "postgres"."public"."stg_policy_types" rename to "stg_policy_types__dbt_backup"
[0m18:53:59.371939 [debug] [Thread-4 (]: On test.insurance_demo.not_null_stg_claims_claim_id.f8032ece86: Close
[0m18:53:59.367418 [debug] [Thread-2 (]: On model.insurance_demo.stg_policies: Close
[0m18:53:59.373748 [debug] [Thread-3 (]: SQL status: ALTER TABLE in 0.004 seconds
[0m18:53:59.370609 [info ] [Thread-1 (]: 8 of 19 PASS not_null_stg_claims_policy_id ..................................... [[32mPASS[0m in 0.57s]
[0m18:53:59.391294 [debug] [Thread-3 (]: Using postgres connection "model.insurance_demo.stg_policy_types"
[0m18:53:59.377082 [info ] [Thread-4 (]: 7 of 19 PASS not_null_stg_claims_claim_id ...................................... [[32mPASS[0m in 0.58s]
[0m18:53:59.396285 [debug] [Thread-1 (]: Finished running node test.insurance_demo.not_null_stg_claims_policy_id.7e20e3e912
[0m18:53:59.398875 [debug] [Thread-2 (]: Sending event: {'category': 'dbt', 'action': 'run_model', 'label': 'b18ed874-7b96-4300-97e3-abe1b4963004', 'context': [<snowplow_tracker.self_describing_json.SelfDescribingJson object at 0x0000017128B474D0>]}
[0m18:53:59.400783 [debug] [Thread-3 (]: On model.insurance_demo.stg_policy_types: /* {"app": "dbt", "dbt_version": "1.12.0b3", "profile_name": "insurance_profile", "target_name": "dev", "node_id": "model.insurance_demo.stg_policy_types"} */
alter table "postgres"."public"."stg_policy_types__dbt_tmp" rename to "stg_policy_types"
[0m18:53:59.403538 [debug] [Thread-4 (]: Finished running node test.insurance_demo.not_null_stg_claims_claim_id.f8032ece86
[0m18:53:59.407349 [debug] [Thread-1 (]: Began running node test.insurance_demo.unique_stg_claims_claim_id.0e20e780e5
[0m18:53:59.413474 [info ] [Thread-2 (]: 5 of 19 OK created sql view model public.stg_policies .......................... [[32mCREATE VIEW[0m in 0.67s]
[0m18:53:59.416858 [debug] [Thread-3 (]: SQL status: ALTER TABLE in 0.001 seconds
[0m18:53:59.423488 [info ] [Thread-1 (]: 9 of 19 START test unique_stg_claims_claim_id .................................. [RUN]
[0m18:53:59.432464 [debug] [Thread-2 (]: Finished running node model.insurance_demo.stg_policies
[0m18:53:59.445517 [debug] [Thread-1 (]: Re-using an available connection from the pool (formerly test.insurance_demo.not_null_stg_claims_policy_id.7e20e3e912, now test.insurance_demo.unique_stg_claims_claim_id.0e20e780e5)
[0m18:53:59.447625 [debug] [Thread-3 (]: On model.insurance_demo.stg_policy_types: COMMIT
[0m18:53:59.452908 [debug] [Thread-4 (]: Began running node test.insurance_demo.not_null_stg_policies_customer_id.6c3638fada
[0m18:53:59.454877 [debug] [Thread-2 (]: Began running node test.insurance_demo.not_null_stg_policies_policy_id.83c6a6a32c
[0m18:53:59.457115 [debug] [Thread-1 (]: Began compiling node test.insurance_demo.unique_stg_claims_claim_id.0e20e780e5
[0m18:53:59.459074 [debug] [Thread-3 (]: Using postgres connection "model.insurance_demo.stg_policy_types"
[0m18:53:59.461649 [info ] [Thread-4 (]: 10 of 19 START test not_null_stg_policies_customer_id .......................... [RUN]
[0m18:53:59.468163 [info ] [Thread-2 (]: 11 of 19 START test not_null_stg_policies_policy_id ............................ [RUN]
[0m18:53:59.508855 [debug] [Thread-3 (]: On model.insurance_demo.stg_policy_types: COMMIT
[0m18:53:59.506772 [debug] [Thread-1 (]: Writing injected SQL for node "test.insurance_demo.unique_stg_claims_claim_id.0e20e780e5"
[0m18:53:59.512166 [debug] [Thread-4 (]: Re-using an available connection from the pool (formerly test.insurance_demo.not_null_stg_claims_claim_id.f8032ece86, now test.insurance_demo.not_null_stg_policies_customer_id.6c3638fada)
[0m18:53:59.515589 [debug] [Thread-2 (]: Re-using an available connection from the pool (formerly model.insurance_demo.stg_policies, now test.insurance_demo.not_null_stg_policies_policy_id.83c6a6a32c)
[0m18:53:59.522459 [debug] [Thread-2 (]: Began compiling node test.insurance_demo.not_null_stg_policies_policy_id.83c6a6a32c
[0m18:53:59.520145 [debug] [Thread-4 (]: Began compiling node test.insurance_demo.not_null_stg_policies_customer_id.6c3638fada
[0m18:53:59.540353 [debug] [Thread-1 (]: Began executing node test.insurance_demo.unique_stg_claims_claim_id.0e20e780e5
[0m18:53:59.547138 [debug] [Thread-2 (]: Writing injected SQL for node "test.insurance_demo.not_null_stg_policies_policy_id.83c6a6a32c"
[0m18:53:59.564664 [debug] [Thread-4 (]: Writing injected SQL for node "test.insurance_demo.not_null_stg_policies_customer_id.6c3638fada"
[0m18:53:59.572228 [debug] [Thread-3 (]: SQL status: COMMIT in 0.054 seconds
[0m18:53:59.586213 [debug] [Thread-3 (]: Applying DROP to: "postgres"."public"."stg_policy_types__dbt_backup"
[0m18:53:59.574574 [debug] [Thread-1 (]: Writing runtime sql for node "test.insurance_demo.unique_stg_claims_claim_id.0e20e780e5"
[0m18:53:59.589659 [debug] [Thread-3 (]: Using postgres connection "model.insurance_demo.stg_policy_types"
[0m18:53:59.592436 [debug] [Thread-3 (]: On model.insurance_demo.stg_policy_types: /* {"app": "dbt", "dbt_version": "1.12.0b3", "profile_name": "insurance_profile", "target_name": "dev", "node_id": "model.insurance_demo.stg_policy_types"} */
drop view if exists "postgres"."public"."stg_policy_types__dbt_backup" cascade
[0m18:53:59.594448 [debug] [Thread-4 (]: Began executing node test.insurance_demo.not_null_stg_policies_customer_id.6c3638fada
[0m18:53:59.606798 [debug] [Thread-4 (]: Writing runtime sql for node "test.insurance_demo.not_null_stg_policies_customer_id.6c3638fada"
[0m18:53:59.597025 [debug] [Thread-2 (]: Began executing node test.insurance_demo.not_null_stg_policies_policy_id.83c6a6a32c
[0m18:53:59.608908 [debug] [Thread-3 (]: SQL status: DROP VIEW in 0.010 seconds
[0m18:53:59.618318 [debug] [Thread-2 (]: Writing runtime sql for node "test.insurance_demo.not_null_stg_policies_policy_id.83c6a6a32c"
[0m18:53:59.620195 [debug] [Thread-1 (]: Using postgres connection "test.insurance_demo.unique_stg_claims_claim_id.0e20e780e5"
[0m18:53:59.625609 [debug] [Thread-3 (]: On model.insurance_demo.stg_policy_types: Close
[0m18:53:59.628207 [debug] [Thread-1 (]: On test.insurance_demo.unique_stg_claims_claim_id.0e20e780e5: /* {"app": "dbt", "dbt_version": "1.12.0b3", "profile_name": "insurance_profile", "target_name": "dev", "node_id": "test.insurance_demo.unique_stg_claims_claim_id.0e20e780e5"} */

    
    select
      count(*) as failures,
      count(*) != 0 as should_warn,
      count(*) != 0 as should_error
    from (
      
    
  
    
    

select
    claim_id as unique_field,
    count(*) as n_records

from "postgres"."public"."stg_claims"
where claim_id is not null
group by claim_id
having count(*) > 1



  
  
      
    ) dbt_internal_test
[0m18:53:59.633457 [debug] [Thread-1 (]: Opening a new connection, currently in state closed
[0m18:53:59.635657 [debug] [Thread-4 (]: Using postgres connection "test.insurance_demo.not_null_stg_policies_customer_id.6c3638fada"
[0m18:53:59.631721 [debug] [Thread-3 (]: Sending event: {'category': 'dbt', 'action': 'run_model', 'label': 'b18ed874-7b96-4300-97e3-abe1b4963004', 'context': [<snowplow_tracker.self_describing_json.SelfDescribingJson object at 0x0000017128A43E00>]}
[0m18:53:59.639346 [debug] [Thread-4 (]: On test.insurance_demo.not_null_stg_policies_customer_id.6c3638fada: /* {"app": "dbt", "dbt_version": "1.12.0b3", "profile_name": "insurance_profile", "target_name": "dev", "node_id": "test.insurance_demo.not_null_stg_policies_customer_id.6c3638fada"} */

    
    select
      count(*) as failures,
      count(*) != 0 as should_warn,
      count(*) != 0 as should_error
    from (
      
    
  
    
    



select customer_id
from "postgres"."public"."stg_policies"
where customer_id is null



  
  
      
    ) dbt_internal_test
[0m18:53:59.642201 [debug] [Thread-2 (]: Using postgres connection "test.insurance_demo.not_null_stg_policies_policy_id.83c6a6a32c"
[0m18:53:59.646986 [debug] [Thread-4 (]: Opening a new connection, currently in state closed
[0m18:53:59.653457 [debug] [Thread-2 (]: On test.insurance_demo.not_null_stg_policies_policy_id.83c6a6a32c: /* {"app": "dbt", "dbt_version": "1.12.0b3", "profile_name": "insurance_profile", "target_name": "dev", "node_id": "test.insurance_demo.not_null_stg_policies_policy_id.83c6a6a32c"} */

    
    select
      count(*) as failures,
      count(*) != 0 as should_warn,
      count(*) != 0 as should_error
    from (
      
    
  
    
    



select policy_id
from "postgres"."public"."stg_policies"
where policy_id is null



  
  
      
    ) dbt_internal_test
[0m18:53:59.650541 [info ] [Thread-3 (]: 6 of 19 OK created sql view model public.stg_policy_types ...................... [[32mCREATE VIEW[0m in 0.85s]
[0m18:53:59.662363 [debug] [Thread-3 (]: Finished running node model.insurance_demo.stg_policy_types
[0m18:53:59.659084 [debug] [Thread-2 (]: Opening a new connection, currently in state closed
[0m18:53:59.666347 [debug] [Thread-3 (]: Began running node test.insurance_demo.relationships_stg_claims_policy_id__policy_id__ref_stg_policies_.f863c76852
[0m18:53:59.670499 [info ] [Thread-3 (]: 12 of 19 START test relationships_stg_claims_policy_id__policy_id__ref_stg_policies_  [RUN]
[0m18:53:59.675358 [debug] [Thread-3 (]: Re-using an available connection from the pool (formerly model.insurance_demo.stg_policy_types, now test.insurance_demo.relationships_stg_claims_policy_id__policy_id__ref_stg_policies_.f863c76852)
[0m18:53:59.682720 [debug] [Thread-3 (]: Began compiling node test.insurance_demo.relationships_stg_claims_policy_id__policy_id__ref_stg_policies_.f863c76852
[0m18:53:59.740838 [debug] [Thread-3 (]: Writing injected SQL for node "test.insurance_demo.relationships_stg_claims_policy_id__policy_id__ref_stg_policies_.f863c76852"
[0m18:53:59.745786 [debug] [Thread-3 (]: Began executing node test.insurance_demo.relationships_stg_claims_policy_id__policy_id__ref_stg_policies_.f863c76852
[0m18:53:59.752309 [debug] [Thread-3 (]: Writing runtime sql for node "test.insurance_demo.relationships_stg_claims_policy_id__policy_id__ref_stg_policies_.f863c76852"
[0m18:53:59.757639 [debug] [Thread-3 (]: Using postgres connection "test.insurance_demo.relationships_stg_claims_policy_id__policy_id__ref_stg_policies_.f863c76852"
[0m18:53:59.760120 [debug] [Thread-3 (]: On test.insurance_demo.relationships_stg_claims_policy_id__policy_id__ref_stg_policies_.f863c76852: /* {"app": "dbt", "dbt_version": "1.12.0b3", "profile_name": "insurance_profile", "target_name": "dev", "node_id": "test.insurance_demo.relationships_stg_claims_policy_id__policy_id__ref_stg_policies_.f863c76852"} */

    
    select
      count(*) as failures,
      count(*) != 0 as should_warn,
      count(*) != 0 as should_error
    from (
      
    
  
    
    

with child as (
    select policy_id as from_field
    from "postgres"."public"."stg_claims"
    where policy_id is not null
),

parent as (
    select policy_id as to_field
    from "postgres"."public"."stg_policies"
)

select
    from_field

from child
left join parent
    on child.from_field = parent.to_field

where parent.to_field is null



  
  
      
    ) dbt_internal_test
[0m18:53:59.761190 [debug] [Thread-3 (]: Opening a new connection, currently in state closed
[0m18:53:59.812955 [debug] [Thread-1 (]: SQL status: SELECT 1 in 0.179 seconds
[0m18:53:59.817865 [debug] [Thread-1 (]: On test.insurance_demo.unique_stg_claims_claim_id.0e20e780e5: ROLLBACK
[0m18:53:59.819950 [debug] [Thread-1 (]: On test.insurance_demo.unique_stg_claims_claim_id.0e20e780e5: Close
[0m18:53:59.821981 [info ] [Thread-1 (]: 9 of 19 PASS unique_stg_claims_claim_id ........................................ [[32mPASS[0m in 0.38s]
[0m18:53:59.825701 [debug] [Thread-1 (]: Finished running node test.insurance_demo.unique_stg_claims_claim_id.0e20e780e5
[0m18:53:59.828949 [debug] [Thread-1 (]: Began running node test.insurance_demo.relationships_stg_policies_customer_id__customer_id__ref_stg_customers_.b5a40ed1d6
[0m18:53:59.827318 [debug] [Thread-4 (]: SQL status: SELECT 1 in 0.181 seconds
[0m18:53:59.836062 [debug] [Thread-4 (]: On test.insurance_demo.not_null_stg_policies_customer_id.6c3638fada: ROLLBACK
[0m18:53:59.830823 [info ] [Thread-1 (]: 13 of 19 START test relationships_stg_policies_customer_id__customer_id__ref_stg_customers_  [RUN]
[0m18:53:59.838284 [debug] [Thread-4 (]: On test.insurance_demo.not_null_stg_policies_customer_id.6c3638fada: Close
[0m18:53:59.843938 [info ] [Thread-4 (]: 10 of 19 PASS not_null_stg_policies_customer_id ................................ [[32mPASS[0m in 0.33s]
[0m18:53:59.841214 [debug] [Thread-1 (]: Re-using an available connection from the pool (formerly test.insurance_demo.unique_stg_claims_claim_id.0e20e780e5, now test.insurance_demo.relationships_stg_policies_customer_id__customer_id__ref_stg_customers_.b5a40ed1d6)
[0m18:53:59.858033 [debug] [Thread-1 (]: Began compiling node test.insurance_demo.relationships_stg_policies_customer_id__customer_id__ref_stg_customers_.b5a40ed1d6
[0m18:53:59.855983 [debug] [Thread-4 (]: Finished running node test.insurance_demo.not_null_stg_policies_customer_id.6c3638fada
[0m18:53:59.871700 [debug] [Thread-4 (]: Began running node test.insurance_demo.unique_stg_policies_policy_id.cb33dd12e6
[0m18:53:59.884022 [debug] [Thread-1 (]: Writing injected SQL for node "test.insurance_demo.relationships_stg_policies_customer_id__customer_id__ref_stg_customers_.b5a40ed1d6"
[0m18:53:59.886097 [debug] [Thread-2 (]: SQL status: SELECT 1 in 0.227 seconds
[0m18:53:59.888361 [debug] [Thread-3 (]: SQL status: SELECT 1 in 0.127 seconds
[0m18:53:59.890563 [info ] [Thread-4 (]: 14 of 19 START test unique_stg_policies_policy_id .............................. [RUN]
[0m18:53:59.897374 [debug] [Thread-2 (]: On test.insurance_demo.not_null_stg_policies_policy_id.83c6a6a32c: ROLLBACK
[0m18:53:59.908435 [debug] [Thread-4 (]: Re-using an available connection from the pool (formerly test.insurance_demo.not_null_stg_policies_customer_id.6c3638fada, now test.insurance_demo.unique_stg_policies_policy_id.cb33dd12e6)
[0m18:53:59.914336 [debug] [Thread-3 (]: On test.insurance_demo.relationships_stg_claims_policy_id__policy_id__ref_stg_policies_.f863c76852: ROLLBACK
[0m18:53:59.917680 [debug] [Thread-2 (]: On test.insurance_demo.not_null_stg_policies_policy_id.83c6a6a32c: Close
[0m18:53:59.919110 [debug] [Thread-1 (]: Began executing node test.insurance_demo.relationships_stg_policies_customer_id__customer_id__ref_stg_customers_.b5a40ed1d6
[0m18:53:59.923952 [debug] [Thread-4 (]: Began compiling node test.insurance_demo.unique_stg_policies_policy_id.cb33dd12e6
[0m18:53:59.928559 [debug] [Thread-3 (]: On test.insurance_demo.relationships_stg_claims_policy_id__policy_id__ref_stg_policies_.f863c76852: Close
[0m18:53:59.944736 [debug] [Thread-1 (]: Writing runtime sql for node "test.insurance_demo.relationships_stg_policies_customer_id__customer_id__ref_stg_customers_.b5a40ed1d6"
[0m18:53:59.931497 [info ] [Thread-2 (]: 11 of 19 PASS not_null_stg_policies_policy_id .................................. [[32mPASS[0m in 0.42s]
[0m18:53:59.964981 [debug] [Thread-4 (]: Writing injected SQL for node "test.insurance_demo.unique_stg_policies_policy_id.cb33dd12e6"
[0m18:53:59.968484 [debug] [Thread-2 (]: Finished running node test.insurance_demo.not_null_stg_policies_policy_id.83c6a6a32c
[0m18:53:59.970731 [debug] [Thread-2 (]: Began running node model.insurance_demo.int_claims_per_policy
[0m18:53:59.966849 [info ] [Thread-3 (]: 12 of 19 PASS relationships_stg_claims_policy_id__policy_id__ref_stg_policies_ . [[32mPASS[0m in 0.29s]
[0m18:53:59.972168 [info ] [Thread-2 (]: 15 of 19 START sql view model public.int_claims_per_policy ..................... [RUN]
[0m18:53:59.973424 [debug] [Thread-1 (]: Using postgres connection "test.insurance_demo.relationships_stg_policies_customer_id__customer_id__ref_stg_customers_.b5a40ed1d6"
[0m18:53:59.974885 [debug] [Thread-4 (]: Began executing node test.insurance_demo.unique_stg_policies_policy_id.cb33dd12e6
[0m18:53:59.976118 [debug] [Thread-3 (]: Finished running node test.insurance_demo.relationships_stg_claims_policy_id__policy_id__ref_stg_policies_.f863c76852
[0m18:53:59.976887 [debug] [Thread-2 (]: Re-using an available connection from the pool (formerly test.insurance_demo.not_null_stg_policies_policy_id.83c6a6a32c, now model.insurance_demo.int_claims_per_policy)
[0m18:53:59.978450 [debug] [Thread-1 (]: On test.insurance_demo.relationships_stg_policies_customer_id__customer_id__ref_stg_customers_.b5a40ed1d6: /* {"app": "dbt", "dbt_version": "1.12.0b3", "profile_name": "insurance_profile", "target_name": "dev", "node_id": "test.insurance_demo.relationships_stg_policies_customer_id__customer_id__ref_stg_customers_.b5a40ed1d6"} */

    
    select
      count(*) as failures,
      count(*) != 0 as should_warn,
      count(*) != 0 as should_error
    from (
      
    
  
    
    

with child as (
    select customer_id as from_field
    from "postgres"."public"."stg_policies"
    where customer_id is not null
),

parent as (
    select customer_id as to_field
    from "postgres"."public"."stg_customers"
)

select
    from_field

from child
left join parent
    on child.from_field = parent.to_field

where parent.to_field is null



  
  
      
    ) dbt_internal_test
[0m18:53:59.987565 [debug] [Thread-4 (]: Writing runtime sql for node "test.insurance_demo.unique_stg_policies_policy_id.cb33dd12e6"
[0m18:53:59.988964 [debug] [Thread-3 (]: Began running node model.insurance_demo.int_payments_per_policy
[0m18:53:59.989866 [debug] [Thread-2 (]: Began compiling node model.insurance_demo.int_claims_per_policy
[0m18:53:59.990759 [debug] [Thread-1 (]: Opening a new connection, currently in state closed
[0m18:53:59.992025 [info ] [Thread-3 (]: 16 of 19 START sql view model public.int_payments_per_policy ................... [RUN]
[0m18:54:00.000047 [debug] [Thread-3 (]: Re-using an available connection from the pool (formerly test.insurance_demo.relationships_stg_claims_policy_id__policy_id__ref_stg_policies_.f863c76852, now model.insurance_demo.int_payments_per_policy)
[0m18:54:00.001534 [debug] [Thread-3 (]: Began compiling node model.insurance_demo.int_payments_per_policy
[0m18:53:59.998738 [debug] [Thread-2 (]: Writing injected SQL for node "model.insurance_demo.int_claims_per_policy"
[0m18:54:00.000758 [debug] [Thread-4 (]: Using postgres connection "test.insurance_demo.unique_stg_policies_policy_id.cb33dd12e6"
[0m18:54:00.010938 [debug] [Thread-3 (]: Writing injected SQL for node "model.insurance_demo.int_payments_per_policy"
[0m18:54:00.013568 [debug] [Thread-4 (]: On test.insurance_demo.unique_stg_policies_policy_id.cb33dd12e6: /* {"app": "dbt", "dbt_version": "1.12.0b3", "profile_name": "insurance_profile", "target_name": "dev", "node_id": "test.insurance_demo.unique_stg_policies_policy_id.cb33dd12e6"} */

    
    select
      count(*) as failures,
      count(*) != 0 as should_warn,
      count(*) != 0 as should_error
    from (
      
    
  
    
    

select
    policy_id as unique_field,
    count(*) as n_records

from "postgres"."public"."stg_policies"
where policy_id is not null
group by policy_id
having count(*) > 1



  
  
      
    ) dbt_internal_test
[0m18:54:00.015471 [debug] [Thread-4 (]: Opening a new connection, currently in state closed
[0m18:54:00.017270 [debug] [Thread-2 (]: Began executing node model.insurance_demo.int_claims_per_policy
[0m18:54:00.027462 [debug] [Thread-2 (]: Writing runtime sql for node "model.insurance_demo.int_claims_per_policy"
[0m18:54:00.018082 [debug] [Thread-3 (]: Began executing node model.insurance_demo.int_payments_per_policy
[0m18:54:00.037677 [debug] [Thread-3 (]: Writing runtime sql for node "model.insurance_demo.int_payments_per_policy"
[0m18:54:00.040805 [debug] [Thread-2 (]: Using postgres connection "model.insurance_demo.int_claims_per_policy"
[0m18:54:00.043448 [debug] [Thread-2 (]: On model.insurance_demo.int_claims_per_policy: /* {"app": "dbt", "dbt_version": "1.12.0b3", "profile_name": "insurance_profile", "target_name": "dev", "node_id": "model.insurance_demo.int_claims_per_policy"} */

  create view "postgres"."public"."int_claims_per_policy__dbt_tmp"
    
    
  as (
    with claims as (
    select * from "postgres"."public"."stg_claims"
)

select 
    policy_id,
    count(*) as claim_count,
    sum(claim_amount) as total_claim_amount
from claims
where claim_date >= current_date - interval '12 months'
group by policy_id
  );
[0m18:54:00.042219 [debug] [Thread-3 (]: Using postgres connection "model.insurance_demo.int_payments_per_policy"
[0m18:54:00.045535 [debug] [Thread-3 (]: On model.insurance_demo.int_payments_per_policy: /* {"app": "dbt", "dbt_version": "1.12.0b3", "profile_name": "insurance_profile", "target_name": "dev", "node_id": "model.insurance_demo.int_payments_per_policy"} */

  create view "postgres"."public"."int_payments_per_policy__dbt_tmp"
    
    
  as (
    with claims as (
    select * from "postgres"."public"."stg_claims"
),
claim_payments as (
    select * from "postgres"."public"."stg_claim_payments"
)

select 
    c.policy_id,
    sum(cp.payment_amount) as total_claim_payments
from claims c 
join claim_payments cp on cp.claim_id = c.claim_id
where c.claim_date >= current_date - interval '12 months'
group by c.policy_id
  );
[0m18:54:00.044489 [debug] [Thread-2 (]: Opening a new connection, currently in state closed
[0m18:54:00.046561 [debug] [Thread-3 (]: Opening a new connection, currently in state closed
[0m18:54:00.144387 [debug] [Thread-1 (]: SQL status: SELECT 1 in 0.153 seconds
[0m18:54:00.146595 [debug] [Thread-1 (]: On test.insurance_demo.relationships_stg_policies_customer_id__customer_id__ref_stg_customers_.b5a40ed1d6: ROLLBACK
[0m18:54:00.144997 [debug] [Thread-4 (]: SQL status: SELECT 1 in 0.130 seconds
[0m18:54:00.148986 [debug] [Thread-4 (]: On test.insurance_demo.unique_stg_policies_policy_id.cb33dd12e6: ROLLBACK
[0m18:54:00.149449 [debug] [Thread-1 (]: On test.insurance_demo.relationships_stg_policies_customer_id__customer_id__ref_stg_customers_.b5a40ed1d6: Close
[0m18:54:00.174081 [debug] [Thread-4 (]: On test.insurance_demo.unique_stg_policies_policy_id.cb33dd12e6: Close
[0m18:54:00.173638 [info ] [Thread-1 (]: 13 of 19 PASS relationships_stg_policies_customer_id__customer_id__ref_stg_customers_  [[32mPASS[0m in 0.33s]
[0m18:54:00.175558 [debug] [Thread-1 (]: Finished running node test.insurance_demo.relationships_stg_policies_customer_id__customer_id__ref_stg_customers_.b5a40ed1d6
[0m18:54:00.174796 [debug] [Thread-2 (]: SQL status: CREATE VIEW in 0.130 seconds
[0m18:54:00.180490 [debug] [Thread-2 (]: Using postgres connection "model.insurance_demo.int_claims_per_policy"
[0m18:54:00.176198 [info ] [Thread-4 (]: 14 of 19 PASS unique_stg_policies_policy_id .................................... [[32mPASS[0m in 0.27s]
[0m18:54:00.176598 [debug] [Thread-3 (]: SQL status: CREATE VIEW in 0.130 seconds
[0m18:54:00.184762 [debug] [Thread-3 (]: Using postgres connection "model.insurance_demo.int_payments_per_policy"
[0m18:54:00.181870 [debug] [Thread-4 (]: Finished running node test.insurance_demo.unique_stg_policies_policy_id.cb33dd12e6
[0m18:54:00.181135 [debug] [Thread-2 (]: On model.insurance_demo.int_claims_per_policy: /* {"app": "dbt", "dbt_version": "1.12.0b3", "profile_name": "insurance_profile", "target_name": "dev", "node_id": "model.insurance_demo.int_claims_per_policy"} */
alter table "postgres"."public"."int_claims_per_policy__dbt_tmp" rename to "int_claims_per_policy"
[0m18:54:00.185288 [debug] [Thread-3 (]: On model.insurance_demo.int_payments_per_policy: /* {"app": "dbt", "dbt_version": "1.12.0b3", "profile_name": "insurance_profile", "target_name": "dev", "node_id": "model.insurance_demo.int_payments_per_policy"} */
alter table "postgres"."public"."int_payments_per_policy__dbt_tmp" rename to "int_payments_per_policy"
[0m18:54:00.186625 [debug] [Thread-2 (]: SQL status: ALTER TABLE in 0.001 seconds
[0m18:54:00.188797 [debug] [Thread-2 (]: On model.insurance_demo.int_claims_per_policy: COMMIT
[0m18:54:00.187120 [debug] [Thread-3 (]: SQL status: ALTER TABLE in 0.001 seconds
[0m18:54:00.190679 [debug] [Thread-3 (]: On model.insurance_demo.int_payments_per_policy: COMMIT
[0m18:54:00.189263 [debug] [Thread-2 (]: Using postgres connection "model.insurance_demo.int_claims_per_policy"
[0m18:54:00.191583 [debug] [Thread-2 (]: On model.insurance_demo.int_claims_per_policy: COMMIT
[0m18:54:00.191136 [debug] [Thread-3 (]: Using postgres connection "model.insurance_demo.int_payments_per_policy"
[0m18:54:00.192098 [debug] [Thread-3 (]: On model.insurance_demo.int_payments_per_policy: COMMIT
[0m18:54:00.192945 [debug] [Thread-2 (]: SQL status: COMMIT in 0.001 seconds
[0m18:54:00.195111 [debug] [Thread-2 (]: Applying DROP to: "postgres"."public"."int_claims_per_policy__dbt_backup"
[0m18:54:00.197090 [debug] [Thread-2 (]: Using postgres connection "model.insurance_demo.int_claims_per_policy"
[0m18:54:00.197510 [debug] [Thread-2 (]: On model.insurance_demo.int_claims_per_policy: /* {"app": "dbt", "dbt_version": "1.12.0b3", "profile_name": "insurance_profile", "target_name": "dev", "node_id": "model.insurance_demo.int_claims_per_policy"} */
drop view if exists "postgres"."public"."int_claims_per_policy__dbt_backup" cascade
[0m18:54:00.195766 [debug] [Thread-3 (]: SQL status: COMMIT in 0.003 seconds
[0m18:54:00.199623 [debug] [Thread-3 (]: Applying DROP to: "postgres"."public"."int_payments_per_policy__dbt_backup"
[0m18:54:00.200053 [debug] [Thread-2 (]: SQL status: DROP VIEW in 0.002 seconds
[0m18:54:00.203822 [debug] [Thread-2 (]: On model.insurance_demo.int_claims_per_policy: Close
[0m18:54:00.200808 [debug] [Thread-3 (]: Using postgres connection "model.insurance_demo.int_payments_per_policy"
[0m18:54:00.205652 [debug] [Thread-3 (]: On model.insurance_demo.int_payments_per_policy: /* {"app": "dbt", "dbt_version": "1.12.0b3", "profile_name": "insurance_profile", "target_name": "dev", "node_id": "model.insurance_demo.int_payments_per_policy"} */
drop view if exists "postgres"."public"."int_payments_per_policy__dbt_backup" cascade
[0m18:54:00.207517 [debug] [Thread-2 (]: Sending event: {'category': 'dbt', 'action': 'run_model', 'label': 'b18ed874-7b96-4300-97e3-abe1b4963004', 'context': [<snowplow_tracker.self_describing_json.SelfDescribingJson object at 0x0000017128BFFF50>]}
[0m18:54:00.211539 [debug] [Thread-3 (]: SQL status: DROP VIEW in 0.002 seconds
[0m18:54:00.216893 [debug] [Thread-3 (]: On model.insurance_demo.int_payments_per_policy: Close
[0m18:54:00.210562 [info ] [Thread-2 (]: 15 of 19 OK created sql view model public.int_claims_per_policy ................ [[32mCREATE VIEW[0m in 0.23s]
[0m18:54:00.219916 [debug] [Thread-2 (]: Finished running node model.insurance_demo.int_claims_per_policy
[0m18:54:00.221772 [debug] [Thread-3 (]: Sending event: {'category': 'dbt', 'action': 'run_model', 'label': 'b18ed874-7b96-4300-97e3-abe1b4963004', 'context': [<snowplow_tracker.self_describing_json.SelfDescribingJson object at 0x0000017128BFFE90>]}
[0m18:54:00.225150 [info ] [Thread-3 (]: 16 of 19 OK created sql view model public.int_payments_per_policy .............. [[32mCREATE VIEW[0m in 0.22s]
[0m18:54:00.227183 [debug] [Thread-3 (]: Finished running node model.insurance_demo.int_payments_per_policy
[0m18:54:00.229921 [debug] [Thread-1 (]: Began running node model.insurance_demo.claim_risk_report
[0m18:54:00.232109 [info ] [Thread-1 (]: 17 of 19 START sql table model public.claim_risk_report ........................ [RUN]
[0m18:54:00.234352 [debug] [Thread-1 (]: Re-using an available connection from the pool (formerly test.insurance_demo.relationships_stg_policies_customer_id__customer_id__ref_stg_customers_.b5a40ed1d6, now model.insurance_demo.claim_risk_report)
[0m18:54:00.236065 [debug] [Thread-1 (]: Began compiling node model.insurance_demo.claim_risk_report
[0m18:54:00.244946 [debug] [Thread-1 (]: Writing injected SQL for node "model.insurance_demo.claim_risk_report"
[0m18:54:00.246965 [debug] [Thread-1 (]: Began executing node model.insurance_demo.claim_risk_report
[0m18:54:00.316779 [debug] [Thread-1 (]: Writing runtime sql for node "model.insurance_demo.claim_risk_report"
[0m18:54:00.322348 [debug] [Thread-1 (]: Using postgres connection "model.insurance_demo.claim_risk_report"
[0m18:54:00.323503 [debug] [Thread-1 (]: On model.insurance_demo.claim_risk_report: /* {"app": "dbt", "dbt_version": "1.12.0b3", "profile_name": "insurance_profile", "target_name": "dev", "node_id": "model.insurance_demo.claim_risk_report"} */

  
    

  create  table "postgres"."public"."claim_risk_report__dbt_tmp"
  
  
    as
  
  (
    with policies as (
    select * from "postgres"."public"."stg_policies"
),
customers as (
    select * from "postgres"."public"."stg_customers"
),
agents as (
    select * from "postgres"."public"."stg_agents"
),
policy_types as (
    select * from "postgres"."public"."stg_policy_types"
),
claims_agg as (
    select * from "postgres"."public"."int_claims_per_policy"
),
pay_agg as (
    select * from "postgres"."public"."int_payments_per_policy"
),
report as (
    select 
        cu.customer_name,
        cu.city,
        pt.policy_type_name as policy_type,
        ag.agent_name,
        p.premium as total_premium_collected,
        ca.total_claim_amount,
        coalesce(pa.total_claim_payments, 0) as total_claim_payments,
        ca.claim_count,
        round(coalesce(pa.total_claim_payments, 0) * 100.0 / nullif(p.premium, 0), 2) as claim_ratio
    from policies p
    join customers cu on cu.customer_id = p.customer_id
    join agents ag on ag.agent_id = p.agent_id
    join policy_types pt on pt.policy_type_id = p.policy_type_id
    join claims_agg ca on ca.policy_id = p.policy_id
    left join pay_agg pa on pa.policy_id = p.policy_id
    where ca.claim_count >= 2
)

select 
    customer_name,
    city,
    policy_type,
    agent_name,
    total_premium_collected,
    total_claim_amount,
    total_claim_payments,
    claim_ratio,
    case
        when claim_ratio > 80 then 'High Risk'
        when claim_ratio >= 40 then 'Medium Risk'
        else 'Low Risk'
    end as risk_category,
    rank() over(partition by city order by claim_ratio desc) as rank_in_city
from report
order by city, rank_in_city
  );
  
[0m18:54:00.324526 [debug] [Thread-1 (]: Opening a new connection, currently in state closed
[0m18:54:00.457171 [debug] [Thread-1 (]: SQL status: SELECT 50 in 0.132 seconds
[0m18:54:00.474424 [debug] [Thread-1 (]: Using postgres connection "model.insurance_demo.claim_risk_report"
[0m18:54:00.475009 [debug] [Thread-1 (]: On model.insurance_demo.claim_risk_report: /* {"app": "dbt", "dbt_version": "1.12.0b3", "profile_name": "insurance_profile", "target_name": "dev", "node_id": "model.insurance_demo.claim_risk_report"} */
alter table "postgres"."public"."claim_risk_report" rename to "claim_risk_report__dbt_backup"
[0m18:54:00.477275 [debug] [Thread-1 (]: SQL status: ALTER TABLE in 0.001 seconds
[0m18:54:00.484799 [debug] [Thread-1 (]: Using postgres connection "model.insurance_demo.claim_risk_report"
[0m18:54:00.485931 [debug] [Thread-1 (]: On model.insurance_demo.claim_risk_report: /* {"app": "dbt", "dbt_version": "1.12.0b3", "profile_name": "insurance_profile", "target_name": "dev", "node_id": "model.insurance_demo.claim_risk_report"} */
alter table "postgres"."public"."claim_risk_report__dbt_tmp" rename to "claim_risk_report"
[0m18:54:00.489500 [debug] [Thread-1 (]: SQL status: ALTER TABLE in 0.002 seconds
[0m18:54:00.494379 [debug] [Thread-1 (]: On model.insurance_demo.claim_risk_report: COMMIT
[0m18:54:00.495689 [debug] [Thread-1 (]: Using postgres connection "model.insurance_demo.claim_risk_report"
[0m18:54:00.496596 [debug] [Thread-1 (]: On model.insurance_demo.claim_risk_report: COMMIT
[0m18:54:00.525335 [debug] [Thread-1 (]: SQL status: COMMIT in 0.028 seconds
[0m18:54:00.530329 [debug] [Thread-1 (]: Applying DROP to: "postgres"."public"."claim_risk_report__dbt_backup"
[0m18:54:00.537069 [debug] [Thread-1 (]: Using postgres connection "model.insurance_demo.claim_risk_report"
[0m18:54:00.537950 [debug] [Thread-1 (]: On model.insurance_demo.claim_risk_report: /* {"app": "dbt", "dbt_version": "1.12.0b3", "profile_name": "insurance_profile", "target_name": "dev", "node_id": "model.insurance_demo.claim_risk_report"} */
drop table if exists "postgres"."public"."claim_risk_report__dbt_backup" cascade
[0m18:54:00.551597 [debug] [Thread-1 (]: SQL status: DROP TABLE in 0.012 seconds
[0m18:54:00.555578 [debug] [Thread-1 (]: On model.insurance_demo.claim_risk_report: Close
[0m18:54:00.556790 [debug] [Thread-1 (]: Sending event: {'category': 'dbt', 'action': 'run_model', 'label': 'b18ed874-7b96-4300-97e3-abe1b4963004', 'context': [<snowplow_tracker.self_describing_json.SelfDescribingJson object at 0x0000017128BFE7B0>]}
[0m18:54:00.557622 [info ] [Thread-1 (]: 17 of 19 OK created sql table model public.claim_risk_report ................... [[32mSELECT 50[0m in 0.32s]
[0m18:54:00.558646 [debug] [Thread-1 (]: Finished running node model.insurance_demo.claim_risk_report
[0m18:54:00.560415 [debug] [Thread-2 (]: Began running node test.insurance_demo.not_null_claim_risk_report_risk_category.a715a78e61
[0m18:54:00.562578 [info ] [Thread-2 (]: 19 of 19 START test not_null_claim_risk_report_risk_category ................... [RUN]
[0m18:54:00.561109 [debug] [Thread-4 (]: Began running node test.insurance_demo.accepted_values_claim_risk_report_risk_category__High_Risk__Medium_Risk__Low_Risk.5d4ee805c9
[0m18:54:00.566378 [info ] [Thread-4 (]: 18 of 19 START test accepted_values_claim_risk_report_risk_category__High_Risk__Medium_Risk__Low_Risk  [RUN]
[0m18:54:00.567012 [debug] [Thread-4 (]: Re-using an available connection from the pool (formerly test.insurance_demo.unique_stg_policies_policy_id.cb33dd12e6, now test.insurance_demo.accepted_values_claim_risk_report_risk_category__High_Risk__Medium_Risk__Low_Risk.5d4ee805c9)
[0m18:54:00.564901 [debug] [Thread-2 (]: Re-using an available connection from the pool (formerly model.insurance_demo.int_claims_per_policy, now test.insurance_demo.not_null_claim_risk_report_risk_category.a715a78e61)
[0m18:54:00.568103 [debug] [Thread-2 (]: Began compiling node test.insurance_demo.not_null_claim_risk_report_risk_category.a715a78e61
[0m18:54:00.567546 [debug] [Thread-4 (]: Began compiling node test.insurance_demo.accepted_values_claim_risk_report_risk_category__High_Risk__Medium_Risk__Low_Risk.5d4ee805c9
[0m18:54:00.576885 [debug] [Thread-2 (]: Writing injected SQL for node "test.insurance_demo.not_null_claim_risk_report_risk_category.a715a78e61"
[0m18:54:00.600784 [debug] [Thread-4 (]: Writing injected SQL for node "test.insurance_demo.accepted_values_claim_risk_report_risk_category__High_Risk__Medium_Risk__Low_Risk.5d4ee805c9"
[0m18:54:00.604968 [debug] [Thread-2 (]: Began executing node test.insurance_demo.not_null_claim_risk_report_risk_category.a715a78e61
[0m18:54:00.609945 [debug] [Thread-2 (]: Writing runtime sql for node "test.insurance_demo.not_null_claim_risk_report_risk_category.a715a78e61"
[0m18:54:00.605530 [debug] [Thread-4 (]: Began executing node test.insurance_demo.accepted_values_claim_risk_report_risk_category__High_Risk__Medium_Risk__Low_Risk.5d4ee805c9
[0m18:54:00.616845 [debug] [Thread-4 (]: Writing runtime sql for node "test.insurance_demo.accepted_values_claim_risk_report_risk_category__High_Risk__Medium_Risk__Low_Risk.5d4ee805c9"
[0m18:54:00.620599 [debug] [Thread-2 (]: Using postgres connection "test.insurance_demo.not_null_claim_risk_report_risk_category.a715a78e61"
[0m18:54:00.622176 [debug] [Thread-2 (]: On test.insurance_demo.not_null_claim_risk_report_risk_category.a715a78e61: /* {"app": "dbt", "dbt_version": "1.12.0b3", "profile_name": "insurance_profile", "target_name": "dev", "node_id": "test.insurance_demo.not_null_claim_risk_report_risk_category.a715a78e61"} */

    
    select
      count(*) as failures,
      count(*) != 0 as should_warn,
      count(*) != 0 as should_error
    from (
      
    
  
    
    



select risk_category
from "postgres"."public"."claim_risk_report"
where risk_category is null



  
  
      
    ) dbt_internal_test
[0m18:54:00.625567 [debug] [Thread-2 (]: Opening a new connection, currently in state closed
[0m18:54:00.624078 [debug] [Thread-4 (]: Using postgres connection "test.insurance_demo.accepted_values_claim_risk_report_risk_category__High_Risk__Medium_Risk__Low_Risk.5d4ee805c9"
[0m18:54:00.627635 [debug] [Thread-4 (]: On test.insurance_demo.accepted_values_claim_risk_report_risk_category__High_Risk__Medium_Risk__Low_Risk.5d4ee805c9: /* {"app": "dbt", "dbt_version": "1.12.0b3", "profile_name": "insurance_profile", "target_name": "dev", "node_id": "test.insurance_demo.accepted_values_claim_risk_report_risk_category__High_Risk__Medium_Risk__Low_Risk.5d4ee805c9"} */

    
    select
      count(*) as failures,
      count(*) != 0 as should_warn,
      count(*) != 0 as should_error
    from (
      
    
  
    
    

with all_values as (

    select
        risk_category as value_field,
        count(*) as n_records

    from "postgres"."public"."claim_risk_report"
    group by risk_category

)

select *
from all_values
where value_field not in (
    'High Risk','Medium Risk','Low Risk'
)



  
  
      
    ) dbt_internal_test
[0m18:54:00.628496 [debug] [Thread-4 (]: Opening a new connection, currently in state closed
[0m18:54:00.733999 [debug] [Thread-2 (]: SQL status: SELECT 1 in 0.109 seconds
[0m18:54:00.735481 [debug] [Thread-2 (]: On test.insurance_demo.not_null_claim_risk_report_risk_category.a715a78e61: ROLLBACK
[0m18:54:00.736611 [debug] [Thread-2 (]: On test.insurance_demo.not_null_claim_risk_report_risk_category.a715a78e61: Close
[0m18:54:00.737430 [info ] [Thread-2 (]: 19 of 19 PASS not_null_claim_risk_report_risk_category ......................... [[32mPASS[0m in 0.17s]
[0m18:54:00.738484 [debug] [Thread-2 (]: Finished running node test.insurance_demo.not_null_claim_risk_report_risk_category.a715a78e61
[0m18:54:00.746200 [debug] [Thread-4 (]: SQL status: SELECT 1 in 0.118 seconds
[0m18:54:00.747577 [debug] [Thread-4 (]: On test.insurance_demo.accepted_values_claim_risk_report_risk_category__High_Risk__Medium_Risk__Low_Risk.5d4ee805c9: ROLLBACK
[0m18:54:00.748414 [debug] [Thread-4 (]: On test.insurance_demo.accepted_values_claim_risk_report_risk_category__High_Risk__Medium_Risk__Low_Risk.5d4ee805c9: Close
[0m18:54:00.749195 [info ] [Thread-4 (]: 18 of 19 PASS accepted_values_claim_risk_report_risk_category__High_Risk__Medium_Risk__Low_Risk  [[32mPASS[0m in 0.18s]
[0m18:54:00.749842 [debug] [Thread-4 (]: Finished running node test.insurance_demo.accepted_values_claim_risk_report_risk_category__High_Risk__Medium_Risk__Low_Risk.5d4ee805c9
[0m18:54:00.753167 [debug] [MainThread]: On master: COMMIT
[0m18:54:00.754697 [debug] [MainThread]: Using postgres connection "master"
[0m18:54:00.755549 [debug] [MainThread]: On master: COMMIT
[0m18:54:00.756276 [debug] [MainThread]: Opening a new connection, currently in state closed
[0m18:54:00.890334 [debug] [MainThread]: SQL status: COMMIT in 0.134 seconds
[0m18:54:00.891229 [debug] [MainThread]: On master: Close
[0m18:54:00.891928 [debug] [MainThread]: Connection 'master' was properly closed.
[0m18:54:00.892454 [debug] [MainThread]: Connection 'list_postgres' was properly closed.
[0m18:54:00.892823 [debug] [MainThread]: Connection 'list_postgres_public' was properly closed.
[0m18:54:00.893177 [debug] [MainThread]: Connection 'test.insurance_demo.not_null_claim_risk_report_risk_category.a715a78e61' was properly closed.
[0m18:54:00.893496 [debug] [MainThread]: Connection 'model.insurance_demo.claim_risk_report' was properly closed.
[0m18:54:00.893844 [debug] [MainThread]: Connection 'test.insurance_demo.accepted_values_claim_risk_report_risk_category__High_Risk__Medium_Risk__Low_Risk.5d4ee805c9' was properly closed.
[0m18:54:00.894189 [debug] [MainThread]: Connection 'model.insurance_demo.int_payments_per_policy' was properly closed.
[0m18:54:00.894937 [info ] [MainThread]: 
[0m18:54:00.895531 [info ] [MainThread]: Finished running 1 table model, 10 data tests, 8 view models in 0 hours 0 minutes and 4.58 seconds (4.58s).
[0m18:54:00.900690 [debug] [MainThread]: Command end result
[0m18:54:00.932664 [debug] [MainThread]: Wrote artifact WritableManifest to C:\Users\User\Downloads\dbt_insurance_demo\target\manifest.json
[0m18:54:00.937507 [debug] [MainThread]: Wrote artifact SemanticManifest to C:\Users\User\Downloads\dbt_insurance_demo\target\semantic_manifest.json
[0m18:54:00.946909 [debug] [MainThread]: Wrote artifact OsiDocument to C:\Users\User\Downloads\dbt_insurance_demo\target\osi_document.json
[0m18:54:00.958974 [debug] [MainThread]: Wrote artifact RunExecutionResult to C:\Users\User\Downloads\dbt_insurance_demo\target\run_results.json
[0m18:54:00.959674 [info ] [MainThread]: 
[0m18:54:00.960289 [info ] [MainThread]: [32mCompleted successfully[0m
[0m18:54:00.960752 [info ] [MainThread]: 
[0m18:54:00.961236 [info ] [MainThread]: Done. PASS=19 WARN=0 ERROR=0 SKIP=0 NO-OP=0 REUSED=0 TOTAL=19
[0m18:54:00.962340 [debug] [MainThread]: Command `dbt build` succeeded at 18:54:00.962188 after 8.75 seconds
[0m18:54:00.962891 [debug] [MainThread]: Sending event: {'category': 'dbt', 'action': 'invocation', 'label': 'end', 'context': [<snowplow_tracker.self_describing_json.SelfDescribingJson object at 0x00000171283528D0>, <snowplow_tracker.self_describing_json.SelfDescribingJson object at 0x00000171252690D0>, <snowplow_tracker.self_describing_json.SelfDescribingJson object at 0x0000017128E5E3F0>]}
[0m18:54:00.963401 [debug] [MainThread]: Flushing usage events
[0m18:54:02.981401 [debug] [MainThread]: An error was encountered while trying to flush usage events
